week_start,Ampara,Anuradhapura,Badulla,Batticaloa,Colombo,Galle,Gampaha,Hambantota,Jaffna,Kalutara,Kandy,Kegalle,Kilinochchi,Kurunegala,Mannar,Matale,Matara,Moneragala,Mullaitivu,NuwaraEliya,Polonnaruwa,Puttalam,Ratnapura,Trincomalee,Vavuniya,missing
2013-05-15,1.0,3.0,11.0,15.0,41.0,30.0,38.0,4.0,8.0,32.0,54.0,22.0,0.0,30.0,0.0,7.0,12.0,3.0,0.0,2.0,4.0,18.0,35.0,1.0,2.0,0
2013-06-22,0.0,6.0,10.0,7.0,231.0,12.0,79.0,7.0,6.0,28.0,33.0,14.0,3.0,47.0,1.0,7.0,10.0,6.0,1.0,2.0,1.0,15.0,23.0,0.0,0.0,0
2013-06-29,4.0,4.0,16.0,9.0,232.0,22.0,98.0,8.0,5.0,36.0,60.0,30.0,0.0,37.0,1.0,8.0,15.0,6.0,0.0,4.0,4.0,12.0,24.0,1.0,1.0,0
2013-07-06,,,,,,,,,,,,,,,,,,,,,,,,,,1
2013-07-13,3.0,2.0,4.0,5.0,184.0,8.0,73.0,5.0,6.0,36.0,39.0,18.0,0.0,35.0,0.0,5.0,5.0,9.0,0.0,9.0,12.0,11.0,34.0,1.0,0.0,0
2013-07-20,2.0,8.0,13.0,6.0,293.0,30.0,97.0,7.0,7.0,38.0,43.0,17.0,0.0,24.0,0.0,7.0,26.0,4.0,4.0,5.0,9.0,6.0,33.0,5.0,2.0,0
2013-07-27,5.0,6.0,8.0,8.0,154.0,9.0,83.0,7.0,11.0,36.0,34.0,22.0,0.0,17.0,0.0,13.0,11.0,2.0,1.0,12.0,11.0,3.0,20.0,3.0,1.0,0
2013-08-03,4.0,3.0,7.0,4.0,180.0,16.0,39.0,6.0,9.0,37.0,42.0,25.0,6.0,25.0,0.0,6.0,6.0,2.0,3.0,6.0,12.0,14.0,25.0,0.0,1.0,0
2013-08-10,1.0,7.0,9.0,2.0,144.0,19.0,69.0,9.0,7.0,45.0,45.0,49.0,0.0,21.0,0.0,14.0,5.0,4.0,1.0,3.0,17.0,16.0,18.0,1.0,0.0,0
2013-08-17,4.0,3.0,4.0,1.0,219.0,9.0,60.0,4.0,9.0,15.0,36.0,16.0,0.0,25.0,0.0,8.0,5.0,3.0,0.0,5.0,11.0,9.0,20.0,7.0,0.0,0
2013-08-24,1.0,4.0,15.0,6.0,132.0,21.0,85.0,7.0,4.0,37.0,24.0,12.0,3.0,26.0,2.0,5.0,5.0,2.0,1.0,8.0,2.0,11.0,23.0,2.0,0.0,0
2013-08-31,0.0,10.0,7.0,7.0,109.0,13.0,55.0,5.0,10.0,41.0,30.0,15.0,2.0,36.0,1.0,6.0,7.0,3.0,0.0,0.0,19.0,12.0,17.0,1.0,0.0,0
2013-09-07,10.0,4.0,5.0,0.0,55.0,16.0,53.0,9.0,10.0,31.0,25.0,16.0,0.0,24.0,0.0,4.0,8.0,2.0,0.0,1.0,9.0,9.0,20.0,1.0,0.0,0
2013-09-14,5.0,4.0,8.0,4.0,131.0,24.0,43.0,2.0,8.0,26.0,20.0,9.0,1.0,10.0,1.0,4.0,4.0,4.0,0.0,7.0,6.0,6.0,10.0,1.0,0.0,0
2013-09-21,8.0,13.0,6.0,3.0,108.0,16.0,50.0,4.0,7.0,25.0,16.0,11.0,1.0,31.0,2.0,11.0,7.0,5.0,0.0,4.0,6.0,7.0,18.0,1.0,2.0,0
2013-09-28,8.0,8.0,4.0,8.0,112.0,17.0,40.0,8.0,5.0,7.0,18.0,8.0,0.0,27.0,0.0,6.0,7.0,3.0,0.0,6.0,2.0,6.0,9.0,1.0,0.0,0
2013-10-05,2.0,5.0,5.0,5.0,57.0,4.0,53.0,2.0,9.0,14.0,7.0,13.0,0.0,22.0,0.0,0.0,4.0,2.0,3.0,2.0,10.0,5.0,5.0,0.0,1.0,0
2013-10-12,0.0,2.0,5.0,3.0,48.0,3.0,40.0,0.0,9.0,22.0,11.0,16.0,1.0,15.0,0.0,4.0,3.0,5.0,2.0,2.0,2.0,2.0,4.0,0.0,1.0,0
2013-10-19,2.0,8.0,7.0,1.0,164.0,6.0,49.0,7.0,19.0,22.0,17.0,34.0,0.0,21.0,2.0,3.0,5.0,5.0,0.0,4.0,12.0,6.0,19.0,3.0,1.0,0
2013-10-26,7.0,4.0,6.0,2.0,145.0,1.0,59.0,0.0,10.0,20.0,9.0,17.0,0.0,9.0,0.0,1.0,4.0,1.0,0.0,2.0,5.0,3.0,5.0,0.0,0.0,0
2013-11-02,7.0,4.0,6.0,2.0,177.0,13.0,62.0,4.0,11.0,23.0,25.0,16.0,0.0,13.0,0.0,10.0,6.0,4.0,0.0,2.0,11.0,10.0,7.0,1.0,0.0,0
2013-11-09,2.0,4.0,6.0,0.0,139.0,14.0,44.0,4.0,7.0,24.0,16.0,19.0,1.0,21.0,0.0,7.0,7.0,2.0,1.0,4.0,9.0,13.0,9.0,0.0,0.0,0
2013-11-16,1.0,1.0,10.0,4.0,123.0,16.0,36.0,5.0,10.0,34.0,17.0,27.0,0.0,17.0,0.0,2.0,10.0,4.0,2.0,5.0,8.0,7.0,18.0,4.0,1.0,0
2013-11-23,3.0,3.0,4.0,3.0,215.0,10.0,110.0,4.0,12.0,36.0,12.0,20.0,0.0,27.0,0.0,8.0,3.0,1.0,1.0,3.0,3.0,7.0,10.0,1.0,1.0,0
2013-11-30,3.0,9.0,7.0,6.0,254.0,10.0,40.0,2.0,25.0,37.0,9.0,12.0,0.0,21.0,0.0,11.0,11.0,4.0,0.0,9.0,10.0,8.0,7.0,0.0,0.0,0
2013-12-07,1.0,13.0,3.0,4.0,256.0,13.0,44.0,7.0,26.0,32.0,28.0,24.0,0.0,24.0,0.0,3.0,10.0,2.0,0.0,5.0,6.0,16.0,4.0,0.0,0.0,0
2013-12-14,5.0,11.0,5.0,9.0,249.0,29.0,23.0,6.0,19.0,49.0,18.0,22.0,1.0,15.0,0.0,4.0,10.0,0.0,0.0,6.0,11.0,10.0,8.0,1.0,3.0,0
2013-12-21,13.0,14.0,9.0,2.0,329.0,27.0,44.0,5.0,34.0,19.0,22.0,18.0,0.0,17.0,1.0,10.0,6.0,3.0,0.0,2.0,7.0,15.0,10.0,5.0,1.0,0
2013-12-28,0.0,3.0,11.0,5.0,244.0,17.0,103.0,13.0,43.0,48.0,16.0,18.0,1.0,25.0,1.0,8.0,10.0,5.0,3.0,8.0,9.0,22.0,12.0,3.0,1.0,0
2014-01-04,0.0,7.0,9.0,6.0,193.0,25.0,68.0,10.0,23.0,55.0,19.0,21.0,2.0,27.0,1.0,3.0,12.0,3.0,3.0,9.0,5.0,9.0,8.0,11.0,1.0,0
2014-01-11,0.0,13.0,3.0,4.0,299.0,19.0,87.0,5.0,10.0,42.0,9.0,9.0,0.0,22.0,0.0,4.0,9.0,5.0,3.0,1.0,17.0,16.0,17.0,8.0,2.0,0
2014-01-18,9.0,15.0,10.0,10.0,200.0,17.0,81.0,5.0,31.0,49.0,13.0,17.0,0.0,28.0,0.0,5.0,12.0,2.0,1.0,3.0,4.0,19.0,15.0,13.0,0.0,0
2014-01-25,,,,,,,,,,,,,,,,,,,,,,,,,,1
2014-02-01,2.0,12.0,12.0,11.0,118.0,11.0,55.0,6.0,15.0,35.0,7.0,10.0,3.0,29.0,0.0,3.0,8.0,8.0,5.0,1.0,0.0,16.0,10.0,11.0,0.0,0
2014-02-08,1.0,6.0,9.0,11.0,143.0,1.0,52.0,5.0,27.0,31.0,13.0,14.0,0.0,28.0,0.0,5.0,12.0,2.0,3.0,2.0,0.0,4.0,11.0,4.0,1.0,0
2014-02-15,4.0,7.0,14.0,15.0,182.0,1.0,64.0,11.0,25.0,37.0,10.0,15.0,1.0,16.0,1.0,5.0,8.0,8.0,0.0,6.0,0.0,2.0,4.0,5.0,5.0,0
2014-02-22,5.0,7.0,3.0,13.0,136.0,8.0,34.0,4.0,23.0,19.0,8.0,11.0,1.0,14.0,0.0,8.0,3.0,1.0,0.0,4.0,0.0,4.0,2.0,15.0,1.0,0
2014-03-01,1.0,8.0,16.0,22.0,144.0,3.0,46.0,3.0,4.0,32.0,4.0,9.0,1.0,20.0,0.0,2.0,6.0,4.0,0.0,1.0,0.0,5.0,11.0,24.0,2.0,0
2014-03-08,2.0,4.0,2.0,24.0,69.0,12.0,34.0,3.0,12.0,23.0,13.0,8.0,0.0,14.0,0.0,3.0,1.0,8.0,3.0,2.0,0.0,3.0,9.0,8.0,1.0,0
2014-03-15,1.0,6.0,9.0,47.0,128.0,18.0,43.0,2.0,14.0,22.0,9.0,12.0,1.0,22.0,0.0,7.0,3.0,7.0,6.0,2.0,0.0,2.0,5.0,2.0,0.0,0
2014-03-22,1.0,4.0,4.0,39.0,60.0,3.0,8.0,2.0,7.0,18.0,9.0,8.0,0.0,11.0,0.0,4.0,1.0,2.0,0.0,1.0,0.0,6.0,4.0,27.0,0.0,0
2014-03-29,0.0,5.0,4.0,22.0,71.0,6.0,47.0,11.0,16.0,18.0,8.0,7.0,0.0,15.0,0.0,1.0,3.0,3.0,0.0,2.0,0.0,1.0,3.0,22.0,0.0,0
2014-04-05,0.0,1.0,1.0,4.0,52.0,5.0,16.0,2.0,7.0,12.0,6.0,7.0,0.0,1.0,0.0,1.0,6.0,0.0,0.0,2.0,0.0,4.0,1.0,0.0,0.0,0
2014-04-12,2.0,4.0,0.0,16.0,42.0,2.0,12.0,0.0,6.0,9.0,3.0,3.0,0.0,6.0,0.0,1.0,0.0,2.0,0.0,2.0,0.0,4.0,0.0,40.0,0.0,0
2014-04-19,6.0,8.0,2.0,24.0,159.0,8.0,29.0,2.0,15.0,47.0,17.0,24.0,0.0,7.0,0.0,4.0,4.0,1.0,0.0,5.0,0.0,10.0,12.0,26.0,0.0,0
2014-04-26,2.0,1.0,2.0,25.0,115.0,11.0,84.0,4.0,12.0,21.0,11.0,17.0,0.0,6.0,0.0,1.0,3.0,0.0,0.0,4.0,0.0,1.0,5.0,26.0,0.0,0
2014-05-03,1.0,1.0,1.0,16.0,146.0,13.0,31.0,1.0,11.0,21.0,5.0,16.0,0.0,7.0,0.0,2.0,8.0,1.0,0.0,3.0,0.0,0.0,6.0,16.0,0.0,0
2014-05-10,1.0,0.0,4.0,24.0,154.0,7.0,35.0,5.0,16.0,25.0,4.0,22.0,0.0,8.0,0.0,2.0,1.0,1.0,0.0,4.0,0.0,1.0,15.0,10.0,0.0,0
2014-05-17,0.0,1.0,7.0,17.0,329.0,20.0,113.0,2.0,7.0,37.0,34.0,41.0,0.0,14.0,0.0,2.0,6.0,4.0,0.0,2.0,0.0,7.0,38.0,15.0,0.0,0
2014-05-24,3.0,3.0,20.0,26.0,442.0,11.0,167.0,11.0,19.0,101.0,44.0,54.0,0.0,14.0,0.0,4.0,4.0,0.0,0.0,5.0,0.0,14.0,93.0,8.0,2.0,0
2014-05-31,6.0,6.0,10.0,16.0,464.0,15.0,36.0,20.0,16.0,37.0,42.0,43.0,0.0,46.0,0.0,7.0,8.0,9.0,0.0,11.0,0.0,11.0,135.0,7.0,7.0,0
2014-06-07,1.0,2.0,23.0,20.0,381.0,36.0,98.0,20.0,17.0,70.0,35.0,70.0,0.0,51.0,1.0,10.0,20.0,8.0,2.0,9.0,0.0,11.0,219.0,16.0,12.0,0
2014-06-14,1.0,6.0,16.0,30.0,443.0,35.0,193.0,19.0,26.0,101.0,75.0,86.0,1.0,66.0,2.0,34.0,21.0,5.0,3.0,14.0,0.0,10.0,234.0,13.0,11.0,0
2014-06-21,6.0,20.0,9.0,11.0,491.0,36.0,296.0,41.0,22.0,97.0,39.0,56.0,0.0,86.0,8.0,14.0,14.0,6.0,0.0,6.0,4.0,38.0,136.0,7.0,3.0,0
2014-06-28,2.0,10.0,8.0,19.0,426.0,37.0,114.0,12.0,52.0,93.0,37.0,55.0,2.0,66.0,4.0,15.0,32.0,2.0,1.0,4.0,4.0,24.0,98.0,6.0,5.0,0
2014-07-05,2.0,13.0,31.0,15.0,440.0,33.0,205.0,64.0,29.0,78.0,49.0,52.0,0.0,77.0,2.0,19.0,23.0,9.0,3.0,5.0,12.0,25.0,64.0,7.0,2.0,0
2014-07-12,1.0,8.0,8.0,12.0,371.0,46.0,91.0,18.0,33.0,84.0,63.0,42.0,1.0,66.0,4.0,14.0,25.0,12.0,0.0,14.0,16.0,14.0,89.0,10.0,8.0,0
2014-07-19,4.0,15.0,14.0,10.0,203.0,35.0,102.0,20.0,19.0,66.0,48.0,37.0,4.0,70.0,3.0,15.0,28.0,9.0,1.0,11.0,10.0,11.0,30.0,0.0,0.0,0
2014-07-26,2.0,10.0,10.0,6.0,209.0,8.0,80.0,5.0,25.0,42.0,36.0,33.0,1.0,60.0,2.0,7.0,19.0,6.0,2.0,3.0,8.0,9.0,60.0,5.0,0.0,0
2014-08-02,1.0,5.0,11.0,4.0,246.0,4.0,54.0,7.0,29.0,53.0,55.0,55.0,2.0,54.0,1.0,16.0,20.0,2.0,1.0,3.0,1.0,8.0,58.0,4.0,2.0,0
2014-08-09,4.0,2.0,22.0,5.0,184.0,0.0,67.0,14.0,28.0,38.0,50.0,50.0,0.0,70.0,0.0,7.0,17.0,7.0,1.0,11.0,6.0,5.0,59.0,2.0,1.0,0
2014-08-16,3.0,4.0,16.0,9.0,161.0,0.0,146.0,3.0,27.0,43.0,48.0,34.0,0.0,48.0,3.0,4.0,17.0,8.0,2.0,11.0,2.0,2.0,42.0,0.0,1.0,0
2014-08-23,2.0,4.0,13.0,1.0,120.0,0.0,86.0,5.0,14.0,42.0,54.0,21.0,0.0,24.0,3.0,8.0,13.0,6.0,0.0,3.0,3.0,11.0,49.0,0.0,1.0,0
2014-08-30,0.0,4.0,8.0,4.0,110.0,0.0,68.0,11.0,28.0,37.0,40.0,5.0,1.0,24.0,6.0,6.0,21.0,6.0,0.0,2.0,11.0,6.0,7.0,0.0,1.0,0
2014-09-06,0.0,7.0,18.0,2.0,147.0,10.0,78.0,6.0,27.0,30.0,46.0,16.0,0.0,32.0,0.0,4.0,19.0,3.0,1.0,3.0,8.0,9.0,14.0,5.0,1.0,0
2014-09-13,2.0,3.0,17.0,3.0,158.0,3.0,67.0,5.0,19.0,29.0,36.0,21.0,3.0,51.0,0.0,11.0,26.0,5.0,2.0,7.0,2.0,11.0,37.0,3.0,1.0,0
2014-09-20,1.0,6.0,29.0,4.0,158.0,13.0,85.0,7.0,18.0,34.0,40.0,17.0,0.0,60.0,14.0,5.0,27.0,4.0,2.0,5.0,4.0,5.0,12.0,3.0,1.0,0
2014-09-27,0.0,1.0,20.0,4.0,149.0,7.0,115.0,4.0,29.0,27.0,39.0,10.0,0.0,42.0,11.0,6.0,29.0,7.0,0.0,2.0,6.0,4.0,29.0,2.0,0.0,0
2014-10-04,2.0,8.0,7.0,7.0,156.0,16.0,97.0,7.0,35.0,29.0,48.0,13.0,0.0,62.0,12.0,14.0,19.0,6.0,2.0,5.0,7.0,11.0,8.0,1.0,2.0,0
2014-10-11,1.0,9.0,21.0,7.0,176.0,5.0,119.0,5.0,50.0,36.0,60.0,12.0,1.0,32.0,15.0,11.0,32.0,3.0,0.0,6.0,10.0,11.0,45.0,3.0,0.0,0
2014-10-18,2.0,8.0,29.0,3.0,211.0,25.0,119.0,18.0,33.0,32.0,68.0,19.0,0.0,67.0,12.0,20.0,19.0,2.0,0.0,6.0,2.0,14.0,21.0,1.0,0.0,0
2014-10-25,2.0,10.0,29.0,10.0,175.0,29.0,31.0,13.0,65.0,23.0,48.0,40.0,1.0,46.0,16.0,24.0,30.0,6.0,3.0,5.0,3.0,25.0,31.0,5.0,0.0,0
2014-11-01,2.0,4.0,39.0,6.0,296.0,11.0,179.0,5.0,48.0,46.0,72.0,35.0,0.0,53.0,0.0,18.0,9.0,12.0,3.0,4.0,6.0,17.0,14.0,6.0,4.0,0
2014-11-08,6.0,18.0,73.0,20.0,343.0,20.0,126.0,8.0,80.0,40.0,114.0,15.0,0.0,67.0,17.0,5.0,23.0,11.0,6.0,21.0,10.0,43.0,24.0,10.0,0.0,0
2014-11-15,3.0,10.0,35.0,34.0,301.0,14.0,123.0,14.0,83.0,39.0,118.0,38.0,4.0,75.0,37.0,15.0,18.0,13.0,2.0,5.0,20.0,33.0,36.0,13.0,5.0,0
2014-11-22,2.0,14.0,68.0,30.0,428.0,17.0,150.0,6.0,100.0,40.0,60.0,17.0,2.0,90.0,36.0,19.0,20.0,8.0,4.0,4.0,8.0,39.0,18.0,15.0,5.0,0
2014-11-29,3.0,14.0,51.0,39.0,320.0,13.0,117.0,16.0,93.0,36.0,114.0,10.0,1.0,78.0,22.0,22.0,20.0,2.0,10.0,9.0,15.0,29.0,11.0,22.0,3.0,0
2014-12-06,1.0,23.0,11.0,39.0,326.0,13.0,68.0,11.0,114.0,60.0,73.0,15.0,2.0,55.0,6.0,30.0,24.0,11.0,6.0,5.0,10.0,27.0,14.0,19.0,7.0,0
2014-12-13,0.0,18.0,42.0,34.0,344.0,30.0,83.0,12.0,104.0,39.0,60.0,22.0,0.0,51.0,2.0,15.0,12.0,3.0,4.0,9.0,0.0,5.0,15.0,4.0,2.0,0
2014-12-20,1.0,22.0,54.0,50.0,311.0,30.0,160.0,12.0,105.0,31.0,94.0,19.0,5.0,43.0,18.0,23.0,14.0,2.0,1.0,7.0,6.0,41.0,20.0,17.0,3.0,0
2014-12-27,2.0,15.0,41.0,31.0,259.0,25.0,73.0,6.0,152.0,79.0,37.0,16.0,3.0,63.0,3.0,20.0,19.0,8.0,5.0,6.0,3.0,35.0,11.0,16.0,2.0,0
2015-01-03,1.0,12.0,2.0,20.0,194.0,7.0,50.0,5.0,114.0,33.0,20.0,14.0,0.0,18.0,0.0,9.0,8.0,4.0,8.0,2.0,3.0,11.0,3.0,12.0,2.0,0
2015-01-10,2.0,19.0,38.0,52.0,302.0,33.0,45.0,11.0,119.0,47.0,43.0,17.0,0.0,40.0,5.0,47.0,8.0,10.0,5.0,4.0,7.0,27.0,20.0,17.0,3.0,0
2015-01-17,3.0,44.0,32.0,67.0,439.0,31.0,37.0,9.0,111.0,64.0,65.0,13.0,3.0,71.0,9.0,28.0,22.0,12.0,7.0,10.0,17.0,58.0,29.0,45.0,7.0,0
2015-01-24,0.0,2.0,7.0,55.0,410.0,31.0,46.0,10.0,56.0,29.0,42.0,13.0,2.0,41.0,4.0,20.0,17.0,3.0,5.0,3.0,3.0,11.0,15.0,30.0,11.0,0
2015-01-31,0.0,11.0,15.0,71.0,299.0,14.0,74.0,4.0,53.0,38.0,28.0,8.0,1.0,26.0,6.0,10.0,10.0,7.0,1.0,6.0,6.0,15.0,23.0,13.0,6.0,0
2015-02-07,1.0,18.0,13.0,85.0,298.0,26.0,75.0,15.0,60.0,28.0,52.0,13.0,0.0,63.0,3.0,38.0,14.0,8.0,7.0,10.0,11.0,19.0,23.0,20.0,3.0,0
2015-02-14,3.0,5.0,9.0,69.0,142.0,24.0,61.0,11.0,53.0,37.0,21.0,14.0,1.0,20.0,1.0,16.0,7.0,8.0,1.0,1.0,14.0,29.0,33.0,18.0,3.0,0
2015-02-21,1.0,6.0,17.0,58.0,192.0,18.0,24.0,14.0,41.0,41.0,5.0,6.0,5.0,46.0,4.0,21.0,16.0,4.0,0.0,7.0,12.0,8.0,8.0,35.0,3.0,0
2015-02-28,1.0,9.0,6.0,28.0,123.0,19.0,26.0,3.0,29.0,26.0,6.0,5.0,1.0,30.0,0.0,9.0,14.0,5.0,2.0,4.0,2.0,5.0,18.0,12.0,2.0,0
2015-03-07,3.0,2.0,7.0,51.0,124.0,2.0,58.0,6.0,32.0,39.0,1.0,9.0,0.0,26.0,0.0,3.0,5.0,5.0,3.0,3.0,5.0,11.0,9.0,21.0,1.0,0
2015-03-14,0.0,3.0,3.0,32.0,102.0,0.0,42.0,6.0,32.0,16.0,5.0,9.0,2.0,22.0,1.0,6.0,13.0,4.0,1.0,2.0,2.0,1.0,17.0,6.0,3.0,0
2015-03-21,0.0,4.0,4.0,23.0,80.0,0.0,10.0,2.0,17.0,17.0,2.0,7.0,0.0,15.0,0.0,1.0,9.0,1.0,0.0,2.0,1.0,7.0,11.0,14.0,0.0,0
2015-03-28,0.0,3.0,10.0,17.0,63.0,1.0,64.0,6.0,13.0,11.0,7.0,10.0,0.0,17.0,0.0,4.0,12.0,1.0,0.0,2.0,0.0,8.0,7.0,30.0,1.0,0
2015-04-04,0.0,2.0,2.0,5.0,54.0,0.0,16.0,0.0,5.0,12.0,0.0,4.0,0.0,6.0,0.0,0.0,5.0,0.0,0.0,0.0,1.0,0.0,1.0,5.0,0.0,0
2015-04-11,0.0,1.0,0.0,18.0,56.0,0.0,28.0,3.0,13.0,11.0,12.0,5.0,0.0,7.0,0.0,1.0,7.0,2.0,3.0,0.0,0.0,2.0,4.0,9.0,1.0,0
2015-04-18,0.0,2.0,13.0,25.0,99.0,0.0,30.0,2.0,9.0,19.0,6.0,8.0,0.0,25.0,1.0,3.0,4.0,2.0,0.0,3.0,3.0,2.0,15.0,16.0,1.0,0
2015-04-25,1.0,1.0,3.0,14.0,107.0,0.0,22.0,1.0,6.0,11.0,13.0,5.0,0.0,3.0,0.0,1.0,3.0,1.0,0.0,2.0,0.0,2.0,5.0,12.0,0.0,0
2015-05-02,0.0,2.0,1.0,29.0,81.0,0.0,22.0,2.0,6.0,28.0,15.0,14.0,0.0,13.0,1.0,1.0,4.0,2.0,3.0,2.0,0.0,5.0,25.0,14.0,2.0,0
2015-05-09,0.0,1.0,3.0,16.0,80.0,0.0,49.0,3.0,16.0,19.0,12.0,13.0,0.0,9.0,1.0,0.0,9.0,3.0,2.0,2.0,2.0,12.0,13.0,9.0,3.0,0
2015-05-16,1.0,2.0,7.0,23.0,121.0,0.0,48.0,0.0,16.0,7.0,8.0,6.0,0.0,11.0,1.0,2.0,5.0,1.0,1.0,2.0,0.0,4.0,11.0,14.0,3.0,0
2015-05-23,0.0,0.0,4.0,11.0,77.0,1.0,21.0,0.0,14.0,12.0,17.0,11.0,1.0,15.0,0.0,0.0,4.0,0.0,3.0,0.0,3.0,1.0,5.0,5.0,2.0,0
2015-05-30,1.0,4.0,3.0,23.0,69.0,1.0,55.0,1.0,11.0,17.0,18.0,5.0,0.0,13.0,1.0,1.0,4.0,3.0,2.0,0.0,1.0,5.0,11.0,8.0,3.0,0
2015-06-06,3.0,2.0,4.0,22.0,125.0,8.0,49.0,4.0,22.0,11.0,19.0,8.0,1.0,12.0,0.0,3.0,3.0,3.0,0.0,5.0,1.0,4.0,11.0,12.0,1.0,0
2015-06-13,1.0,2.0,7.0,6.0,144.0,1.0,35.0,2.0,10.0,21.0,17.0,10.0,0.0,13.0,1.0,5.0,3.0,2.0,0.0,2.0,0.0,13.0,4.0,14.0,0.0,0
2015-06-20,1.0,2.0,6.0,2.0,120.0,5.0,30.0,2.0,14.0,13.0,12.0,7.0,1.0,13.0,0.0,3.0,2.0,6.0,11.0,1.0,0.0,0.0,13.0,4.0,0.0,0
2015-06-27,0.0,0.0,3.0,6.0,85.0,11.0,29.0,1.0,20.0,10.0,8.0,14.0,0.0,12.0,0.0,0.0,3.0,3.0,0.0,4.0,1.0,12.0,9.0,5.0,0.0,0
2015-07-04,0.0,3.0,5.0,27.0,156.0,5.0,59.0,2.0,14.0,27.0,9.0,8.0,1.0,15.0,0.0,1.0,2.0,1.0,0.0,0.0,0.0,4.0,20.0,8.0,2.0,0
2015-07-11,1.0,3.0,6.0,11.0,149.0,7.0,48.0,8.0,8.0,22.0,15.0,7.0,2.0,14.0,1.0,1.0,5.0,3.0,1.0,1.0,1.0,30.0,13.0,6.0,1.0,0
2015-07-18,,,,,,,,,,,,,,,,,,,,,,,,,,1
2015-07-25,0.0,1.0,7.0,2.0,196.0,7.0,65.0,5.0,13.0,21.0,16.0,11.0,1.0,9.0,0.0,3.0,7.0,6.0,1.0,4.0,0.0,1.0,13.0,3.0,0.0,0
2015-08-01,0.0,3.0,2.0,7.0,177.0,14.0,33.0,16.0,16.0,23.0,15.0,8.0,4.0,17.0,0.0,2.0,10.0,2.0,2.0,4.0,0.0,3.0,23.0,2.0,2.0,0
2015-08-08,1.0,3.0,5.0,2.0,117.0,12.0,31.0,1.0,11.0,15.0,7.0,11.0,0.0,8.0,1.0,0.0,3.0,6.0,0.0,0.0,1.0,1.0,6.0,4.0,0.0,0
2015-08-15,1.0,3.0,3.0,1.0,143.0,19.0,39.0,4.0,5.0,18.0,6.0,10.0,0.0,11.0,0.0,2.0,5.0,1.0,0.0,1.0,0.0,2.0,8.0,3.0,1.0,0
2015-08-22,1.0,1.0,2.0,0.0,115.0,25.0,52.0,1.0,13.0,19.0,13.0,11.0,0.0,23.0,0.0,2.0,6.0,4.0,2.0,0.0,4.0,3.0,9.0,0.0,1.0,0
2015-08-29,0.0,3.0,1.0,1.0,116.0,11.0,48.0,9.0,14.0,24.0,11.0,4.0,0.0,7.0,0.0,0.0,4.0,0.0,1.0,2.0,1.0,1.0,10.0,2.0,1.0,0
2015-09-05,0.0,1.0,1.0,3.0,97.0,20.0,58.0,4.0,16.0,10.0,16.0,5.0,0.0,6.0,0.0,2.0,2.0,1.0,0.0,2.0,1.0,0.0,3.0,0.0,0.0,0
2015-09-12,0.0,4.0,3.0,1.0,62.0,8.0,14.0,0.0,13.0,9.0,11.0,7.0,2.0,8.0,0.0,1.0,12.0,0.0,0.0,1.0,1.0,1.0,9.0,1.0,2.0,0
2015-09-19,2.0,2.0,4.0,1.0,96.0,9.0,43.0,4.0,8.0,9.0,21.0,12.0,0.0,2.0,2.0,1.0,6.0,1.0,0.0,1.0,1.0,1.0,3.0,1.0,4.0,0
2015-09-26,0.0,2.0,4.0,4.0,100.0,21.0,24.0,4.0,9.0,13.0,27.0,12.0,0.0,9.0,1.0,0.0,10.0,1.0,1.0,2.0,1.0,1.0,10.0,0.0,4.0,0
2015-10-03,2.0,1.0,2.0,4.0,122.0,10.0,46.0,8.0,3.0,13.0,16.0,7.0,0.0,9.0,0.0,2.0,10.0,1.0,1.0,3.0,2.0,0.0,9.0,1.0,2.0,0
2015-10-10,0.0,4.0,8.0,3.0,151.0,31.0,19.0,9.0,14.0,18.0,39.0,6.0,0.0,11.0,0.0,5.0,9.0,3.0,0.0,2.0,1.0,2.0,8.0,3.0,3.0,0
2015-10-17,0.0,3.0,5.0,3.0,155.0,23.0,35.0,16.0,22.0,14.0,21.0,24.0,0.0,5.0,0.0,1.0,15.0,4.0,0.0,4.0,5.0,4.0,9.0,0.0,0.0,0
2015-10-24,0.0,0.0,10.0,9.0,182.0,16.0,40.0,17.0,21.0,50.0,42.0,9.0,3.0,15.0,0.0,0.0,28.0,5.0,0.0,2.0,4.0,4.0,4.0,1.0,4.0,0
2015-10-31,0.0,3.0,2.0,1.0,178.0,14.0,70.0,9.0,32.0,32.0,25.0,10.0,0.0,9.0,3.0,2.0,8.0,2.0,0.0,1.0,4.0,3.0,4.0,3.0,2.0,0
2015-11-07,0.0,6.0,6.0,4.0,190.0,16.0,34.0,9.0,38.0,36.0,19.0,24.0,0.0,12.0,0.0,3.0,10.0,3.0,0.0,4.0,2.0,3.0,12.0,3.0,7.0,0
2015-11-14,0.0,7.0,13.0,5.0,232.0,29.0,22.0,10.0,64.0,24.0,42.0,27.0,1.0,29.0,1.0,1.0,13.0,5.0,1.0,4.0,4.0,5.0,16.0,4.0,4.0,0
2015-11-21,0.0,9.0,12.0,9.0,258.0,27.0,60.0,9.0,79.0,38.0,25.0,13.0,1.0,21.0,0.0,2.0,12.0,9.0,0.0,5.0,2.0,30.0,10.0,3.0,0.0,0
2015-11-28,0.0,4.0,8.0,19.0,260.0,22.0,70.0,9.0,105.0,27.0,44.0,28.0,2.0,13.0,2.0,3.0,16.0,8.0,1.0,4.0,10.0,5.0,17.0,5.0,7.0,0
2015-12-05,2.0,8.0,4.0,12.0,316.0,24.0,29.0,7.0,104.0,39.0,48.0,21.0,1.0,24.0,8.0,10.0,10.0,12.0,0.0,6.0,11.0,3.0,12.0,7.0,14.0,0
2015-12-12,0.0,1.0,7.0,8.0,174.0,18.0,14.0,3.0,79.0,33.0,17.0,9.0,0.0,16.0,6.0,0.0,5.0,4.0,1.0,3.0,0.0,6.0,15.0,8.0,18.0,0
2015-12-19,0.0,1.0,6.0,22.0,142.0,16.0,8.0,6.0,109.0,20.0,32.0,10.0,0.0,9.0,3.0,1.0,6.0,2.0,5.0,8.0,2.0,3.0,9.0,11.0,13.0,0
2015-12-26,3.0,16.0,12.0,18.0,301.0,27.0,31.0,10.0,84.0,37.0,71.0,47.0,3.0,27.0,3.0,2.0,24.0,14.0,6.0,4.0,11.0,13.0,27.0,9.0,18.0,0
2016-01-02,0.0,11.0,17.0,14.0,279.0,29.0,40.0,16.0,129.0,26.0,35.0,28.0,2.0,32.0,0.0,7.0,30.0,14.0,2.0,5.0,2.0,19.0,23.0,23.0,15.0,0
2016-01-09,2.0,8.0,18.0,20.0,328.0,17.0,61.0,15.0,135.0,55.0,50.0,27.0,0.0,36.0,6.0,8.0,22.0,11.0,2.0,18.0,13.0,21.0,26.0,19.0,2.0,0
2016-01-16,0.0,21.0,14.0,32.0,472.0,43.0,106.0,25.0,137.0,59.0,64.0,33.0,3.0,60.0,8.0,13.0,33.0,5.0,12.0,8.0,4.0,16.0,13.0,20.0,15.0,0
2016-01-23,0.0,6.0,6.0,10.0,466.0,42.0,51.0,13.0,102.0,48.0,62.0,25.0,2.0,40.0,11.0,9.0,30.0,6.0,2.0,7.0,11.0,15.0,28.0,23.0,8.0,0
2016-01-30,2.0,9.0,4.0,18.0,354.0,27.0,92.0,18.0,64.0,60.0,51.0,36.0,0.0,27.0,7.0,11.0,18.0,7.0,9.0,3.0,10.0,17.0,11.0,12.0,4.0,0
2016-02-06,4.0,11.0,6.0,12.0,351.0,46.0,46.0,25.0,74.0,75.0,50.0,19.0,1.0,47.0,3.0,8.0,30.0,9.0,2.0,9.0,16.0,49.0,34.0,14.0,5.0,0
2016-02-13,1.0,3.0,12.0,17.0,254.0,28.0,65.0,13.0,65.0,58.0,23.0,34.0,4.0,35.0,6.0,5.0,31.0,3.0,1.0,3.0,1.0,17.0,25.0,14.0,8.0,0
2016-02-20,0.0,18.0,6.0,9.0,287.0,29.0,45.0,15.0,33.0,45.0,38.0,20.0,1.0,31.0,1.0,12.0,13.0,5.0,4.0,6.0,6.0,25.0,18.0,10.0,2.0,0
2016-02-27,0.0,7.0,6.0,4.0,201.0,30.0,75.0,9.0,43.0,50.0,38.0,17.0,1.0,23.0,3.0,7.0,14.0,4.0,12.0,8.0,5.0,8.0,40.0,12.0,1.0,0
2016-03-05,0.0,1.0,5.0,13.0,171.0,15.0,42.0,19.0,44.0,27.0,29.0,13.0,0.0,15.0,0.0,9.0,12.0,4.0,1.0,1.0,4.0,8.0,29.0,5.0,1.0,0
2016-03-12,0.0,4.0,9.0,4.0,186.0,16.0,27.0,5.0,26.0,45.0,6.0,22.0,0.0,10.0,0.0,2.0,12.0,7.0,3.0,7.0,4.0,8.0,30.0,11.0,0.0,0
2016-03-19,2.0,7.0,13.0,4.0,174.0,19.0,34.0,1.0,32.0,21.0,9.0,2.0,0.0,14.0,0.0,4.0,5.0,0.0,1.0,2.0,3.0,2.0,12.0,8.0,1.0,0
2016-03-26,5.0,8.0,2.0,6.0,20.0,27.0,39.0,11.0,25.0,23.0,18.0,5.0,2.0,21.0,2.0,4.0,7.0,8.0,4.0,7.0,4.0,4.0,38.0,9.0,6.0,0
2016-04-02,0.0,0.0,1.0,8.0,136.0,4.0,13.0,1.0,12.0,11.0,13.0,7.0,2.0,1.0,0.0,0.0,11.0,8.0,0.0,9.0,0.0,0.0,11.0,1.0,0.0,0
2016-04-09,0.0,2.0,2.0,3.0,60.0,0.0,9.0,3.0,21.0,11.0,7.0,5.0,1.0,13.0,2.0,4.0,8.0,1.0,8.0,7.0,1.0,4.0,13.0,1.0,0.0,0
2016-04-16,0.0,7.0,3.0,6.0,161.0,26.0,48.0,4.0,14.0,54.0,21.0,19.0,0.0,11.0,0.0,1.0,16.0,4.0,5.0,2.0,3.0,9.0,35.0,5.0,4.0,0
2016-04-23,2.0,6.0,10.0,3.0,192.0,23.0,41.0,12.0,18.0,38.0,26.0,22.0,1.0,23.0,3.0,4.0,14.0,4.0,2.0,3.0,10.0,9.0,14.0,7.0,8.0,0
2016-04-30,1.0,2.0,3.0,5.0,58.0,26.0,0.0,8.0,16.0,8.0,33.0,19.0,0.0,31.0,1.0,3.0,6.0,5.0,1.0,4.0,4.0,3.0,18.0,3.0,7.0,0
2016-05-07,0.0,7.0,6.0,1.0,39.0,20.0,0.0,6.0,9.0,1.0,38.0,16.0,0.0,12.0,7.0,3.0,7.0,4.0,5.0,2.0,5.0,16.0,42.0,9.0,1.0,0
2016-05-14,0.0,7.0,6.0,3.0,50.0,17.0,0.0,7.0,16.0,31.0,27.0,12.0,1.0,43.0,0.0,1.0,10.0,2.0,0.0,2.0,3.0,6.0,26.0,2.0,0.0,0
2016-05-21,0.0,2.0,6.0,2.0,61.0,30.0,0.0,8.0,13.0,6.0,34.0,41.0,2.0,46.0,6.0,12.0,12.0,5.0,3.0,4.0,2.0,7.0,20.0,13.0,1.0,0
2016-05-28,3.0,3.0,26.0,18.0,95.0,30.0,0.0,14.0,26.0,19.0,55.0,30.0,1.0,62.0,4.0,5.0,17.0,2.0,2.0,8.0,5.0,10.0,58.0,2.0,0.0,0
2016-06-04,0.0,0.0,11.0,1.0,67.0,0.0,0.0,0.0,14.0,0.0,1.0,0.0,0.0,9.0,0.0,0.0,22.0,0.0,0.0,5.0,0.0,1.0,30.0,2.0,0.0,0
2016-06-11,1.0,3.0,16.0,5.0,84.0,15.0,0.0,25.0,25.0,0.0,92.0,15.0,0.0,51.0,0.0,10.0,19.0,0.0,5.0,6.0,2.0,4.0,43.0,10.0,1.0,0
2016-06-18,0.0,9.0,28.0,8.0,249.0,16.0,0.0,23.0,12.0,0.0,152.0,40.0,0.0,103.0,1.0,22.0,59.0,10.0,7.0,18.0,8.0,28.0,81.0,8.0,6.0,0
2016-06-25,0.0,13.0,29.0,7.0,351.0,22.0,34.0,32.0,33.0,5.0,172.0,28.0,1.0,76.0,1.0,49.0,59.0,5.0,5.0,21.0,10.0,22.0,66.0,6.0,7.0,0
2016-07-02,1.0,4.0,34.0,2.0,293.0,31.0,30.0,30.0,52.0,102.0,139.0,35.0,0.0,87.0,1.0,31.0,48.0,12.0,4.0,18.0,19.0,13.0,72.0,1.0,6.0,0
2016-07-09,0.0,12.0,36.0,0.0,368.0,12.0,47.0,30.0,25.0,49.0,283.0,49.0,2.0,97.0,1.0,45.0,67.0,12.0,4.0,26.0,14.0,22.0,97.0,6.0,8.0,0
2016-07-16,10.0,24.0,20.0,10.0,433.0,104.0,102.0,31.0,48.0,111.0,160.0,26.0,1.0,98.0,1.0,55.0,54.0,14.0,0.0,19.0,19.0,16.0,100.0,8.0,6.0,0
2016-07-23,4.0,11.0,27.0,12.0,332.0,77.0,52.0,20.0,61.0,57.0,204.0,21.0,1.0,99.0,0.0,27.0,49.0,16.0,7.0,20.0,14.0,35.0,108.0,8.0,1.0,0
2016-07-30,1.0,13.0,20.0,1.0,398.0,24.0,124.0,15.0,49.0,83.0,146.0,53.0,2.0,70.0,1.0,18.0,44.0,12.0,5.0,18.0,12.0,32.0,42.0,2.0,2.0,0
2016-08-06,0.0,6.0,16.0,9.0,347.0,49.0,82.0,7.0,32.0,44.0,127.0,21.0,3.0,55.0,0.0,21.0,48.0,21.0,2.0,13.0,5.0,14.0,44.0,4.0,3.0,0
2016-08-13,,,,,,,,,,,,,,,,,,,,,,,,,,1
2016-08-20,0.0,8.0,14.0,7.0,236.0,15.0,46.0,10.0,21.0,15.0,85.0,17.0,0.0,32.0,1.0,22.0,29.0,8.0,0.0,8.0,6.0,14.0,33.0,3.0,2.0,0
2016-08-27,0.0,4.0,8.0,2.0,136.0,29.0,47.0,4.0,26.0,28.0,89.0,12.0,1.0,22.0,0.0,29.0,17.0,7.0,1.0,3.0,4.0,7.0,20.0,0.0,2.0,0
2016-09-03,0.0,6.0,13.0,7.0,154.0,7.0,64.0,6.0,33.0,23.0,49.0,8.0,0.0,15.0,1.0,21.0,29.0,2.0,0.0,6.0,8.0,6.0,31.0,6.0,10.0,0
2016-09-10,0.0,11.0,20.0,5.0,137.0,17.0,28.0,7.0,12.0,35.0,56.0,8.0,0.0,22.0,0.0,1.0,18.0,10.0,0.0,5.0,3.0,1.0,17.0,2.0,2.0,0
2016-09-17,0.0,14.0,20.0,1.0,142.0,26.0,31.0,15.0,22.0,31.0,43.0,20.0,0.0,23.0,2.0,12.0,29.0,6.0,0.0,5.0,5.0,16.0,30.0,3.0,1.0,0
2016-09-24,1.0,16.0,30.0,3.0,143.0,55.0,16.0,7.0,26.0,27.0,51.0,7.0,2.0,12.0,0.0,5.0,15.0,4.0,3.0,6.0,3.0,5.0,15.0,1.0,1.0,0
2016-10-01,0.0,2.0,45.0,2.0,89.0,87.0,31.0,7.0,31.0,26.0,27.0,23.0,2.0,23.0,0.0,17.0,25.0,2.0,1.0,5.0,1.0,3.0,24.0,2.0,4.0,0
2016-10-08,0.0,2.0,60.0,1.0,113.0,44.0,14.0,5.0,17.0,26.0,35.0,12.0,1.0,13.0,3.0,29.0,17.0,7.0,5.0,7.0,2.0,1.0,29.0,3.0,3.0,0
2016-10-15,0.0,2.0,17.0,7.0,96.0,30.0,38.0,7.0,20.0,20.0,23.0,13.0,0.0,8.0,1.0,2.0,21.0,0.0,1.0,2.0,4.0,4.0,20.0,0.0,2.0,0
2016-10-22,0.0,9.0,35.0,2.0,78.0,27.0,23.0,7.0,20.0,20.0,34.0,16.0,0.0,13.0,1.0,13.0,15.0,5.0,0.0,3.0,2.0,0.0,18.0,2.0,1.0,0
2016-10-29,0.0,0.0,16.0,1.0,84.0,74.0,25.0,2.0,25.0,23.0,42.0,19.0,0.0,20.0,2.0,7.0,24.0,10.0,2.0,2.0,4.0,1.0,20.0,2.0,2.0,0
2016-11-05,0.0,4.0,16.0,2.0,60.0,34.0,13.0,9.0,38.0,20.0,15.0,14.0,0.0,13.0,6.0,5.0,17.0,1.0,2.0,3.0,2.0,3.0,10.0,1.0,0.0,0
2016-11-12,1.0,5.0,20.0,2.0,85.0,17.0,28.0,11.0,31.0,9.0,16.0,6.0,0.0,21.0,2.0,18.0,20.0,2.0,2.0,2.0,7.0,6.0,24.0,2.0,2.0,0
2016-11-19,2.0,2.0,33.0,6.0,160.0,70.0,4.0,11.0,40.0,13.0,22.0,10.0,0.0,20.0,4.0,10.0,24.0,8.0,1.0,5.0,6.0,9.0,30.0,3.0,0.0,0
2016-11-26,3.0,3.0,17.0,10.0,158.0,33.0,23.0,21.0,67.0,28.0,32.0,11.0,0.0,24.0,6.0,19.0,12.0,6.0,0.0,0.0,0.0,16.0,29.0,1.0,9.0,0
2016-12-03,0.0,4.0,6.0,13.0,319.0,91.0,31.0,21.0,62.0,45.0,22.0,7.0,1.0,15.0,0.0,13.0,35.0,5.0,4.0,7.0,3.0,5.0,26.0,1.0,12.0,0
2016-12-10,0.0,1.0,2.0,9.0,374.0,7.0,7.0,23.0,40.0,40.0,43.0,0.0,0.0,21.0,8.0,2.0,11.0,12.0,2.0,3.0,1.0,3.0,20.0,38.0,3.0,0
2016-12-17,0.0,7.0,18.0,17.0,547.0,79.0,44.0,26.0,57.0,77.0,67.0,22.0,8.0,37.0,8.0,4.0,38.0,17.0,1.0,5.0,11.0,2.0,42.0,52.0,0.0,0
2016-12-24,5.0,16.0,40.0,43.0,511.0,176.0,137.0,31.0,145.0,88.0,66.0,34.0,0.0,80.0,37.0,25.0,73.0,21.0,1.0,12.0,11.0,18.0,63.0,22.0,0.0,0
2016-12-31,0.0,15.0,58.0,25.0,342.0,111.0,84.0,18.0,126.0,38.0,43.0,41.0,2.0,90.0,29.0,19.0,69.0,15.0,5.0,11.0,6.0,10.0,57.0,33.0,27.0,0
2017-01-07,0.0,10.0,63.0,9.0,531.0,120.0,29.0,38.0,48.0,91.0,69.0,20.0,5.0,60.0,55.0,14.0,114.0,9.0,3.0,12.0,7.0,33.0,70.0,59.0,3.0,0
2017-01-14,2.0,16.0,55.0,22.0,565.0,150.0,98.0,60.0,118.0,132.0,74.0,46.0,6.0,85.0,31.0,37.0,124.0,30.0,10.0,9.0,7.0,20.0,104.0,145.0,15.0,0
2017-01-21,18.0,13.0,26.0,52.0,482.0,101.0,42.0,28.0,75.0,63.0,49.0,40.0,8.0,75.0,21.0,35.0,121.0,14.0,13.0,9.0,8.0,12.0,45.0,144.0,12.0,0
2017-01-28,2.0,11.0,32.0,27.0,417.0,28.0,20.0,24.0,56.0,50.0,25.0,31.0,6.0,37.0,22.0,8.0,118.0,20.0,0.0,9.0,17.0,9.0,34.0,132.0,18.0,0
2017-02-04,1.0,32.0,14.0,76.0,408.0,108.0,85.0,36.0,81.0,72.0,60.0,33.0,1.0,51.0,22.0,18.0,88.0,13.0,5.0,3.0,16.0,15.0,79.0,139.0,10.0,0
2017-02-11,2.0,16.0,20.0,37.0,444.0,83.0,66.0,55.0,118.0,55.0,51.0,27.0,4.0,75.0,26.0,22.0,96.0,24.0,9.0,5.0,5.0,17.0,26.0,144.0,23.0,0
2017-02-18,1.0,16.0,22.0,55.0,220.0,53.0,23.0,24.0,165.0,40.0,28.0,20.0,1.0,49.0,16.0,22.0,69.0,19.0,4.0,4.0,5.0,26.0,43.0,225.0,15.0,0
2017-02-25,10.0,28.0,20.0,44.0,427.0,67.0,51.0,33.0,138.0,108.0,71.0,35.0,7.0,75.0,16.0,10.0,91.0,17.0,2.0,5.0,6.0,10.0,54.0,273.0,27.0,0
2017-03-04,8.0,8.0,33.0,55.0,379.0,71.0,100.0,49.0,185.0,74.0,69.0,48.0,2.0,79.0,15.0,28.0,48.0,16.0,5.0,10.0,15.0,34.0,69.0,234.0,22.0,0
2017-03-11,13.0,49.0,14.0,152.0,469.0,61.0,381.0,65.0,154.0,209.0,82.0,91.0,8.0,89.0,9.0,30.0,49.0,17.0,5.0,4.0,62.0,45.0,14.0,396.0,34.0,0
2017-03-18,12.0,68.0,25.0,178.0,528.0,110.0,409.0,89.0,207.0,176.0,66.0,120.0,6.0,85.0,11.0,20.0,76.0,36.0,6.0,2.0,108.0,52.0,39.0,435.0,31.0,0
2017-03-25,12.0,52.0,30.0,229.0,497.0,56.0,509.0,79.0,174.0,163.0,46.0,95.0,6.0,131.0,13.0,23.0,72.0,28.0,3.0,15.0,71.0,42.0,26.0,425.0,29.0,0
2017-04-01,20.0,44.0,21.0,197.0,664.0,51.0,419.0,76.0,146.0,186.0,66.0,99.0,14.0,129.0,43.0,25.0,76.0,42.0,8.0,3.0,31.0,50.0,34.0,404.0,29.0,0
2017-04-08,10.0,24.0,14.0,269.0,332.0,16.0,389.0,32.0,96.0,152.0,41.0,56.0,11.0,103.0,8.0,13.0,50.0,28.0,3.0,10.0,23.0,36.0,20.0,190.0,24.0,0
2017-04-15,14.0,71.0,66.0,384.0,823.0,90.0,627.0,134.0,137.0,213.0,208.0,203.0,11.0,205.0,25.0,48.0,126.0,42.0,3.0,17.0,89.0,94.0,41.0,199.0,21.0,0
2017-04-22,28.0,54.0,71.0,332.0,751.0,108.0,637.0,91.0,120.0,188.0,130.0,161.0,10.0,192.0,14.0,34.0,102.0,55.0,2.0,7.0,54.0,138.0,31.0,143.0,9.0,0
2017-04-29,19.0,67.0,54.0,229.0,777.0,88.0,953.0,65.0,79.0,242.0,162.0,190.0,6.0,240.0,22.0,15.0,104.0,63.0,8.0,7.0,43.0,143.0,26.0,54.0,18.0,0
2017-05-06,23.0,66.0,32.0,209.0,772.0,76.0,567.0,46.0,73.0,208.0,191.0,186.0,4.0,247.0,10.0,48.0,107.0,19.0,0.0,13.0,34.0,127.0,23.0,47.0,15.0,0
2017-05-13,18.0,61.0,25.0,217.0,845.0,101.0,820.0,93.0,80.0,282.0,250.0,451.0,7.0,526.0,19.0,56.0,157.0,62.0,10.0,20.0,43.0,154.0,69.0,35.0,17.0,0
2017-05-20,15.0,55.0,49.0,214.0,939.0,129.0,828.0,68.0,69.0,214.0,261.0,334.0,4.0,268.0,9.0,46.0,120.0,42.0,9.0,17.0,42.0,188.0,46.0,22.0,15.0,0
2017-05-27,18.0,71.0,36.0,136.0,821.0,125.0,729.0,77.0,56.0,158.0,288.0,334.0,3.0,504.0,4.0,75.0,73.0,56.0,10.0,7.0,23.0,119.0,86.0,31.0,13.0,0
2017-06-03,18.0,65.0,24.0,107.0,914.0,127.0,718.0,83.0,59.0,238.0,344.0,369.0,6.0,424.0,5.0,70.0,121.0,49.0,8.0,15.0,17.0,134.0,69.0,34.0,16.0,0
2017-06-10,14.0,60.0,33.0,82.0,1032.0,103.0,871.0,73.0,53.0,219.0,426.0,336.0,2.0,290.0,2.0,78.0,151.0,82.0,6.0,18.0,27.0,175.0,85.0,19.0,16.0,0
2017-05-17,20.0,122.0,63.0,83.0,1267.0,121.0,1139.0,90.0,57.0,344.0,652.0,555.0,5.0,444.0,8.0,96.0,149.0,114.0,3.0,30.0,26.0,200.0,120.0,29.0,17.0,0
2017-06-24,35.0,60.0,34.0,57.0,1338.0,106.0,1444.0,61.0,63.0,289.0,585.0,314.0,5.0,306.0,4.0,117.0,87.0,85.0,10.0,24.0,34.0,155.0,89.0,21.0,19.0,0
2017-07-01,55.0,244.0,278.0,85.0,1779.0,287.0,1802.0,117.0,86.0,598.0,1002.0,632.0,27.0,564.0,8.0,204.0,464.0,168.0,25.0,80.0,123.0,341.0,920.0,33.0,44.0,0
2017-07-08,42.0,116.0,305.0,43.0,1762.0,192.0,2631.0,138.0,111.0,703.0,869.0,671.0,27.0,681.0,2.0,204.0,378.0,137.0,12.0,58.0,63.0,284.0,649.0,19.0,31.0,0
2017-07-15,50.0,172.0,290.0,85.0,1972.0,261.0,2471.0,147.0,93.0,660.0,922.0,807.0,20.0,569.0,3.0,183.0,458.0,155.0,19.0,71.0,56.0,285.0,728.0,42.0,16.0,0
2017-07-22,78.0,177.0,298.0,60.0,1958.0,332.0,2135.0,127.0,86.0,616.0,1062.0,441.0,16.0,486.0,10.0,175.0,489.0,109.0,15.0,85.0,48.0,394.0,715.0,35.0,8.0,0
2017-07-29,33.0,112.0,146.0,42.0,1713.0,288.0,1315.0,121.0,73.0,562.0,687.0,439.0,28.0,477.0,0.0,145.0,304.0,96.0,10.0,48.0,24.0,392.0,552.0,21.0,16.0,0
2017-08-05,24.0,71.0,143.0,67.0,836.0,233.0,918.0,116.0,65.0,310.0,670.0,431.0,12.0,423.0,0.0,150.0,329.0,80.0,13.0,49.0,20.0,290.0,445.0,26.0,11.0,0
2017-08-12,17.0,57.0,102.0,51.0,674.0,229.0,683.0,63.0,88.0,295.0,518.0,419.0,11.0,341.0,1.0,148.0,233.0,113.0,2.0,40.0,23.0,311.0,339.0,15.0,9.0,0
2017-08-19,26.0,34.0,68.0,37.0,397.0,127.0,385.0,59.0,64.0,223.0,344.0,395.0,8.0,246.0,4.0,45.0,163.0,59.0,16.0,22.0,7.0,199.0,256.0,14.0,4.0,0
2017-08-26,11.0,20.0,48.0,34.0,358.0,110.0,410.0,28.0,48.0,158.0,252.0,217.0,6.0,148.0,0.0,34.0,95.0,53.0,3.0,9.0,12.0,105.0,133.0,9.0,4.0,0
2017-09-02,11.0,19.0,60.0,32.0,273.0,67.0,227.0,55.0,46.0,73.0,179.0,198.0,3.0,161.0,3.0,26.0,88.0,77.0,1.0,10.0,4.0,89.0,167.0,16.0,7.0,0
2017-09-09,13.0,20.0,65.0,33.0,219.0,70.0,245.0,48.0,75.0,170.0,206.0,126.0,15.0,102.0,0.0,35.0,66.0,62.0,5.0,8.0,9.0,75.0,160.0,8.0,10.0,0
2017-09-16,10.0,10.0,53.0,23.0,216.0,81.0,196.0,55.0,64.0,63.0,198.0,102.0,1.0,92.0,0.0,32.0,88.0,67.0,4.0,9.0,7.0,61.0,102.0,13.0,12.0,0
2017-09-23,17.0,18.0,44.0,21.0,185.0,36.0,162.0,51.0,97.0,90.0,182.0,103.0,5.0,73.0,0.0,22.0,64.0,41.0,7.0,3.0,12.0,89.0,123.0,20.0,16.0,0
2017-09-30,11.0,14.0,25.0,26.0,207.0,31.0,206.0,47.0,126.0,67.0,183.0,93.0,6.0,62.0,2.0,30.0,50.0,61.0,6.0,6.0,9.0,111.0,78.0,16.0,7.0,0
2017-10-07,8.0,20.0,53.0,34.0,234.0,50.0,180.0,41.0,131.0,91.0,239.0,60.0,4.0,97.0,0.0,35.0,43.0,64.0,3.0,6.0,20.0,119.0,79.0,19.0,9.0,0
2017-10-14,12.0,20.0,45.0,45.0,161.0,28.0,155.0,50.0,153.0,80.0,203.0,48.0,3.0,71.0,3.0,52.0,43.0,85.0,1.0,7.0,11.0,128.0,58.0,14.0,15.0,0
2017-10-21,10.0,25.0,28.0,35.0,221.0,51.0,238.0,36.0,183.0,99.0,196.0,63.0,4.0,138.0,1.0,60.0,38.0,147.0,6.0,8.0,16.0,143.0,50.0,21.0,17.0,0
2017-10-28,11.0,27.0,32.0,31.0,253.0,57.0,250.0,43.0,128.0,94.0,183.0,56.0,1.0,177.0,2.0,59.0,42.0,90.0,0.0,3.0,11.0,193.0,51.0,11.0,23.0,0
2017-11-04,9.0,33.0,47.0,74.0,320.0,57.0,249.0,98.0,147.0,134.0,280.0,67.0,7.0,229.0,3.0,34.0,51.0,100.0,14.0,8.0,24.0,300.0,105.0,31.0,26.0,0
2017-11-11,8.0,40.0,56.0,85.0,238.0,45.0,345.0,60.0,126.0,141.0,220.0,59.0,5.0,156.0,1.0,63.0,41.0,73.0,5.0,3.0,10.0,312.0,35.0,34.0,29.0,0
2017-11-18,5.0,53.0,39.0,81.0,320.0,109.0,234.0,43.0,108.0,159.0,201.0,68.0,15.0,185.0,2.0,58.0,47.0,71.0,5.0,8.0,20.0,232.0,64.0,29.0,19.0,0
2017-11-25,9.0,38.0,37.0,97.0,275.0,57.0,289.0,28.0,146.0,64.0,204.0,35.0,3.0,119.0,1.0,41.0,40.0,51.0,6.0,6.0,15.0,249.0,44.0,16.0,33.0,0
2017-12-02,7.0,51.0,48.0,103.0,367.0,93.0,323.0,48.0,188.0,141.0,222.0,64.0,6.0,181.0,7.0,67.0,39.0,71.0,5.0,13.0,24.0,244.0,64.0,30.0,21.0,0
2017-12-09,24.0,36.0,40.0,117.0,346.0,49.0,247.0,36.0,191.0,125.0,224.0,74.0,7.0,88.0,7.0,41.0,38.0,54.0,11.0,6.0,16.0,212.0,89.0,32.0,34.0,0
2017-12-16,8.0,40.0,30.0,117.0,324.0,63.0,176.0,34.0,229.0,105.0,180.0,49.0,8.0,87.0,3.0,30.0,32.0,68.0,11.0,9.0,9.0,230.0,60.0,17.0,28.0,0
2017-12-23,12.0,26.0,23.0,122.0,290.0,54.0,184.0,35.0,158.0,101.0,127.0,47.0,8.0,87.0,4.0,36.0,33.0,47.0,7.0,5.0,9.0,200.0,49.0,25.0,27.0,0
2017-12-30,0.0,32.0,24.0,168.0,260.0,18.0,208.0,31.0,230.0,124.0,157.0,51.0,11.0,138.0,3.0,32.0,17.0,53.0,6.0,6.0,12.0,149.0,50.0,34.0,26.0,0
2018-01-06,6.0,25.0,22.0,143.0,330.0,21.0,194.0,33.0,156.0,120.0,114.0,28.0,8.0,133.0,4.0,50.0,44.0,45.0,2.0,2.0,9.0,126.0,46.0,26.0,20.0,0
2018-01-13,8.0,24.0,18.0,142.0,291.0,3.0,162.0,36.0,131.0,87.0,97.0,66.0,6.0,143.0,4.0,24.0,36.0,53.0,1.0,10.0,13.0,119.0,51.0,12.0,17.0,0
2018-01-20,10.0,26.0,10.0,145.0,278.0,20.0,147.0,26.0,120.0,102.0,113.0,43.0,13.0,91.0,1.0,33.0,36.0,34.0,1.0,5.0,11.0,143.0,31.0,20.0,8.0,0
2018-01-27,4.0,34.0,15.0,132.0,196.0,8.0,105.0,24.0,102.0,103.0,82.0,29.0,2.0,83.0,2.0,24.0,29.0,32.0,2.0,4.0,5.0,84.0,42.0,24.0,15.0,0
2018-02-03,2.0,25.0,8.0,122.0,147.0,10.0,130.0,25.0,77.0,88.0,73.0,37.0,5.0,72.0,0.0,20.0,39.0,33.0,0.0,4.0,2.0,67.0,58.0,19.0,12.0,0
2018-02-10,6.0,22.0,10.0,126.0,138.0,14.0,80.0,31.0,68.0,67.0,67.0,28.0,17.0,59.0,0.0,8.0,20.0,20.0,0.0,4.0,10.0,57.0,57.0,16.0,12.0,0
2018-02-17,2.0,39.0,6.0,116.0,134.0,3.0,89.0,40.0,63.0,56.0,49.0,20.0,6.0,95.0,0.0,17.0,32.0,35.0,0.0,4.0,3.0,62.0,42.0,21.0,7.0,0
2018-02-24,1.0,16.0,5.0,109.0,121.0,2.0,65.0,28.0,40.0,86.0,35.0,8.0,6.0,42.0,4.0,13.0,23.0,27.0,0.0,3.0,3.0,40.0,23.0,14.0,11.0,0
2018-03-03,1.0,21.0,3.0,111.0,102.0,2.0,60.0,26.0,47.0,70.0,29.0,29.0,9.0,41.0,0.0,13.0,18.0,18.0,0.0,2.0,4.0,23.0,33.0,16.0,11.0,0
2018-03-10,4.0,10.0,4.0,109.0,77.0,5.0,41.0,31.0,45.0,50.0,35.0,24.0,6.0,42.0,1.0,21.0,22.0,21.0,2.0,2.0,2.0,18.0,41.0,4.0,10.0,0
2018-03-17,8.0,11.0,10.0,104.0,100.0,7.0,44.0,15.0,47.0,73.0,30.0,21.0,4.0,38.0,1.0,14.0,19.0,10.0,3.0,2.0,5.0,31.0,37.0,9.0,10.0,0
2018-03-24,0.0,4.0,6.0,115.0,75.0,9.0,29.0,25.0,28.0,26.0,52.0,22.0,4.0,13.0,0.0,7.0,13.0,5.0,1.0,1.0,3.0,12.0,20.0,10.0,8.0,0
2018-03-31,1.0,10.0,9.0,116.0,98.0,13.0,53.0,19.0,28.0,29.0,37.0,17.0,4.0,30.0,3.0,12.0,21.0,15.0,2.0,4.0,8.0,12.0,40.0,12.0,10.0,0
2018-04-07,4.0,6.0,11.0,133.0,72.0,13.0,44.0,6.0,20.0,16.0,33.0,12.0,3.0,15.0,1.0,8.0,8.0,2.0,1.0,6.0,4.0,16.0,28.0,9.0,2.0,0
2018-04-14,0.0,11.0,5.0,166.0,98.0,16.0,32.0,18.0,22.0,39.0,34.0,17.0,10.0,25.0,1.0,25.0,9.0,17.0,1.0,4.0,2.0,13.0,49.0,21.0,5.0,0
2018-04-21,3.0,20.0,7.0,162.0,135.0,12.0,46.0,18.0,16.0,52.0,36.0,50.0,1.0,31.0,0.0,26.0,12.0,13.0,0.0,1.0,11.0,20.0,52.0,23.0,7.0,0
2018-04-28,1.0,18.0,6.0,165.0,109.0,7.0,34.0,3.0,19.0,35.0,62.0,22.0,7.0,32.0,0.0,24.0,7.0,2.0,0.0,5.0,2.0,30.0,61.0,16.0,5.0,0
2018-05-05,1.0,12.0,5.0,234.0,116.0,13.0,56.0,5.0,29.0,35.0,63.0,26.0,2.0,26.0,1.0,29.0,6.0,14.0,3.0,4.0,5.0,29.0,56.0,42.0,1.0,0
2018-05-12,2.0,20.0,7.0,222.0,168.0,20.0,53.0,5.0,23.0,44.0,80.0,30.0,1.0,25.0,0.0,41.0,18.0,24.0,1.0,3.0,7.0,6.0,80.0,34.0,11.0,0
2018-05-19,2.0,26.0,9.0,187.0,222.0,14.0,90.0,8.0,29.0,55.0,91.0,29.0,10.0,37.0,1.0,23.0,10.0,10.0,1.0,3.0,11.0,38.0,62.0,27.0,7.0,0
2018-05-26,6.0,17.0,5.0,169.0,193.0,9.0,76.0,8.0,88.0,49.0,74.0,40.0,8.0,46.0,4.0,19.0,1.0,19.0,2.0,2.0,6.0,29.0,75.0,25.0,6.0,0
2018-06-02,20.0,28.0,10.0,147.0,220.0,28.0,110.0,16.0,64.0,93.0,94.0,19.0,5.0,33.0,1.0,24.0,12.0,11.0,3.0,3.0,11.0,23.0,35.0,36.0,10.0,0
2018-06-09,4.0,7.0,15.0,129.0,266.0,18.0,120.0,11.0,94.0,59.0,85.0,16.0,11.0,21.0,0.0,16.0,8.0,18.0,4.0,8.0,3.0,15.0,44.0,33.0,15.0,0
2018-06-16,10.0,3.0,12.0,113.0,278.0,11.0,150.0,12.0,109.0,33.0,65.0,23.0,13.0,31.0,0.0,13.0,8.0,15.0,3.0,1.0,6.0,11.0,16.0,64.0,25.0,0
2018-06-23,7.0,31.0,16.0,131.0,335.0,22.0,212.0,11.0,84.0,93.0,93.0,34.0,8.0,52.0,4.0,16.0,14.0,16.0,5.0,1.0,2.0,18.0,59.0,60.0,33.0,0
2018-06-30,32.0,45.0,20.0,120.0,449.0,47.0,235.0,26.0,93.0,126.0,140.0,52.0,13.0,89.0,16.0,33.0,22.0,17.0,8.0,9.0,28.0,61.0,148.0,52.0,24.0,0
2018-07-07,17.0,45.0,20.0,74.0,431.0,36.0,212.0,33.0,77.0,123.0,119.0,55.0,8.0,71.0,17.0,27.0,53.0,19.0,1.0,4.0,12.0,34.0,109.0,57.0,26.0,0
2018-07-14,8.0,29.0,21.0,77.0,380.0,23.0,225.0,17.0,85.0,85.0,151.0,53.0,9.0,60.0,34.0,37.0,35.0,16.0,4.0,10.0,5.0,27.0,67.0,43.0,22.0,0
2018-07-21,3.0,17.0,13.0,59.0,308.0,27.0,180.0,27.0,46.0,88.0,84.0,40.0,3.0,64.0,44.0,24.0,42.0,20.0,4.0,14.0,6.0,28.0,49.0,23.0,14.0,0
2018-07-28,5.0,24.0,24.0,52.0,343.0,13.0,187.0,21.0,69.0,51.0,120.0,39.0,7.0,86.0,23.0,18.0,49.0,21.0,2.0,8.0,10.0,22.0,69.0,23.0,21.0,0
2018-08-04,10.0,17.0,15.0,31.0,241.0,13.0,150.0,14.0,50.0,51.0,93.0,47.0,3.0,45.0,10.0,22.0,30.0,12.0,5.0,5.0,8.0,0.0,37.0,23.0,13.0,0
2018-08-11,1.0,12.0,11.0,40.0,201.0,10.0,135.0,15.0,38.0,50.0,76.0,31.0,6.0,28.0,3.0,18.0,24.0,11.0,2.0,2.0,4.0,4.0,45.0,16.0,14.0,0
2018-08-18,2.0,9.0,10.0,17.0,142.0,13.0,94.0,11.0,26.0,46.0,50.0,22.0,9.0,23.0,3.0,14.0,20.0,16.0,5.0,3.0,3.0,2.0,26.0,9.0,19.0,0
2018-08-25,2.0,6.0,12.0,16.0,110.0,13.0,95.0,17.0,18.0,64.0,54.0,26.0,2.0,28.0,0.0,9.0,36.0,10.0,4.0,5.0,1.0,3.0,30.0,4.0,8.0,0
2018-09-01,2.0,15.0,8.0,25.0,102.0,11.0,100.0,8.0,21.0,37.0,96.0,22.0,11.0,31.0,0.0,9.0,34.0,10.0,2.0,7.0,8.0,12.0,20.0,10.0,4.0,0
2018-09-08,3.0,6.0,18.0,20.0,97.0,7.0,92.0,7.0,38.0,28.0,73.0,17.0,14.0,20.0,2.0,7.0,21.0,7.0,1.0,1.0,5.0,17.0,13.0,7.0,4.0,0
2018-09-15,2.0,4.0,6.0,15.0,97.0,9.0,80.0,6.0,35.0,22.0,53.0,9.0,2.0,20.0,2.0,6.0,13.0,6.0,4.0,3.0,1.0,19.0,24.0,4.0,6.0,0
2018-09-22,0.0,7.0,7.0,21.0,91.0,6.0,78.0,10.0,21.0,32.0,51.0,9.0,7.0,21.0,0.0,4.0,7.0,10.0,0.0,0.0,4.0,17.0,21.0,2.0,9.0,0
2018-09-29,2.0,5.0,7.0,23.0,75.0,8.0,46.0,18.0,33.0,28.0,41.0,9.0,2.0,20.0,2.0,4.0,16.0,9.0,2.0,5.0,1.0,12.0,20.0,10.0,4.0,0
2018-10-06,3.0,5.0,10.0,19.0,78.0,8.0,70.0,12.0,58.0,26.0,48.0,29.0,1.0,16.0,1.0,5.0,18.0,7.0,0.0,2.0,0.0,9.0,17.0,0.0,6.0,0
2018-10-13,2.0,6.0,8.0,40.0,92.0,8.0,53.0,5.0,58.0,16.0,52.0,19.0,1.0,12.0,3.0,7.0,7.0,6.0,5.0,5.0,3.0,40.0,21.0,1.0,6.0,0
2018-10-20,1.0,10.0,14.0,34.0,127.0,10.0,68.0,13.0,54.0,17.0,52.0,20.0,5.0,20.0,0.0,7.0,6.0,7.0,1.0,1.0,4.0,46.0,21.0,2.0,6.0,0
2018-10-27,3.0,13.0,13.0,21.0,133.0,4.0,72.0,11.0,82.0,31.0,83.0,12.0,2.0,50.0,0.0,8.0,13.0,3.0,0.0,2.0,1.0,65.0,21.0,7.0,6.0,0
2018-11-03,3.0,11.0,10.0,34.0,161.0,7.0,89.0,12.0,107.0,44.0,73.0,26.0,8.0,41.0,1.0,5.0,21.0,7.0,3.0,2.0,7.0,47.0,33.0,9.0,7.0,0
2018-11-10,5.0,9.0,18.0,46.0,199.0,15.0,116.0,14.0,105.0,53.0,89.0,37.0,9.0,33.0,1.0,7.0,18.0,7.0,0.0,1.0,7.0,62.0,44.0,19.0,8.0,0
2018-11-17,3.0,11.0,11.0,68.0,207.0,15.0,139.0,16.0,104.0,45.0,64.0,35.0,6.0,39.0,1.0,13.0,14.0,6.0,0.0,3.0,2.0,42.0,23.0,19.0,6.0,0
2018-11-24,11.0,19.0,12.0,58.0,277.0,25.0,174.0,47.0,127.0,60.0,51.0,47.0,7.0,57.0,3.0,10.0,23.0,11.0,4.0,6.0,7.0,85.0,42.0,43.0,16.0,0
2018-12-01,3.0,16.0,15.0,48.0,331.0,20.0,201.0,24.0,206.0,89.0,120.0,41.0,4.0,38.0,0.0,20.0,40.0,13.0,1.0,2.0,11.0,51.0,44.0,37.0,13.0,0
2018-12-08,5.0,13.0,11.0,72.0,292.0,26.0,213.0,33.0,270.0,83.0,75.0,24.0,2.0,62.0,14.0,12.0,25.0,20.0,5.0,8.0,6.0,59.0,52.0,53.0,9.0,0
2018-12-15,8.0,12.0,16.0,50.0,390.0,22.0,172.0,25.0,219.0,76.0,90.0,40.0,8.0,51.0,4.0,21.0,41.0,13.0,0.0,3.0,9.0,28.0,36.0,45.0,17.0,0
2018-12-22,0.0,18.0,22.0,47.0,320.0,17.0,151.0,19.0,236.0,102.0,54.0,32.0,13.0,45.0,4.0,7.0,35.0,8.0,1.0,2.0,8.0,27.0,25.0,26.0,11.0,0
2018-12-29,6.0,9.0,20.0,52.0,299.0,16.0,154.0,33.0,247.0,110.0,53.0,42.0,7.0,46.0,8.0,19.0,62.0,19.0,4.0,9.0,10.0,20.0,41.0,39.0,7.0,0
2019-01-05,9.0,9.0,24.0,55.0,326.0,41.0,188.0,41.0,252.0,93.0,96.0,31.0,4.0,66.0,6.0,7.0,51.0,16.0,2.0,10.0,9.0,23.0,49.0,32.0,22.0,0
2019-01-12,6.0,19.0,23.0,41.0,259.0,43.0,161.0,37.0,211.0,78.0,70.0,36.0,8.0,58.0,10.0,19.0,42.0,13.0,5.0,3.0,12.0,20.0,36.0,5.0,5.0,0
2019-01-19,4.0,25.0,12.0,43.0,341.0,30.0,177.0,29.0,190.0,70.0,69.0,41.0,15.0,44.0,3.0,17.0,64.0,12.0,2.0,4.0,7.0,16.0,48.0,11.0,7.0,0
2019-01-26,6.0,12.0,19.0,36.0,232.0,42.0,134.0,29.0,153.0,53.0,70.0,33.0,9.0,36.0,4.0,17.0,54.0,13.0,2.0,8.0,7.0,12.0,48.0,6.0,8.0,0
2019-02-02,5.0,16.0,17.0,41.0,201.0,32.0,118.0,20.0,129.0,31.0,54.0,14.0,3.0,37.0,7.0,14.0,29.0,10.0,0.0,1.0,2.0,20.0,45.0,21.0,12.0,0
2019-02-09,3.0,11.0,15.0,48.0,215.0,27.0,107.0,30.0,86.0,42.0,58.0,22.0,5.0,31.0,2.0,6.0,29.0,7.0,7.0,4.0,3.0,14.0,34.0,17.0,15.0,0
2019-02-16,4.0,12.0,17.0,70.0,144.0,19.0,69.0,12.0,86.0,40.0,47.0,29.0,6.0,33.0,1.0,16.0,21.0,8.0,3.0,4.0,6.0,15.0,38.0,19.0,4.0,0
2019-01-26,9.0,16.0,10.0,44.0,153.0,28.0,108.0,20.0,56.0,45.0,39.0,30.0,5.0,22.0,0.0,24.0,21.0,9.0,0.0,3.0,10.0,14.0,28.0,18.0,12.0,0
2019-03-02,3.0,9.0,12.0,44.0,170.0,44.0,99.0,17.0,49.0,42.0,53.0,19.0,4.0,43.0,4.0,15.0,13.0,7.0,6.0,1.0,4.0,8.0,33.0,39.0,14.0,0
2019-03-09,7.0,8.0,23.0,53.0,173.0,50.0,103.0,12.0,57.0,35.0,52.0,28.0,2.0,21.0,1.0,6.0,33.0,11.0,1.0,2.0,3.0,14.0,35.0,38.0,7.0,0
2019-03-16,6.0,12.0,13.0,34.0,184.0,13.0,101.0,9.0,64.0,43.0,35.0,15.0,3.0,25.0,2.0,7.0,11.0,13.0,1.0,3.0,2.0,9.0,30.0,30.0,13.0,0
2019-03-23,12.0,5.0,14.0,24.0,135.0,21.0,57.0,21.0,42.0,49.0,50.0,17.0,2.0,33.0,4.0,5.0,22.0,9.0,0.0,3.0,6.0,6.0,64.0,16.0,11.0,0
2019-03-30,3.0,9.0,9.0,43.0,166.0,35.0,91.0,20.0,54.0,38.0,35.0,16.0,3.0,28.0,1.0,3.0,24.0,8.0,1.0,1.0,2.0,9.0,30.0,35.0,1.0,0
2019-04-06,3.0,5.0,9.0,27.0,136.0,23.0,64.0,8.0,31.0,42.0,51.0,10.0,1.0,32.0,1.0,7.0,29.0,3.0,0.0,2.0,5.0,5.0,34.0,17.0,3.0,0
2019-04-13,0.0,4.0,4.0,19.0,99.0,16.0,75.0,10.0,32.0,35.0,45.0,13.0,4.0,24.0,1.0,2.0,15.0,7.0,0.0,1.0,4.0,8.0,13.0,30.0,5.0,0
2019-04-20,5.0,7.0,15.0,25.0,178.0,50.0,114.0,42.0,44.0,70.0,61.0,48.0,2.0,25.0,4.0,3.0,38.0,21.0,0.0,2.0,6.0,6.0,75.0,13.0,7.0,0
2019-04-27,2.0,8.0,7.0,21.0,168.0,43.0,100.0,23.0,20.0,52.0,63.0,23.0,1.0,20.0,2.0,8.0,31.0,8.0,1.0,3.0,5.0,7.0,30.0,10.0,3.0,0
2019-05-04,1.0,5.0,8.0,20.0,143.0,91.0,99.0,26.0,32.0,73.0,70.0,30.0,3.0,24.0,1.0,6.0,21.0,4.0,1.0,1.0,6.0,7.0,43.0,5.0,0.0,0
2019-05-11,3.0,1.0,9.0,20.0,192.0,133.0,121.0,15.0,30.0,54.0,45.0,13.0,1.0,14.0,2.0,5.0,18.0,3.0,0.0,6.0,5.0,7.0,30.0,12.0,4.0,0
2019-05-18,3.0,7.0,4.0,13.0,152.0,139.0,32.0,21.0,32.0,63.0,60.0,14.0,0.0,28.0,0.0,7.0,25.0,4.0,1.0,6.0,0.0,5.0,47.0,10.0,3.0,0
2019-05-25,2.0,7.0,13.0,25.0,211.0,223.0,102.0,24.0,9.0,92.0,58.0,30.0,7.0,29.0,1.0,2.0,35.0,10.0,1.0,3.0,6.0,3.0,65.0,20.0,4.0,0
2019-06-01,3.0,12.0,14.0,22.0,233.0,278.0,141.0,20.0,14.0,99.0,64.0,36.0,4.0,31.0,1.0,8.0,42.0,9.0,0.0,5.0,9.0,13.0,78.0,24.0,1.0,0
2019-06-08,9.0,15.0,13.0,10.0,280.0,238.0,152.0,35.0,8.0,156.0,71.0,34.0,1.0,20.0,1.0,12.0,103.0,10.0,1.0,5.0,15.0,24.0,70.0,25.0,2.0,0
2019-06-15,3.0,4.0,35.0,21.0,279.0,148.0,80.0,21.0,16.0,129.0,62.0,24.0,3.0,35.0,1.0,19.0,68.0,15.0,0.0,5.0,3.0,18.0,57.0,14.0,0.0,0
2019-06-22,9.0,10.0,25.0,10.0,334.0,236.0,228.0,48.0,20.0,153.0,81.0,57.0,0.0,37.0,0.0,12.0,82.0,25.0,0.0,7.0,6.0,29.0,72.0,12.0,5.0,0
2019-06-29,1.0,4.0,18.0,9.0,303.0,187.0,60.0,25.0,18.0,26.0,83.0,17.0,1.0,30.0,0.0,10.0,119.0,11.0,0.0,6.0,10.0,12.0,37.0,8.0,0.0,0
2019-07-06,8.0,16.0,39.0,20.0,477.0,275.0,432.0,47.0,23.0,220.0,141.0,63.0,2.0,53.0,0.0,17.0,131.0,10.0,0.0,13.0,15.0,37.0,77.0,4.0,5.0,0
2019-07-13,5.0,18.0,27.0,21.0,474.0,151.0,453.0,78.0,28.0,198.0,138.0,59.0,1.0,69.0,0.0,14.0,192.0,8.0,0.0,8.0,11.0,39.0,87.0,20.0,5.0,0
2019-07-20,9.0,16.0,22.0,15.0,489.0,186.0,487.0,78.0,21.0,188.0,134.0,51.0,4.0,68.0,0.0,15.0,129.0,16.0,1.0,4.0,9.0,29.0,91.0,15.0,1.0,0
2019-07-27,3.0,12.0,36.0,19.0,401.0,246.0,318.0,53.0,20.0,196.0,154.0,48.0,2.0,47.0,2.0,16.0,223.0,11.0,0.0,7.0,9.0,32.0,85.0,15.0,4.0,0
2019-08-03,8.0,26.0,20.0,15.0,391.0,253.0,372.0,94.0,23.0,234.0,134.0,65.0,1.0,63.0,0.0,15.0,130.0,0.0,1.0,3.0,6.0,30.0,95.0,12.0,2.0,0
2019-08-10,7.0,20.0,29.0,22.0,389.0,160.0,362.0,49.0,19.0,138.0,87.0,34.0,0.0,55.0,0.0,10.0,110.0,0.0,0.0,5.0,14.0,30.0,74.0,8.0,4.0,0
2019-08-17,5.0,20.0,37.0,22.0,399.0,133.0,440.0,48.0,29.0,206.0,148.0,66.0,0.0,67.0,0.0,18.0,172.0,0.0,0.0,10.0,7.0,40.0,88.0,9.0,2.0,0
2019-08-24,10.0,12.0,18.0,18.0,323.0,137.0,368.0,27.0,19.0,147.0,154.0,45.0,2.0,27.0,0.0,15.0,82.0,0.0,1.0,6.0,7.0,18.0,71.0,6.0,3.0,0
2019-08-31,9.0,9.0,29.0,21.0,297.0,120.0,280.0,43.0,19.0,178.0,139.0,57.0,3.0,36.0,1.0,12.0,81.0,0.0,0.0,8.0,2.0,27.0,85.0,7.0,2.0,0
2019-09-07,2.0,7.0,24.0,14.0,349.0,98.0,349.0,53.0,43.0,151.0,141.0,67.0,0.0,31.0,0.0,14.0,90.0,0.0,0.0,13.0,13.0,23.0,75.0,9.0,2.0,0
2019-09-14,7.0,10.0,38.0,12.0,396.0,122.0,386.0,39.0,46.0,190.0,258.0,83.0,6.0,36.0,0.0,15.0,117.0,0.0,0.0,4.0,8.0,42.0,141.0,11.0,1.0,0
2019-09-21,0.0,15.0,34.0,17.0,420.0,90.0,240.0,58.0,46.0,214.0,246.0,110.0,4.0,58.0,0.0,17.0,95.0,0.0,0.0,7.0,8.0,57.0,88.0,13.0,12.0,0
2019-09-28,7.0,13.0,40.0,24.0,647.0,105.0,351.0,55.0,77.0,178.0,331.0,99.0,8.0,103.0,0.0,21.0,116.0,0.0,1.0,13.0,13.0,69.0,77.0,15.0,7.0,0
2019-10-05,12.0,15.0,37.0,39.0,582.0,97.0,357.0,47.0,92.0,215.0,316.0,73.0,6.0,59.0,5.0,34.0,110.0,0.0,3.0,10.0,14.0,72.0,114.0,5.0,16.0,0
2019-10-12,7.0,33.0,69.0,39.0,587.0,130.0,500.0,46.0,142.0,265.0,383.0,66.0,5.0,74.0,2.0,44.0,120.0,0.0,0.0,14.0,14.0,87.0,91.0,29.0,22.0,0
2019-10-19,11.0,38.0,84.0,52.0,777.0,134.0,450.0,76.0,227.0,224.0,472.0,93.0,3.0,102.0,15.0,80.0,147.0,0.0,5.0,15.0,8.0,115.0,112.0,34.0,15.0,0
2019-10-26,13.0,33.0,77.0,67.0,815.0,138.0,532.0,47.0,299.0,304.0,479.0,72.0,13.0,123.0,9.0,99.0,114.0,0.0,5.0,15.0,19.0,144.0,124.0,49.0,9.0,0
2019-11-02,14.0,31.0,90.0,92.0,886.0,197.0,473.0,45.0,381.0,279.0,541.0,120.0,3.0,95.0,1.0,154.0,124.0,0.0,8.0,21.0,13.0,114.0,155.0,62.0,18.0,0
2019-11-09,11.0,46.0,82.0,97.0,891.0,182.0,328.0,42.0,449.0,264.0,448.0,85.0,19.0,100.0,13.0,153.0,93.0,0.0,11.0,11.0,17.0,118.0,112.0,75.0,9.0,0
2019-11-16,7.0,34.0,115.0,113.0,832.0,211.0,675.0,69.0,581.0,230.0,476.0,114.0,36.0,154.0,5.0,260.0,124.0,0.0,15.0,28.0,29.0,123.0,135.0,150.0,79.0,0
2019-11-23,15.0,67.0,126.0,142.0,793.0,208.0,487.0,60.0,931.0,239.0,500.0,103.0,28.0,110.0,12.0,212.0,88.0,0.0,14.0,22.0,27.0,125.0,143.0,196.0,69.0,0
2019-11-30,16.0,82.0,88.0,167.0,802.0,106.0,551.0,41.0,769.0,165.0,409.0,113.0,25.0,154.0,49.0,212.0,100.0,0.0,15.0,20.0,24.0,128.0,111.0,242.0,68.0,0
2019-12-07,14.0,51.0,92.0,150.0,669.0,155.0,488.0,38.0,648.0,147.0,324.0,67.0,37.0,118.0,11.0,198.0,69.0,0.0,13.0,19.0,21.0,86.0,74.0,254.0,89.0,0
2019-12-14,18.0,39.0,107.0,196.0,661.0,160.0,371.0,29.0,543.0,166.0,288.0,65.0,27.0,118.0,28.0,159.0,88.0,0.0,11.0,13.0,19.0,98.0,111.0,286.0,57.0,0
2019-12-21,9.0,47.0,84.0,223.0,616.0,221.0,362.0,42.0,425.0,193.0,273.0,74.0,25.0,136.0,6.0,128.0,49.0,0.0,8.0,22.0,23.0,100.0,57.0,297.0,43.0,0
2019-12-28,24.0,32.0,54.0,264.0,535.0,102.0,362.0,45.0,378.0,168.0,199.0,49.0,27.0,113.0,36.0,101.0,49.0,0.0,15.0,16.0,15.0,75.0,73.0,284.0,37.0,0
2020-01-04,21.0,42.0,58.0,343.0,462.0,178.0,201.0,37.0,287.0,155.0,224.0,53.0,21.0,64.0,22.0,76.0,72.0,0.0,3.0,10.0,16.0,62.0,62.0,263.0,0.0,0
2020-01-11,14.0,39.0,62.0,308.0,481.0,193.0,219.0,45.0,307.0,107.0,174.0,46.0,15.0,72.0,29.0,77.0,65.0,0.0,2.0,16.0,15.0,87.0,90.0,433.0,36.0,0
2020-01-18,47.0,45.0,54.0,228.0,439.0,131.0,238.0,38.0,254.0,98.0,154.0,47.0,16.0,170.0,18.0,64.0,48.0,0.0,11.0,38.0,21.0,53.0,88.0,399.0,31.0,0
2020-01-25,40.0,32.0,42.0,209.0,305.0,90.0,155.0,36.0,186.0,72.0,122.0,44.0,12.0,97.0,13.0,35.0,42.0,0.0,8.0,13.0,27.0,22.0,45.0,305.0,34.0,0
2020-01-01,43.0,25.0,30.0,189.0,247.0,93.0,132.0,28.0,158.0,94.0,104.0,30.0,9.0,58.0,6.0,32.0,34.0,0.0,5.0,9.0,30.0,15.0,54.0,229.0,19.0,0
2020-02-08,22.0,22.0,24.0,197.0,198.0,65.0,114.0,21.0,118.0,66.0,73.0,31.0,10.0,43.0,14.0,24.0,34.0,0.0,1.0,9.0,22.0,32.0,70.0,145.0,23.0,0
2020-02-15,12.0,20.0,22.0,149.0,138.0,51.0,87.0,12.0,118.0,55.0,62.0,21.0,6.0,26.0,1.0,23.0,29.0,0.0,5.0,5.0,11.0,12.0,31.0,91.0,9.0,0
2020-02-22,11.0,17.0,15.0,115.0,175.0,29.0,107.0,17.0,96.0,58.0,51.0,25.0,6.0,28.0,4.0,27.0,22.0,0.0,1.0,12.0,14.0,19.0,42.0,71.0,21.0,0
2020-02-29,16.0,8.0,17.0,108.0,92.0,29.0,47.0,12.0,81.0,35.0,26.0,20.0,5.0,23.0,0.0,13.0,3.0,0.0,0.0,5.0,10.0,12.0,21.0,46.0,3.0,0
2020-03-07,15.0,13.0,9.0,56.0,81.0,9.0,18.0,7.0,34.0,32.0,41.0,12.0,0.0,17.0,1.0,11.0,2.0,0.0,0.0,4.0,8.0,13.0,27.0,43.0,9.0,0
2020-03-14,8.0,9.0,4.0,34.0,48.0,3.0,10.0,2.0,19.0,20.0,21.0,3.0,3.0,8.0,0.0,10.0,0.0,0.0,1.0,2.0,4.0,4.0,7.0,22.0,3.0,0
2020-03-21,0.0,0.0,1.0,23.0,12.0,2.0,8.0,0.0,15.0,9.0,19.0,5.0,0.0,1.0,0.0,6.0,0.0,0.0,0.0,5.0,1.0,0.0,6.0,14.0,0.0,0
2020-03-28,0.0,1.0,3.0,24.0,2.0,1.0,4.0,0.0,17.0,15.0,6.0,6.0,1.0,1.0,0.0,2.0,0.0,0.0,1.0,1.0,1.0,0.0,16.0,18.0,2.0,0
2020-04-04,2.0,2.0,1.0,22.0,10.0,1.0,7.0,0.0,8.0,10.0,2.0,3.0,0.0,1.0,0.0,0.0,0.0,0.0,0.0,0.0,0.0,0.0,2.0,7.0,1.0,0
2020-04-11,1.0,0.0,1.0,23.0,8.0,1.0,2.0,4.0,4.0,8.0,14.0,3.0,0.0,1.0,0.0,3.0,0.0,0.0,0.0,0.0,1.0,3.0,0.0,7.0,1.0,0
2020-04-18,0.0,3.0,4.0,17.0,8.0,7.0,5.0,0.0,9.0,13.0,14.0,5.0,0.0,0.0,0.0,4.0,0.0,0.0,0.0,1.0,0.0,2.0,3.0,3.0,1.0,0
2020-04-25,3.0,0.0,2.0,24.0,10.0,8.0,3.0,3.0,18.0,8.0,10.0,13.0,0.0,0.0,0.0,7.0,0.0,0.0,0.0,0.0,1.0,5.0,18.0,1.0,1.0,0
2020-05-02,0.0,0.0,1.0,14.0,6.0,6.0,10.0,0.0,18.0,12.0,44.0,13.0,1.0,1.0,0.0,4.0,0.0,0.0,0.0,0.0,1.0,3.0,30.0,0.0,0.0,0
2020-05-09,1.0,3.0,6.0,12.0,24.0,8.0,8.0,1.0,9.0,8.0,32.0,14.0,0.0,0.0,1.0,2.0,0.0,0.0,0.0,1.0,0.0,3.0,36.0,6.0,1.0,0
2020-05-16,1.0,2.0,2.0,17.0,67.0,24.0,21.0,5.0,39.0,36.0,51.0,21.0,0.0,6.0,0.0,1.0,1.0,0.0,1.0,1.0,3.0,4.0,42.0,2.0,0.0,0
2020-05-23,1.0,2.0,2.0,13.0,80.0,11.0,31.0,1.0,28.0,37.0,78.0,20.0,0.0,7.0,0.0,7.0,0.0,0.0,0.0,0.0,1.0,5.0,77.0,8.0,2.0,0
2020-05-30,0.0,4.0,1.0,13.0,81.0,10.0,31.0,2.0,23.0,53.0,65.0,24.0,3.0,6.0,1.0,5.0,0.0,0.0,0.0,2.0,2.0,6.0,81.0,3.0,0.0,0
2020-06-06,4.0,8.0,8.0,12.0,62.0,3.0,48.0,4.0,12.0,56.0,113.0,21.0,2.0,14.0,0.0,8.0,0.0,0.0,0.0,2.0,4.0,5.0,81.0,4.0,1.0,0
2020-06-13,4.0,4.0,13.0,27.0,70.0,9.0,27.0,6.0,13.0,64.0,121.0,25.0,5.0,22.0,1.0,4.0,0.0,0.0,0.0,2.0,8.0,8.0,145.0,0.0,2.0,0
2020-06-20,2.0,4.0,8.0,17.0,58.0,1.0,55.0,3.0,10.0,77.0,150.0,29.0,1.0,14.0,1.0,4.0,0.0,0.0,0.0,5.0,6.0,2.0,91.0,4.0,1.0,0
2020-06-27,1.0,3.0,3.0,17.0,50.0,12.0,43.0,6.0,16.0,49.0,130.0,25.0,0.0,8.0,3.0,10.0,0.0,0.0,1.0,2.0,4.0,7.0,108.0,1.0,1.0,0
2020-07-04,1.0,2.0,1.0,14.0,45.0,0.0,24.0,1.0,13.0,41.0,128.0,21.0,0.0,11.0,2.0,2.0,0.0,0.0,0.0,3.0,2.0,9.0,78.0,3.0,0.0,0
2020-07-11,1.0,4.0,7.0,17.0,82.0,3.0,22.0,9.0,8.0,30.0,149.0,20.0,3.0,12.0,0.0,7.0,0.0,0.0,0.0,2.0,1.0,2.0,42.0,6.0,6.0,0
2020-07-18,2.0,0.0,1.0,14.0,47.0,0.0,18.0,6.0,10.0,22.0,87.0,4.0,1.0,7.0,1.0,5.0,0.0,0.0,0.0,3.0,1.0,0.0,32.0,1.0,0.0,0
2020-07-25,0.0,6.0,5.0,16.0,72.0,19.0,23.0,2.0,4.0,28.0,97.0,26.0,2.0,12.0,2.0,5.0,6.0,0.0,0.0,4.0,0.0,5.0,75.0,3.0,0.0,0
2020-08-01,0.0,1.0,3.0,6.0,53.0,15.0,31.0,3.0,6.0,14.0,105.0,17.0,2.0,11.0,0.0,4.0,3.0,0.0,0.0,1.0,1.0,10.0,38.0,2.0,2.0,0
2020-08-08,2.0,3.0,2.0,14.0,55.0,20.0,50.0,8.0,5.0,23.0,101.0,16.0,0.0,19.0,3.0,2.0,7.0,0.0,1.0,3.0,2.0,10.0,50.0,0.0,0.0,0
2020-08-15,1.0,2.0,3.0,9.0,52.0,10.0,62.0,5.0,9.0,28.0,98.0,12.0,1.0,24.0,0.0,5.0,5.0,0.0,1.0,3.0,0.0,8.0,30.0,1.0,0.0,0
2020-08-22,1.0,2.0,0.0,11.0,71.0,9.0,50.0,1.0,6.0,23.0,89.0,17.0,0.0,14.0,0.0,8.0,2.0,0.0,1.0,2.0,1.0,7.0,34.0,2.0,0.0,0
2020-08-29,0.0,3.0,3.0,14.0,54.0,13.0,39.0,3.0,13.0,18.0,64.0,16.0,0.0,5.0,0.0,4.0,3.0,0.0,1.0,2.0,0.0,3.0,13.0,2.0,0.0,0
2020-09-05,2.0,3.0,2.0,9.0,56.0,15.0,37.0,5.0,8.0,25.0,90.0,17.0,1.0,4.0,0.0,1.0,4.0,0.0,0.0,2.0,2.0,3.0,22.0,1.0,0.0,0
2020-09-11,0.0,3.0,1.0,9.0,44.0,10.0,34.0,2.0,19.0,13.0,69.0,11.0,0.0,12.0,0.0,7.0,4.0,0.0,0.0,3.0,1.0,0.0,17.0,0.0,0.0,0
2020-09-19,1.0,2.0,0.0,16.0,38.0,23.0,37.0,2.0,15.0,17.0,52.0,11.0,0.0,8.0,1.0,3.0,4.0,0.0,0.0,1.0,2.0,4.0,30.0,0.0,1.0,0
2020-09-26,0.0,3.0,2.0,16.0,34.0,11.0,14.0,2.0,12.0,10.0,51.0,8.0,1.0,3.0,0.0,3.0,4.0,0.0,0.0,0.0,1.0,3.0,10.0,1.0,0.0,0
2020-10-03,0.0,6.0,3.0,39.0,44.0,7.0,11.0,5.0,10.0,8.0,54.0,8.0,1.0,8.0,0.0,7.0,9.0,0.0,0.0,1.0,3.0,2.0,12.0,1.0,0.0,0
2020-10-10,1.0,0.0,2.0,67.0,37.0,5.0,5.0,1.0,15.0,11.0,45.0,4.0,0.0,9.0,0.0,1.0,7.0,0.0,0.0,0.0,5.0,3.0,11.0,0.0,0.0,0
2020-10-17,2.0,1.0,3.0,67.0,23.0,3.0,3.0,2.0,7.0,5.0,28.0,10.0,1.0,10.0,0.0,3.0,5.0,0.0,0.0,0.0,2.0,3.0,11.0,1.0,0.0,0
2020-10-24,0.0,0.0,0.0,47.0,9.0,1.0,5.0,0.0,8.0,2.0,24.0,7.0,0.0,3.0,0.0,0.0,2.0,0.0,0.0,0.0,0.0,2.0,13.0,1.0,0.0,0
2020-10-31,3.0,1.0,4.0,59.0,14.0,2.0,6.0,1.0,8.0,5.0,34.0,9.0,2.0,1.0,0.0,6.0,9.0,0.0,0.0,0.0,1.0,4.0,18.0,0.0,0.0,0
2020-11-07,0.0,1.0,1.0,49.0,17.0,4.0,11.0,3.0,4.0,4.0,24.0,8.0,0.0,6.0,0.0,1.0,2.0,0.0,0.0,0.0,0.0,0.0,9.0,1.0,0.0,0
2020-11-14,1.0,1.0,5.0,46.0,16.0,3.0,21.0,2.0,6.0,11.0,27.0,12.0,1.0,0.0,0.0,5.0,4.0,0.0,0.0,0.0,2.0,1.0,6.0,1.0,0.0,0
2020-12-21,1.0,1.0,7.0,122.0,12.0,8.0,11.0,0.0,3.0,13.0,17.0,10.0,2.0,4.0,0.0,2.0,2.0,0.0,1.0,0.0,0.0,6.0,13.0,1.0,2.0,0
2020-11-28,0.0,2.0,8.0,133.0,17.0,2.0,7.0,4.0,8.0,10.0,10.0,4.0,0.0,9.0,1.0,0.0,3.0,0.0,0.0,0.0,0.0,8.0,4.0,1.0,0.0,0
2020-12-05,0.0,4.0,7.0,181.0,6.0,5.0,16.0,2.0,7.0,20.0,12.0,8.0,1.0,8.0,0.0,2.0,1.0,0.0,0.0,1.0,2.0,0.0,7.0,3.0,0.0,0
2020-12-12,0.0,1.0,5.0,248.0,39.0,0.0,13.0,2.0,11.0,13.0,17.0,7.0,0.0,11.0,1.0,2.0,2.0,0.0,1.0,0.0,0.0,4.0,6.0,2.0,0.0,0
2020-12-19,0.0,3.0,10.0,278.0,30.0,6.0,16.0,1.0,13.0,6.0,6.0,3.0,0.0,3.0,1.0,6.0,2.0,0.0,3.0,0.0,3.0,2.0,1.0,2.0,1.0,0
2020-12-26,0.0,4.0,0.0,208.0,35.0,3.0,17.0,2.0,6.0,18.0,20.0,3.0,1.0,12.0,1.0,2.0,7.0,0.0,0.0,0.0,0.0,8.0,2.0,0.0,0.0,0
2021-01-02,0.0,0.0,7.0,265.0,30.0,7.0,20.0,4.0,5.0,18.0,8.0,11.0,2.0,14.0,1.0,1.0,3.0,1.0,2.0,0.0,1.0,11.0,2.0,1.0,0.0,0
2021-01-09,0.0,4.0,4.0,173.0,15.0,4.0,19.0,4.0,8.0,17.0,9.0,1.0,2.0,13.0,0.0,5.0,9.0,1.0,0.0,3.0,0.0,9.0,7.0,4.0,0.0,0
2021-01-16,1.0,2.0,0.0,249.0,26.0,3.0,18.0,5.0,13.0,17.0,13.0,4.0,2.0,16.0,1.0,3.0,6.0,3.0,0.0,1.0,1.0,9.0,13.0,4.0,3.0,0
2021-01-23,1.0,3.0,1.0,237.0,21.0,2.0,20.0,3.0,12.0,12.0,17.0,4.0,3.0,7.0,1.0,1.0,3.0,0.0,0.0,1.0,0.0,12.0,14.0,4.0,1.0,0
2021-01-30,0.0,1.0,0.0,274.0,28.0,2.0,17.0,9.0,2.0,10.0,9.0,7.0,3.0,10.0,3.0,0.0,4.0,1.0,0.0,0.0,3.0,3.0,9.0,5.0,0.0,0
2021-02-06,3.0,2.0,0.0,318.0,40.0,4.0,33.0,8.0,7.0,25.0,12.0,7.0,2.0,9.0,0.0,1.0,8.0,1.0,1.0,0.0,1.0,12.0,13.0,13.0,4.0,0
2021-02-13,0.0,4.0,1.0,241.0,73.0,8.0,45.0,4.0,7.0,15.0,11.0,6.0,1.0,25.0,0.0,3.0,9.0,5.0,0.0,1.0,0.0,8.0,13.0,7.0,4.0,0
2021-02-20,1.0,2.0,0.0,155.0,51.0,1.0,25.0,7.0,3.0,14.0,15.0,11.0,0.0,10.0,1.0,1.0,12.0,2.0,0.0,0.0,2.0,9.0,9.0,8.0,3.0,0
2021-02-27,2.0,5.0,2.0,171.0,75.0,6.0,38.0,3.0,9.0,20.0,10.0,19.0,0.0,38.0,5.0,8.0,9.0,0.0,0.0,1.0,5.0,8.0,23.0,9.0,3.0,0
2021-03-06,1.0,2.0,2.0,95.0,95.0,3.0,55.0,9.0,7.0,25.0,9.0,10.0,0.0,43.0,0.0,2.0,5.0,1.0,0.0,3.0,0.0,8.0,20.0,12.0,2.0,0
2021-03-13,1.0,10.0,3.0,72.0,145.0,6.0,45.0,15.0,4.0,49.0,16.0,10.0,0.0,35.0,0.0,1.0,5.0,10.0,0.0,2.0,3.0,12.0,21.0,3.0,0.0,0
2021-03-20,1.0,9.0,2.0,83.0,57.0,13.0,53.0,5.0,2.0,28.0,16.0,16.0,1.0,48.0,1.0,0.0,12.0,5.0,0.0,2.0,2.0,19.0,26.0,2.0,2.0,0
2021-03-27,0.0,2.0,0.0,48.0,82.0,8.0,34.0,12.0,0.0,32.0,18.0,15.0,2.0,31.0,2.0,1.0,6.0,3.0,0.0,1.0,2.0,8.0,7.0,2.0,0.0,0
2021-04-03,0.0,10.0,4.0,44.0,88.0,5.0,46.0,8.0,0.0,22.0,20.0,18.0,0.0,54.0,0.0,1.0,10.0,2.0,0.0,3.0,2.0,16.0,17.0,3.0,2.0,0
2021-04-10,1.0,5.0,2.0,58.0,91.0,6.0,36.0,5.0,4.0,21.0,11.0,19.0,0.0,11.0,1.0,1.0,0.0,5.0,0.0,0.0,0.0,4.0,3.0,1.0,1.0,0
2021-04-17,5.0,9.0,9.0,71.0,57.0,13.0,37.0,17.0,5.0,46.0,29.0,30.0,1.0,34.0,1.0,2.0,32.0,4.0,0.0,3.0,3.0,18.0,26.0,7.0,2.0,0
2021-04-24,0.0,4.0,8.0,57.0,125.0,4.0,27.0,6.0,2.0,27.0,12.0,10.0,0.0,21.0,1.0,4.0,7.0,2.0,0.0,2.0,3.0,6.0,7.0,5.0,0.0,0
2021-05-01,0.0,9.0,2.0,27.0,84.0,11.0,20.0,4.0,5.0,14.0,15.0,18.0,0.0,18.0,0.0,5.0,4.0,3.0,2.0,0.0,6.0,6.0,13.0,2.0,1.0,0
2021-05-08,1.0,7.0,3.0,29.0,36.0,3.0,10.0,7.0,2.0,18.0,9.0,7.0,1.0,13.0,0.0,1.0,4.0,2.0,0.0,1.0,0.0,1.0,10.0,0.0,0.0,0
2021-05-15,2.0,8.0,2.0,16.0,34.0,1.0,15.0,5.0,2.0,20.0,5.0,9.0,0.0,15.0,0.0,0.0,3.0,0.0,0.0,2.0,5.0,4.0,8.0,1.0,0.0,0
2021-05-22,1.0,6.0,0.0,19.0,42.0,1.0,10.0,2.0,1.0,11.0,8.0,4.0,0.0,3.0,0.0,0.0,4.0,0.0,0.0,1.0,0.0,0.0,3.0,0.0,2.0,0
2021-05-29,0.0,2.0,2.0,18.0,75.0,0.0,19.0,5.0,0.0,25.0,6.0,2.0,1.0,11.0,0.0,2.0,5.0,1.0,0.0,0.0,0.0,5.0,7.0,1.0,0.0,0
2021-06-05,0.0,1.0,2.0,10.0,123.0,3.0,38.0,8.0,3.0,22.0,6.0,9.0,0.0,11.0,0.0,3.0,11.0,4.0,0.0,2.0,1.0,7.0,0.0,1.0,0.0,0
2021-06-12,1.0,0.0,15.0,12.0,149.0,4.0,42.0,9.0,4.0,26.0,8.0,6.0,0.0,21.0,0.0,5.0,22.0,2.0,0.0,1.0,2.0,2.0,9.0,0.0,0.0,0
2021-06-19,4.0,11.0,21.0,10.0,191.0,21.0,86.0,17.0,3.0,39.0,20.0,8.0,0.0,30.0,1.0,7.0,55.0,8.0,0.0,0.0,5.0,13.0,5.0,0.0,2.0,0
2021-06-26,0.0,9.0,11.0,6.0,200.0,15.0,78.0,22.0,0.0,51.0,34.0,13.0,0.0,70.0,0.0,7.0,40.0,4.0,0.0,0.0,1.0,10.0,22.0,1.0,1.0,0
2021-07-03,1.0,5.0,6.0,10.0,223.0,9.0,121.0,14.0,0.0,55.0,25.0,10.0,0.0,42.0,1.0,13.0,10.0,9.0,0.0,2.0,1.0,7.0,21.0,0.0,0.0,0
2021-07-10,1.0,3.0,13.0,4.0,216.0,10.0,104.0,8.0,0.0,42.0,25.0,18.0,1.0,15.0,0.0,7.0,34.0,5.0,0.0,1.0,3.0,7.0,12.0,0.0,2.0,0
2021-07-17,2.0,5.0,1.0,1.0,13.0,12.0,11.0,10.0,2.0,69.0,17.0,12.0,0.0,36.0,1.0,11.0,11.0,2.0,0.0,2.0,1.0,7.0,7.0,0.0,0.0,0
2021-07-24,1.0,5.0,16.0,5.0,18.0,14.0,10.0,14.0,2.0,73.0,28.0,17.0,0.0,43.0,1.0,20.0,16.0,5.0,0.0,0.0,1.0,10.0,23.0,0.0,0.0,0
2021-07-31,2.0,3.0,6.0,1.0,10.0,13.0,53.0,7.0,1.0,34.0,20.0,11.0,0.0,46.0,0.0,12.0,13.0,2.0,0.0,0.0,3.0,10.0,12.0,0.0,0.0,0
2021-08-07,0.0,9.0,2.0,0.0,82.0,4.0,19.0,2.0,1.0,16.0,18.0,8.0,0.0,21.0,0.0,17.0,10.0,2.0,0.0,1.0,5.0,4.0,8.0,2.0,0.0,0
2021-08-14,1.0,1.0,9.0,6.0,48.0,4.0,24.0,5.0,1.0,10.0,13.0,3.0,0.0,5.0,1.0,4.0,4.0,6.0,0.0,1.0,0.0,3.0,12.0,0.0,0.0,0
2021-08-21,0.0,1.0,0.0,1.0,50.0,3.0,17.0,0.0,0.0,23.0,17.0,3.0,1.0,5.0,0.0,0.0,4.0,1.0,0.0,0.0,0.0,1.0,1.0,0.0,0.0,0
2021-08-28,0.0,1.0,2.0,1.0,62.0,5.0,14.0,3.0,0.0,10.0,8.0,1.0,0.0,2.0,0.0,0.0,1.0,0.0,0.0,0.0,0.0,0.0,1.0,0.0,0.0,0
2021-09-04,1.0,4.0,3.0,1.0,49.0,9.0,27.0,5.0,0.0,15.0,8.0,2.0,1.0,13.0,0.0,3.0,6.0,2.0,0.0,1.0,1.0,5.0,3.0,3.0,0.0,0
2021-09-11,0.0,4.0,3.0,0.0,59.0,11.0,50.0,6.0,0.0,29.0,7.0,1.0,0.0,9.0,0.0,5.0,7.0,0.0,0.0,2.0,2.0,0.0,8.0,0.0,0.0,0
2021-09-18,1.0,0.0,6.0,1.0,75.0,16.0,32.0,2.0,1.0,30.0,9.0,2.0,0.0,23.0,0.0,1.0,9.0,1.0,0.0,0.0,1.0,1.0,1.0,2.0,0.0,0
2021-09-25,,,,,,,,,,,,,,,,,,,,,,,,,,1
2021-10-02,0.0,1.0,30.0,2.0,14.0,10.0,79.0,9.0,0.0,30.0,23.0,6.0,0.0,23.0,0.0,5.0,16.0,5.0,0.0,2.0,0.0,6.0,7.0,0.0,1.0,0
2021-10-09,,,,,,,,,,,,,,,,,,,,,,,,,,1
2021-10-16,0.0,3.0,38.0,7.0,19.0,12.0,12.0,5.0,0.0,36.0,29.0,5.0,0.0,35.0,1.0,8.0,10.0,1.0,0.0,0.0,3.0,6.0,8.0,2.0,1.0,0
2021-10-23,1.0,2.0,25.0,8.0,190.0,14.0,104.0,9.0,2.0,38.0,25.0,11.0,0.0,57.0,1.0,3.0,5.0,2.0,1.0,1.0,2.0,3.0,16.0,0.0,1.0,0
2021-10-30,0.0,2.0,30.0,3.0,24.0,17.0,15.0,6.0,6.0,29.0,27.0,15.0,0.0,33.0,1.0,16.0,6.0,7.0,0.0,1.0,2.0,7.0,10.0,3.0,0.0,0
2021-11-06,0.0,5.0,55.0,2.0,23.0,15.0,15.0,6.0,1.0,43.0,25.0,8.0,0.0,54.0,0.0,5.0,10.0,2.0,1.0,4.0,3.0,4.0,18.0,11.0,0.0,0
2021-11-13,1.0,4.0,50.0,9.0,20.0,20.0,20.0,4.0,4.0,41.0,32.0,26.0,0.0,53.0,1.0,7.0,20.0,4.0,0.0,5.0,2.0,12.0,18.0,6.0,3.0,0
2021-11-20,2.0,1.0,67.0,11.0,24.0,13.0,21.0,9.0,10.0,39.0,47.0,14.0,1.0,96.0,7.0,7.0,11.0,3.0,0.0,0.0,3.0,16.0,17.0,20.0,3.0,0
2021-11-27,3.0,9.0,34.0,12.0,309.0,31.0,218.0,12.0,11.0,76.0,46.0,23.0,3.0,67.0,30.0,14.0,26.0,5.0,0.0,2.0,2.0,37.0,13.0,22.0,4.0,0
2021-12-04,10.0,2.0,46.0,28.0,34.0,22.0,24.0,12.0,40.0,93.0,47.0,36.0,1.0,64.0,63.0,11.0,14.0,4.0,0.0,2.0,5.0,30.0,25.0,10.0,3.0,0
2021-12-11,1.0,13.0,78.0,25.0,40.0,44.0,43.0,25.0,74.0,20.0,72.0,42.0,9.0,23.0,18.0,4.0,31.0,14.0,0.0,7.0,8.0,90.0,47.0,30.0,3.0,0
2021-12-18,1.0,13.0,78.0,25.0,40.0,44.0,43.0,25.0,74.0,20.0,72.0,42.0,9.0,23.0,18.0,4.0,31.0,14.0,0.0,7.0,8.0,90.0,47.0,30.0,3.0,0
2021-12-25,2.0,13.0,78.0,25.0,40.0,44.0,43.0,25.0,74.0,20.0,72.0,42.0,9.0,23.0,18.0,4.0,31.0,14.0,0.0,7.0,8.0,90.0,47.0,30.0,3.0,0
2022-01-01,16.0,15.0,81.0,34.0,47.0,80.0,48.0,40.0,11.0,10.0,10.0,49.0,9.0,19.0,37.0,18.0,17.0,9.0,2.0,2.0,8.0,13.0,72.0,33.0,3.0,0
2022-01-08,5.0,14.0,47.0,30.0,31.0,59.0,32.0,17.0,91.0,75.0,78.0,49.0,1.0,11.0,18.0,12.0,25.0,4.0,2.0,6.0,5.0,87.0,72.0,19.0,3.0,0
2022-01-15,5.0,16.0,60.0,31.0,30.0,84.0,28.0,19.0,92.0,88.0,53.0,33.0,7.0,21.0,26.0,12.0,21.0,13.0,6.0,12.0,7.0,12.0,51.0,37.0,7.0,0
2022-01-22,5.0,14.0,63.0,11.0,20.0,76.0,17.0,28.0,11.0,64.0,66.0,65.0,7.0,11.0,29.0,13.0,29.0,11.0,2.0,5.0,6.0,88.0,49.0,21.0,8.0,0
2022-01-29,0.0,14.0,21.0,23.0,13.0,52.0,90.0,30.0,66.0,56.0,41.0,29.0,3.0,58.0,13.0,15.0,27.0,11.0,1.0,3.0,4.0,52.0,69.0,33.0,3.0,0
2022-02-05,1.0,7.0,8.0,26.0,12.0,21.0,63.0,4.0,55.0,25.0,30.0,5.0,3.0,29.0,8.0,7.0,8.0,3.0,1.0,4.0,0.0,38.0,28.0,3.0,0.0,0
2022-02-12,1.0,7.0,10.0,26.0,12.0,30.0,10.0,12.0,57.0,36.0,15.0,10.0,1.0,80.0,4.0,8.0,24.0,4.0,2.0,2.0,0.0,78.0,27.0,37.0,3.0,0
2022-02-19,2.0,8.0,13.0,10.0,11.0,73.0,71.0,12.0,44.0,44.0,25.0,32.0,1.0,42.0,0.0,12.0,16.0,4.0,1.0,2.0,1.0,54.0,26.0,34.0,6.0,0
2022-02-26,3.0,1.0,4.0,15.0,60.0,55.0,42.0,9.0,51.0,59.0,28.0,16.0,3.0,21.0,3.0,6.0,20.0,8.0,2.0,5.0,2.0,36.0,38.0,26.0,2.0,0
2022-03-05,1.0,13.0,15.0,21.0,98.0,53.0,78.0,11.0,46.0,36.0,24.0,19.0,2.0,32.0,0.0,2.0,23.0,5.0,1.0,2.0,2.0,35.0,35.0,21.0,2.0,0
2022-03-12,1.0,4.0,6.0,28.0,88.0,29.0,56.0,4.0,82.0,45.0,23.0,23.0,0.0,40.0,0.0,9.0,9.0,3.0,0.0,2.0,2.0,27.0,41.0,23.0,2.0,0
2022-03-19,1.0,12.0,16.0,36.0,10.0,39.0,60.0,16.0,68.0,64.0,22.0,19.0,5.0,25.0,2.0,8.0,8.0,11.0,2.0,5.0,2.0,13.0,36.0,32.0,0.0,0
2022-03-26,2.0,5.0,13.0,35.0,10.0,29.0,45.0,9.0,80.0,38.0,15.0,18.0,4.0,22.0,1.0,3.0,16.0,2.0,0.0,2.0,1.0,26.0,44.0,36.0,2.0,0
2022-04-02,2.0,6.0,8.0,43.0,10.0,39.0,63.0,16.0,94.0,53.0,37.0,27.0,2.0,36.0,1.0,8.0,18.0,11.0,3.0,0.0,1.0,26.0,44.0,50.0,0.0,0
2022-04-09,0.0,0.0,8.0,40.0,27.0,8.0,45.0,5.0,73.0,29.0,19.0,21.0,0.0,12.0,0.0,6.0,0.0,4.0,0.0,1.0,1.0,8.0,10.0,29.0,2.0,0
2022-04-16,7.0,7.0,10.0,38.0,13.0,72.0,84.0,36.0,84.0,92.0,39.0,39.0,2.0,24.0,1.0,9.0,42.0,10.0,2.0,6.0,4.0,26.0,72.0,90.0,0.0,0
2022-04-23,3.0,7.0,6.0,40.0,13.0,13.0,97.0,25.0,11.0,91.0,40.0,29.0,5.0,14.0,3.0,7.0,34.0,7.0,3.0,2.0,1.0,21.0,46.0,73.0,0.0,0
2022-04-30,5.0,4.0,7.0,49.0,12.0,73.0,79.0,26.0,85.0,93.0,60.0,43.0,3.0,22.0,0.0,14.0,35.0,6.0,0.0,0.0,1.0,30.0,40.0,89.0,1.0,0
2022-05-07,2.0,4.0,3.0,64.0,11.0,83.0,64.0,24.0,97.0,73.0,61.0,45.0,3.0,19.0,1.0,15.0,18.0,8.0,0.0,8.0,0.0,21.0,38.0,50.0,0.0,0
2022-05-14,0.0,5.0,9.0,65.0,25.0,10.0,10.0,39.0,11.0,13.0,86.0,55.0,5.0,35.0,1.0,7.0,35.0,10.0,1.0,4.0,1.0,34.0,72.0,21.0,0.0,0
2022-05-21,3.0,10.0,21.0,43.0,29.0,12.0,77.0,19.0,11.0,97.0,11.0,36.0,2.0,59.0,5.0,36.0,55.0,10.0,1.0,1.0,2.0,28.0,73.0,18.0,0.0,0
2022-05-28,3.0,12.0,24.0,43.0,29.0,12.0,90.0,19.0,11.0,97.0,11.0,44.0,2.0,60.0,5.0,36.0,55.0,10.0,1.0,1.0,2.0,28.0,76.0,21.0,0.0,0
2022-06-04,4.0,3.0,31.0,33.0,31.0,11.0,72.0,20.0,10.0,83.0,12.0,68.0,0.0,44.0,5.0,21.0,58.0,12.0,1.0,8.0,1.0,23.0,40.0,16.0,5.0,0
2022-06-11,10.0,5.0,33.0,31.0,43.0,11.0,21.0,24.0,97.0,11.0,19.0,12.0,5.0,64.0,0.0,61.0,44.0,14.0,1.0,5.0,2.0,49.0,46.0,6.0,0.0,0
2022-06-18,8.0,13.0,51.0,29.0,58.0,15.0,17.0,53.0,67.0,14.0,21.0,11.0,4.0,86.0,4.0,61.0,82.0,23.0,4.0,10.0,9.0,34.0,84.0,20.0,0.0,0
2022-06-25,4.0,8.0,24.0,26.0,58.0,12.0,15.0,92.0,51.0,13.0,19.0,97.0,4.0,63.0,2.0,46.0,60.0,22.0,0.0,10.0,0.0,29.0,53.0,4.0,3.0,0
2022-07-02,1.0,4.0,30.0,30.0,84.0,10.0,18.0,85.0,60.0,11.0,27.0,12.0,2.0,67.0,2.0,34.0,81.0,15.0,0.0,10.0,9.0,16.0,42.0,8.0,1.0,0
2022-07-09,6.0,0.0,21.0,28.0,13.0,13.0,72.0,57.0,48.0,35.0,20.0,84.0,2.0,53.0,1.0,20.0,63.0,16.0,1.0,5.0,1.0,10.0,80.0,6.0,0.0,0
2022-07-16,2.0,10.0,36.0,14.0,48.0,15.0,19.0,93.0,39.0,13.0,23.0,12.0,1.0,10.0,0.0,34.0,76.0,16.0,1.0,11.0,7.0,21.0,12.0,6.0,4.0,0
2022-07-23,4.0,25.0,36.0,8.0,38.0,15.0,17.0,76.0,46.0,17.0,23.0,11.0,1.0,61.0,1.0,36.0,59.0,11.0,1.0,9.0,7.0,36.0,13.0,1.0,0.0,0
2022-07-30,3.0,14.0,27.0,9.0,29.0,10.0,11.0,11.0,29.0,93.0,24.0,11.0,1.0,90.0,0.0,38.0,61.0,15.0,0.0,7.0,3.0,13.0,10.0,4.0,1.0,0
2022-08-06,4.0,7.0,15.0,11.0,98.0,52.0,49.0,34.0,34.0,66.0,19.0,89.0,0.0,30.0,3.0,15.0,60.0,3.0,0.0,4.0,4.0,15.0,39.0,4.0,0.0,0
2022-08-13,4.0,4.0,24.0,13.0,19.0,48.0,11.0,81.0,53.0,81.0,19.0,12.0,3.0,58.0,0.0,21.0,33.0,20.0,0.0,3.0,5.0,27.0,74.0,3.0,1.0,0
2022-08-20,0.0,6.0,21.0,13.0,16.0,50.0,94.0,36.0,38.0,74.0,18.0,93.0,4.0,30.0,0.0,23.0,44.0,7.0,1.0,7.0,3.0,33.0,36.0,1.0,2.0,0
2022-08-27,0.0,4.0,7.0,3.0,33.0,68.0,46.0,30.0,33.0,13.0,39.0,34.0,1.0,27.0,0.0,25.0,37.0,3.0,1.0,8.0,2.0,17.0,6.0,0.0,0.0,0
2022-09-03,0.0,1.0,13.0,1.0,83.0,56.0,73.0,34.0,29.0,32.0,11.0,50.0,0.0,28.0,0.0,13.0,43.0,8.0,0.0,3.0,0.0,15.0,17.0,2.0,0.0,0
2022-09-10,0.0,0.0,0.0,0.0,21.0,0.0,9.0,0.0,0.0,23.0,0.0,0.0,0.0,0.0,0.0,0.0,0.0,0.0,0.0,0.0,0.0,0.0,0.0,0.0,0.0,0
2022-09-17,3.0,1.0,14.0,13.0,81.0,39.0,58.0,16.0,47.0,39.0,90.0,36.0,4.0,23.0,0.0,43.0,25.0,7.0,1.0,2.0,5.0,35.0,22.0,5.0,0.0,0
2022-09-24,3.0,7.0,21.0,10.0,58.0,27.0,37.0,16.0,58.0,30.0,100.0,21.0,3.0,16.0,2.0,21.0,21.0,6.0,0.0,2.0,3.0,29.0,22.0,2.0,0.0,0
2022-10-01,0.0,1.0,23.0,7.0,12.0,33.0,70.0,13.0,52.0,50.0,11.0,30.0,1.0,19.0,3.0,35.0,29.0,8.0,1.0,4.0,3.0,44.0,29.0,7.0,3.0,0
2022-10-08,1.0,4.0,25.0,18.0,10.0,23.0,11.0,19.0,66.0,43.0,87.0,37.0,2.0,37.0,3.0,39.0,25.0,13.0,0.0,4.0,0.0,35.0,29.0,6.0,2.0,0
2022-10-15,2.0,2.0,27.0,15.0,12.0,38.0,86.0,12.0,51.0,44.0,97.0,28.0,2.0,25.0,5.0,23.0,16.0,10.0,0.0,4.0,0.0,33.0,19.0,5.0,1.0,0
2022-10-22,,,,,,,,,,,,,,,,,,,,,,,,,,1
2022-10-29,0.0,6.0,63.0,12.0,11.0,28.0,86.0,18.0,72.0,18.0,96.0,43.0,0.0,37.0,5.0,30.0,24.0,13.0,0.0,4.0,1.0,28.0,26.0,8.0,1.0,0
2022-11-05,0.0,4.0,45.0,19.0,56.0,27.0,44.0,11.0,65.0,27.0,84.0,26.0,0.0,11.0,11.0,22.0,30.0,3.0,0.0,2.0,0.0,40.0,12.0,0.0,1.0,0
2022-11-12,2.0,7.0,62.0,13.0,71.0,34.0,76.0,21.0,79.0,48.0,82.0,28.0,2.0,29.0,15.0,42.0,19.0,5.0,2.0,5.0,0.0,49.0,22.0,6.0,2.0,0
2022-11-19,2.0,3.0,56.0,12.0,10.0,22.0,31.0,18.0,86.0,61.0,79.0,22.0,1.0,26.0,6.0,25.0,17.0,8.0,0.0,1.0,3.0,86.0,18.0,4.0,0.0,0
2022-11-26,8.0,3.0,41.0,13.0,79.0,39.0,49.0,6.0,12.0,29.0,10.0,26.0,2.0,27.0,12.0,39.0,31.0,3.0,1.0,2.0,3.0,37.0,14.0,10.0,1.0,0
2022-12-03,3.0,2.0,55.0,13.0,17.0,21.0,54.0,15.0,14.0,16.0,69.0,11.0,0.0,35.0,11.0,23.0,16.0,3.0,1.0,2.0,2.0,15.0,22.0,15.0,1.0,0
2022-12-10,0.0,3.0,51.0,8.0,25.0,38.0,10.0,18.0,17.0,48.0,73.0,66.0,6.0,58.0,1.0,19.0,27.0,7.0,0.0,5.0,2.0,11.0,41.0,12.0,0.0,0
2022-12-17,4.0,5.0,41.0,10.0,20.0,28.0,11.0,9.0,13.0,64.0,64.0,43.0,1.0,66.0,10.0,27.0,34.0,9.0,1.0,4.0,9.0,90.0,35.0,21.0,0.0,0
2022-12-24,3.0,9.0,29.0,23.0,25.0,28.0,23.0,13.0,12.0,74.0,50.0,46.0,8.0,51.0,7.0,25.0,22.0,5.0,4.0,3.0,9.0,21.0,26.0,23.0,1.0,0
2022-12-31,6.0,7.0,55.0,34.0,196.0,24.0,188.0,14.0,127.0,80.0,72.0,40.0,3.0,56.0,2.0,38.0,34.0,8.0,0.0,5.0,13.0,200.0,44.0,19.0,0.0,0
2023-01-07,7.0,16.0,37.0,29.0,341.0,54.0,146.0,19.0,135.0,86.0,87.0,53.0,4.0,75.0,8.0,38.0,46.0,9.0,2.0,5.0,28.0,219.0,29.0,31.0,0.0,0
2023-01-14,8.0,15.0,26.0,41.0,204.0,40.0,196.0,24.0,89.0,81.0,65.0,51.0,6.0,79.0,4.0,25.0,39.0,6.0,1.0,3.0,22.0,212.0,45.0,41.0,4.0,0
2023-01-21,1.0,15.0,38.0,38.0,279.0,48.0,218.0,22.0,70.0,94.0,72.0,43.0,0.0,51.0,2.0,22.0,34.0,8.0,1.0,3.0,11.0,117.0,20.0,34.0,1.0,0
2023-01-28,1.0,7.0,43.0,40.0,247.0,58.0,154.0,17.0,63.0,105.0,85.0,30.0,7.0,67.0,0.0,19.0,20.0,9.0,1.0,3.0,18.0,190.0,49.0,22.0,0.0,0
2023-02-04,7.0,9.0,38.0,62.0,222.0,49.0,172.0,29.0,46.0,84.0,75.0,45.0,3.0,50.0,0.0,20.0,49.0,8.0,0.0,5.0,16.0,118.0,60.0,35.0,0.0,0
2023-02-11,1.0,11.0,35.0,41.0,160.0,35.0,179.0,20.0,39.0,46.0,53.0,52.0,2.0,32.0,0.0,21.0,38.0,13.0,0.0,4.0,9.0,133.0,37.0,68.0,0.0,0
2023-02-18,6.0,8.0,16.0,58.0,265.0,30.0,162.0,31.0,44.0,28.0,47.0,49.0,0.0,40.0,2.0,25.0,30.0,5.0,3.0,4.0,17.0,154.0,50.0,29.0,0.0,0
2023-02-25,0.0,2.0,29.0,45.0,244.0,32.0,203.0,24.0,33.0,62.0,59.0,44.0,4.0,39.0,0.0,17.0,42.0,13.0,0.0,6.0,16.0,79.0,53.0,74.0,9.0,0
2023-03-04,0.0,13.0,22.0,66.0,234.0,41.0,153.0,28.0,69.0,47.0,54.0,48.0,2.0,38.0,1.0,11.0,36.0,2.0,2.0,3.0,14.0,43.0,41.0,51.0,5.0,0
2023-03-11,0.0,15.0,24.0,53.0,161.0,46.0,136.0,22.0,48.0,49.0,71.0,31.0,3.0,53.0,0.0,21.0,35.0,3.0,1.0,1.0,4.0,61.0,37.0,41.0,11.0,0
2023-03-18,1.0,8.0,18.0,82.0,241.0,35.0,137.0,20.0,55.0,28.0,80.0,60.0,2.0,51.0,1.0,33.0,40.0,7.0,1.0,2.0,13.0,53.0,55.0,86.0,1.0,0
2023-03-25,0.0,3.0,26.0,62.0,180.0,42.0,227.0,33.0,58.0,54.0,112.0,49.0,3.0,39.0,4.0,49.0,30.0,13.0,0.0,4.0,4.0,20.0,42.0,108.0,8.0,0
2023-04-01,0.0,10.0,9.0,93.0,154.0,31.0,124.0,29.0,64.0,48.0,98.0,48.0,1.0,30.0,2.0,34.0,30.0,8.0,3.0,3.0,4.0,24.0,22.0,118.0,3.0,0
2023-04-08,0.0,6.0,10.0,128.0,261.0,50.0,115.0,27.0,48.0,95.0,91.0,46.0,1.0,35.0,1.0,33.0,31.0,7.0,1.0,2.0,13.0,22.0,44.0,81.0,6.0,0
2023-04-15,1.0,7.0,16.0,114.0,297.0,70.0,35.0,69.0,53.0,124.0,101.0,45.0,2.0,59.0,3.0,40.0,31.0,23.0,4.0,3.0,52.0,30.0,37.0,156.0,1.0,0
2023-04-22,0.0,0.0,0.0,114.0,271.0,49.0,123.0,44.0,74.0,90.0,126.0,0.0,2.0,54.0,4.0,30.0,43.0,0.0,6.0,3.0,0.0,0.0,0.0,122.0,7.0,0
2023-04-29,0.0,4.0,18.0,102.0,266.0,53.0,132.0,36.0,38.0,96.0,103.0,62.0,0.0,33.0,2.0,36.0,23.0,15.0,1.0,1.0,5.0,25.0,20.0,101.0,2.0,0
2023-05-06,0.0,16.0,26.0,93.0,362.0,62.0,217.0,35.0,48.0,99.0,196.0,97.0,2.0,51.0,3.0,34.0,31.0,31.0,2.0,13.0,18.0,25.0,60.0,75.0,6.0,0
2023-05-13,2.0,19.0,17.0,61.0,230.0,69.0,165.0,48.0,52.0,90.0,211.0,72.0,1.0,76.0,5.0,29.0,35.0,17.0,3.0,6.0,19.0,36.0,54.0,91.0,6.0,0
2023-05-20,0.0,29.0,16.0,70.0,328.0,57.0,104.0,44.0,58.0,165.0,236.0,68.0,2.0,72.0,7.0,37.0,49.0,21.0,1.0,10.0,28.0,45.0,61.0,38.0,6.0,0
2023-05-27,0.0,47.0,21.0,79.0,546.0,92.0,345.0,41.0,44.0,239.0,237.0,99.0,2.0,82.0,1.0,44.0,65.0,12.0,11.0,13.0,22.0,46.0,65.0,82.0,3.0,0
2023-06-03,0.0,48.0,17.0,74.0,412.0,69.0,351.0,82.0,51.0,192.0,263.0,91.0,2.0,123.0,4.0,43.0,48.0,24.0,4.0,7.0,13.0,53.0,82.0,77.0,5.0,0
2023-06-10,0.0,45.0,28.0,90.0,579.0,76.0,433.0,76.0,57.0,190.0,278.0,128.0,1.0,127.0,2.0,40.0,65.0,21.0,6.0,10.0,33.0,45.0,94.0,70.0,4.0,0
2023-06-17,0.0,41.0,28.0,66.0,373.0,85.0,412.0,53.0,26.0,161.0,277.0,111.0,3.0,124.0,3.0,49.0,71.0,17.0,10.0,7.0,9.0,39.0,94.0,53.0,3.0,0
2023-06-24,1.0,32.0,26.0,51.0,342.0,94.0,302.0,46.0,24.0,129.0,242.0,76.0,4.0,103.0,2.0,38.0,40.0,17.0,4.0,8.0,8.0,35.0,64.0,34.0,1.0,0
2023-07-01,2.0,23.0,32.0,62.0,360.0,73.0,314.0,52.0,27.0,99.0,285.0,105.0,3.0,86.0,0.0,26.0,69.0,18.0,2.0,11.0,13.0,35.0,69.0,23.0,0.0,0
2023-07-08,1.0,20.0,30.0,53.0,304.0,92.0,308.0,41.0,38.0,128.0,262.0,84.0,0.0,56.0,0.0,60.0,62.0,27.0,11.0,10.0,6.0,27.0,43.0,28.0,1.0,0
2023-07-15,5.0,13.0,40.0,39.0,335.0,83.0,238.0,28.0,27.0,84.0,233.0,84.0,2.0,59.0,1.0,58.0,74.0,12.0,2.0,7.0,12.0,27.0,48.0,13.0,2.0,0
2023-07-22,4.0,12.0,30.0,26.0,312.0,87.0,256.0,23.0,36.0,95.0,253.0,71.0,5.0,57.0,3.0,35.0,41.0,12.0,1.0,9.0,3.0,33.0,53.0,18.0,5.0,0
2023-07-29,4.0,13.0,22.0,26.0,282.0,73.0,247.0,18.0,27.0,80.0,272.0,72.0,1.0,55.0,0.0,45.0,51.0,12.0,0.0,6.0,11.0,20.0,51.0,13.0,5.0,0
2023-08-05,0.0,17.0,30.0,22.0,275.0,111.0,190.0,25.0,29.0,98.0,325.0,74.0,1.0,55.0,0.0,69.0,55.0,12.0,4.0,14.0,6.0,34.0,63.0,4.0,4.0,0
2023-08-12,6.0,6.0,23.0,13.0,185.0,89.0,166.0,22.0,30.0,87.0,221.0,64.0,1.0,38.0,0.0,37.0,45.0,27.0,0.0,12.0,12.0,18.0,38.0,6.0,0.0,0
2023-08-19,5.0,5.0,12.0,11.0,139.0,98.0,164.0,13.0,49.0,102.0,257.0,55.0,0.0,51.0,1.0,60.0,56.0,44.0,1.0,10.0,11.0,15.0,37.0,11.0,2.0,0
2023-08-26,1.0,2.0,20.0,14.0,127.0,48.0,107.0,12.0,19.0,72.0,167.0,55.0,0.0,30.0,0.0,36.0,26.0,28.0,3.0,3.0,4.0,23.0,42.0,2.0,11.0,0
2023-09-02,2.0,8.0,15.0,9.0,84.0,64.0,65.0,25.0,31.0,70.0,201.0,58.0,0.0,36.0,1.0,28.0,17.0,28.0,1.0,9.0,2.0,19.0,50.0,8.0,1.0,0
2023-09-09,2.0,8.0,13.0,10.0,90.0,56.0,81.0,11.0,34.0,57.0,125.0,55.0,0.0,38.0,2.0,20.0,33.0,10.0,1.0,5.0,7.0,8.0,27.0,2.0,3.0,0
2023-09-16,5.0,10.0,20.0,9.0,73.0,49.0,58.0,7.0,25.0,58.0,132.0,36.0,3.0,22.0,1.0,19.0,35.0,10.0,0.0,3.0,4.0,13.0,23.0,2.0,3.0,0
2023-09-23,5.0,4.0,9.0,10.0,62.0,45.0,46.0,5.0,26.0,34.0,120.0,14.0,0.0,16.0,1.0,26.0,21.0,6.0,1.0,3.0,1.0,4.0,14.0,3.0,4.0,0
2023-08-31,5.0,7.0,25.0,12.0,111.0,53.0,108.0,17.0,50.0,44.0,124.0,24.0,0.0,43.0,0.0,25.0,20.0,9.0,0.0,6.0,3.0,5.0,24.0,8.0,1.0,0
2023-10-07,2.0,3.0,26.0,7.0,103.0,68.0,90.0,8.0,22.0,193.0,139.0,33.0,0.0,24.0,2.0,30.0,36.0,13.0,3.0,5.0,5.0,10.0,27.0,6.0,3.0,0
2023-10-14,4.0,15.0,3.0,8.0,146.0,45.0,110.0,5.0,26.0,47.0,137.0,11.0,2.0,7.0,1.0,41.0,32.0,34.0,2.0,4.0,4.0,54.0,12.0,5.0,4.0,0
2023-10-21,6.0,27.0,3.0,16.0,167.0,81.0,178.0,7.0,24.0,345.0,185.0,19.0,3.0,1.0,3.0,61.0,19.0,41.0,2.0,2.0,8.0,74.0,11.0,8.0,4.0,0
2023-10-28,6.0,46.0,15.0,28.0,210.0,83.0,163.0,13.0,35.0,52.0,254.0,30.0,1.0,2.0,3.0,60.0,47.0,40.0,1.0,15.0,8.0,84.0,13.0,14.0,4.0,0
2023-11-04,1.0,2.0,0.0,15.0,150.0,4.0,21.0,3.0,49.0,35.0,22.0,4.0,1.0,1.0,4.0,13.0,3.0,2.0,0.0,2.0,7.0,14.0,7.0,1.0,4.0,0
2023-11-11,4.0,5.0,30.0,13.0,193.0,83.0,38.0,7.0,100.0,0.0,0.0,14.0,2.0,48.0,3.0,26.0,10.0,2.0,0.0,13.0,8.0,31.0,17.0,6.0,3.0,0
2023-11-18,3.0,0.0,48.0,22.0,155.0,89.0,32.0,7.0,141.0,1.0,33.0,5.0,7.0,50.0,1.0,38.0,4.0,1.0,0.0,17.0,13.0,28.0,22.0,5.0,4.0,0
2023-11-25,13.0,13.0,43.0,55.0,341.0,121.0,92.0,42.0,196.0,34.0,175.0,96.0,5.0,131.0,7.0,94.0,28.0,22.0,3.0,16.0,10.0,102.0,155.0,21.0,4.0,0
2023-12-02,2.0,39.0,174.0,89.0,450.0,154.0,192.0,55.0,311.0,85.0,469.0,111.0,9.0,159.0,9.0,61.0,37.0,46.0,1.0,26.0,20.0,89.0,50.0,20.0,1.0,0
2023-12-09,6.0,30.0,178.0,95.0,409.0,113.0,130.0,43.0,423.0,104.0,353.0,63.0,11.0,155.0,14.0,74.0,38.0,30.0,4.0,25.0,16.0,107.0,106.0,21.0,5.0,0
2023-12-16,14.0,22.0,16.0,88.0,476.0,126.0,217.0,72.0,706.0,693.0,418.0,90.0,20.0,172.0,17.0,101.0,36.0,172.0,13.0,36.0,33.0,96.0,44.0,28.0,22.0,0
2023-12-23,5.0,42.0,120.0,113.0,375.0,93.0,146.0,18.0,746.0,89.0,330.0,119.0,17.0,164.0,25.0,71.0,20.0,29.0,24.0,13.0,8.0,63.0,54.0,23.0,19.0,0
2023-12-30,11.0,28.0,111.0,142.0,299.0,107.0,146.0,38.0,623.0,77.0,237.0,112.0,29.0,155.0,53.0,40.0,46.0,42.0,25.0,19.0,21.0,90.0,76.0,42.0,20.0,0
2024-01-06,10.0,28.0,78.0,123.0,549.0,84.0,111.0,55.0,805.0,103.0,199.0,104.0,52.0,127.0,35.0,39.0,35.0,29.0,26.0,28.0,12.0,92.0,77.0,50.0,27.0,0
2024-01-13,8.0,95.0,13.0,122.0,477.0,132.0,147.0,33.0,595.0,105.0,165.0,77.0,20.0,62.0,13.0,47.0,27.0,87.0,31.0,22.0,42.0,127.0,43.0,33.0,14.0,0
2024-01-20,11.0,34.0,53.0,88.0,499.0,119.0,150.0,50.0,746.0,96.0,186.0,91.0,41.0,135.0,10.0,28.0,32.0,48.0,23.0,18.0,12.0,76.0,67.0,42.0,19.0,0
2023-12-27,12.0,11.0,24.0,67.0,349.0,111.0,144.0,37.0,483.0,118.0,126.0,73.0,22.0,103.0,19.0,22.0,29.0,36.0,11.0,13.0,10.0,52.0,72.0,29.0,5.0,0
2024-02-03,14.0,69.0,44.0,82.0,382.0,103.0,165.0,29.0,410.0,113.0,126.0,89.0,26.0,108.0,21.0,27.0,26.0,21.0,22.0,18.0,19.0,34.0,82.0,31.0,7.0,0
2024-02-10,19.0,29.0,12.0,61.0,286.0,66.0,155.0,14.0,292.0,81.0,86.0,48.0,22.0,26.0,2.0,30.0,23.0,15.0,8.0,9.0,41.0,102.0,14.0,33.0,3.0,0
2024-02-17,5.0,53.0,15.0,70.0,269.0,42.0,111.0,35.0,224.0,77.0,83.0,71.0,12.0,61.0,4.0,18.0,29.0,27.0,9.0,9.0,17.0,29.0,57.0,26.0,4.0,0
2024-02-24,7.0,50.0,8.0,51.0,252.0,75.0,102.0,18.0,148.0,54.0,58.0,43.0,9.0,58.0,4.0,16.0,15.0,25.0,2.0,6.0,7.0,21.0,57.0,26.0,3.0,0
