horizon,arm,origin,seed,val_RMSE,test_RMSE,test_MAE,pers_RMSE,pers_MAE,elapsed
3,direct,0.5,1,33.13393783569336,30.17807388305664,17.05601692199707,20.270668029785156,11.64380931854248,64.1
3,direct,0.5,0,34.25249481201172,29.34634017944336,15.00336742401123,20.270668029785156,11.64380931854248,110.9
3,direct,0.5,2,31.084095001220703,28.374330520629883,13.960725784301758,20.270668029785156,11.64380931854248,121.4
3,physics,0.5,2,23.513086318969727,20.515586853027344,11.43614673614502,20.270668029785156,11.64380931854248,127.4
3,physics,0.5,1,23.509620666503906,20.491090774536133,11.444435119628906,20.270668029785156,11.64380931854248,130.3
3,physics,0.5,0,22.50408172607422,20.133182525634766,11.114484786987305,20.270668029785156,11.64380931854248,195.5
3,physics,0.55,1,20.010026931762695,48.51036071777344,23.390460968017578,45.49281311035156,22.0325927734375,118.9
3,physics,0.55,2,19.98867416381836,51.20710754394531,24.562973022460938,45.49281311035156,22.0325927734375,118.2
3,direct,0.55,0,27.156261444091797,80.05389404296875,42.68519973754883,45.49281311035156,22.0325927734375,122.6
3,physics,0.55,0,19.098892211914062,50.3128547668457,23.486047744750977,45.49281311035156,22.0325927734375,196.6
3,direct,0.55,1,25.217554092407227,76.22482299804688,42.26472473144531,45.49281311035156,22.0325927734375,178.0
3,direct,0.55,2,25.63471794128418,81.3301010131836,43.25292205810547,45.49281311035156,22.0325927734375,113.8
3,direct,0.6,0,63.842891693115234,169.95126342773438,87.01177978515625,48.71405792236328,23.578571319580078,95.7
3,direct,0.6,1,64.50360107421875,97.7123031616211,55.04927444458008,48.71405792236328,23.578571319580078,71.9
3,physics,0.6,1,43.25143051147461,53.75235366821289,27.219223022460938,48.71405792236328,23.578571319580078,152.5
3,physics,0.6,2,43.5330810546875,56.09769821166992,27.870542526245117,48.71405792236328,23.578571319580078,152.7
3,physics,0.6,0,42.93644332885742,53.62188720703125,25.844099044799805,48.71405792236328,23.578571319580078,215.2
3,direct,0.6,2,73.89696502685547,103.15450286865234,50.725955963134766,48.71405792236328,23.578571319580078,164.0
3,physics,0.65,1,51.166358947753906,12.634556770324707,5.939936637878418,11.340509414672852,5.244285583496094,125.4
3,physics,0.65,2,52.84534454345703,12.210723876953125,5.352240085601807,11.340509414672852,5.244285583496094,133.2
3,physics,0.65,0,47.694091796875,11.74209213256836,5.210839748382568,11.340509414672852,5.244285583496094,223.1
3,direct,0.65,0,79.82776641845703,30.921483993530273,15.81369400024414,11.340509414672852,5.244285583496094,204.4
3,direct,0.65,1,78.7872314453125,26.8627986907959,15.336414337158203,11.340509414672852,5.244285583496094,168.5
3,physics,0.7,1,12.487945556640625,19.15273666381836,7.329357624053955,15.7118501663208,6.584691524505615,107.4
3,direct,0.7,0,24.656227111816406,35.28775405883789,18.333768844604492,15.7118501663208,6.584691524505615,43.0
3,direct,0.7,1,24.431028366088867,35.046180725097656,20.803346633911133,15.7118501663208,6.584691524505615,76.7
3,direct,0.65,2,81.64765167236328,27.9080753326416,14.61395263671875,11.340509414672852,5.244285583496094,219.3
3,physics,0.7,0,11.934274673461914,15.390388488769531,6.236104965209961,15.7118501663208,6.584691524505615,206.3
3,direct,0.7,2,22.351200103759766,32.95164489746094,14.115303039550781,15.7118501663208,6.584691524505615,96.3
3,physics,0.7,2,12.548980712890625,16.101280212402344,6.488300800323486,15.7118501663208,6.584691524505615,167.6
3,direct,0.75,0,34.74139404296875,31.0775089263916,17.83920669555664,29.548784255981445,10.929333686828613,40.8
3,direct,0.75,2,32.0489387512207,28.25175666809082,14.979570388793945,29.548784255981445,10.929333686828613,107.1
3,physics,0.75,1,16.14520263671875,28.724761962890625,11.752174377441406,29.548784255981445,10.929333686828613,190.4
3,physics,0.8,0,27.375728607177734,20.259862899780273,12.253350257873535,21.96774673461914,12.876190185546875,213.4
3,direct,0.75,1,31.56706428527832,26.037094116210938,13.485945701599121,29.548784255981445,10.929333686828613,238.4
3,physics,0.8,1,28.190067291259766,21.138015747070312,12.807124137878418,21.96774673461914,12.876190185546875,127.6
3,physics,0.75,0,15.505183219909668,28.571748733520508,11.31026840209961,29.548784255981445,10.929333686828613,354.9
3,physics,0.8,2,28.511383056640625,20.855350494384766,12.714014053344727,21.96774673461914,12.876190185546875,150.3
3,physics,0.75,2,15.937273979187012,28.774826049804688,11.601463317871094,29.548784255981445,10.929333686828613,357.2
3,direct,0.8,0,28.15829849243164,31.277034759521484,18.613248825073242,21.96774673461914,12.876190185546875,115.1
3,direct,0.8,2,27.8253231048584,31.718759536743164,18.148529052734375,21.96774673461914,12.876190185546875,127.3
3,direct,0.8,1,26.464086532592773,30.18221664428711,17.942073822021484,21.96774673461914,12.876190185546875,148.1
3,direct,0.85,0,27.016817092895508,35.97869110107422,20.478740692138672,30.963665008544922,15.473650932312012,47.9
3,direct,0.85,1,23.36966323852539,30.55513572692871,18.149803161621094,30.963665008544922,15.473650932312012,70.6
3,direct,0.85,2,26.01172637939453,34.59960174560547,19.765274047851562,30.963665008544922,15.473650932312012,73.4
3,physics,0.85,1,22.028932571411133,30.64976692199707,14.902207374572754,30.963665008544922,15.473650932312012,192.4
3,physics,0.85,0,20.781137466430664,30.024553298950195,14.485751152038574,30.963665008544922,15.473650932312012,264.2
3,physics,0.85,2,21.651891708374023,30.563852310180664,14.762115478515625,30.963665008544922,15.473650932312012,292.3
3,direct,0.9,0,30.29469108581543,43.97294235229492,23.552827835083008,32.859073638916016,17.084285736083984,123.6
3,direct,0.9,1,28.978891372680664,41.394874572753906,23.507408142089844,32.859073638916016,17.084285736083984,79.9
3,physics,0.9,1,29.557266235351562,34.16779327392578,17.67563819885254,32.859073638916016,17.084285736083984,183.0
3,physics,0.9,0,28.943485260009766,31.387426376342773,16.215333938598633,32.859073638916016,17.084285736083984,236.5
3,direct,0.9,2,30.99280548095703,39.109230041503906,21.54120445251465,32.859073638916016,17.084285736083984,59.4
3,physics,0.9,2,29.240997314453125,32.1783447265625,16.739261627197266,32.859073638916016,17.084285736083984,237.8
6,direct,0.5,2,35.330039978027344,34.3892822265625,17.283187866210938,27.115915298461914,14.110370635986328,82.5
6,direct,0.5,0,36.86145782470703,31.25115394592285,15.507723808288574,27.115915298461914,14.110370635986328,87.5
6,direct,0.5,1,34.66566848754883,31.312999725341797,15.651253700256348,27.115915298461914,14.110370635986328,100.2
6,physics,0.5,1,30.82073402404785,27.255985260009766,14.519556999206543,27.115915298461914,14.110370635986328,108.9
6,physics,0.5,2,30.72041893005371,27.52814292907715,14.229965209960938,27.115915298461914,14.110370635986328,109.4
6,physics,0.5,0,29.674907684326172,26.339277267456055,13.581404685974121,27.115915298461914,14.110370635986328,140.8
6,physics,0.55,1,26.273502349853516,64.99104309082031,29.575054168701172,61.45473861694336,28.164762496948242,90.9
6,direct,0.55,0,29.433120727539062,95.77352905273438,48.440242767333984,61.45473861694336,28.164762496948242,76.6
6,physics,0.55,2,26.27524185180664,67.50373077392578,30.816232681274414,61.45473861694336,28.164762496948242,97.1
6,direct,0.55,1,27.814647674560547,81.74942016601562,43.604366302490234,61.45473861694336,28.164762496948242,90.3
6,physics,0.55,0,25.404945373535156,65.3165283203125,29.90979766845703,61.45473861694336,28.164762496948242,129.8
6,direct,0.55,2,28.591415405273438,86.82727813720703,44.93637466430664,61.45473861694336,28.164762496948242,89.7
6,physics,0.6,0,66.9383773803711,81.64702606201172,39.57040023803711,69.12430572509766,34.38666534423828,88.1
6,direct,0.6,1,73.30992126464844,112.97370910644531,58.60124206542969,69.12430572509766,34.38666534423828,64.8
6,direct,0.6,2,75.24380493164062,101.0838623046875,55.67522048950195,69.12430572509766,34.38666534423828,51.5
6,direct,0.6,0,78.80586242675781,139.76004028320312,76.49014282226562,69.12430572509766,34.38666534423828,85.4
6,physics,0.6,1,57.37928771972656,77.34073638916016,41.8538818359375,69.12430572509766,34.38666534423828,123.1
6,physics,0.6,2,57.08753967285156,79.48643493652344,43.36806106567383,69.12430572509766,34.38666534423828,128.4
6,direct,0.65,2,100.26284790039062,25.79176902770996,19.73275375366211,14.964863777160645,6.628571510314941,54.4
6,physics,0.65,1,70.49012756347656,18.203739166259766,8.751962661743164,14.964863777160645,6.628571510314941,111.0
6,physics,0.65,2,72.0763168334961,18.30475425720215,8.892145156860352,14.964863777160645,6.628571510314941,112.6
6,direct,0.65,1,89.19607543945312,27.324769973754883,16.92897605895996,14.964863777160645,6.628571510314941,90.6
6,physics,0.65,0,67.19245147705078,15.02426528930664,6.736293792724609,14.964863777160645,6.628571510314941,149.7
6,direct,0.7,0,24.987165451049805,35.385528564453125,19.826345443725586,20.015073776245117,7.623456954956055,34.8
6,direct,0.65,0,88.86387634277344,29.753862380981445,15.895102500915527,14.964863777160645,6.628571510314941,184.0
6,direct,0.7,1,22.62080955505371,33.63335418701172,14.94306468963623,20.015073776245117,7.623456954956055,66.4
6,physics,0.7,2,15.527684211730957,26.555377960205078,9.245306968688965,20.015073776245117,7.623456954956055,100.8
6,direct,0.7,2,24.04248809814453,34.28875732421875,17.519121170043945,20.015073776245117,7.623456954956055,64.1
6,direct,0.75,0,34.76432800292969,30.630802154541016,18.405981063842773,33.30018997192383,13.91529369354248,32.5
6,physics,0.7,0,15.061453819274902,19.435394287109375,7.350436210632324,20.015073776245117,7.623456954956055,157.1
6,physics,0.7,1,15.106005668640137,19.617963790893555,7.394418716430664,20.015073776245117,7.623456954956055,196.9
6,direct,0.75,1,32.14653778076172,31.148855209350586,16.308021545410156,33.30018997192383,13.91529369354248,74.4
6,direct,0.75,2,32.54540252685547,30.662485122680664,16.7158203125,33.30018997192383,13.91529369354248,70.8
6,physics,0.75,0,19.75261878967285,31.191797256469727,13.668890953063965,33.30018997192383,13.91529369354248,160.6
6,physics,0.8,1,29.770370483398438,27.081357955932617,16.208728790283203,23.34436798095703,14.36296272277832,86.5
6,physics,0.8,2,30.03537368774414,25.040363311767578,15.26555347442627,23.34436798095703,14.36296272277832,105.3
6,direct,0.8,0,28.62388038635254,36.41130828857422,19.738624572753906,23.34436798095703,14.36296272277832,94.1
6,physics,0.75,1,19.633148193359375,31.790382385253906,13.781785011291504,33.30018997192383,13.91529369354248,247.8
6,physics,0.8,0,29.862483978271484,22.67091941833496,14.169903755187988,23.34436798095703,14.36296272277832,150.2
6,direct,0.8,1,29.17336654663086,27.576719284057617,17.4879207611084,23.34436798095703,14.36296272277832,51.6
6,physics,0.75,2,19.620635986328125,32.67242431640625,14.07610034942627,33.30018997192383,13.91529369354248,254.9
6,direct,0.8,2,28.68202018737793,30.14735221862793,18.567628860473633,23.34436798095703,14.36296272277832,50.4
6,direct,0.85,0,26.81891441345215,34.31161117553711,20.75865936279297,33.42498779296875,17.064210891723633,40.0
6,direct,0.85,1,28.278690338134766,32.61057662963867,18.648025512695312,33.42498779296875,17.064210891723633,54.8
6,direct,0.85,2,23.819957733154297,30.68197250366211,18.283388137817383,33.42498779296875,17.064210891723633,53.7
6,physics,0.85,0,24.913633346557617,32.37361145019531,15.947501182556152,33.42498779296875,17.064210891723633,160.5
6,physics,0.85,1,25.00310707092285,32.485164642333984,16.21112632751465,33.42498779296875,17.064210891723633,190.0
6,physics,0.85,2,25.118478775024414,32.468292236328125,16.178457260131836,33.42498779296875,17.064210891723633,198.3
6,physics,0.9,0,31.762155532836914,41.717018127441406,21.05371856689453,41.58089065551758,21.31209945678711,164.7
6,direct,0.9,0,30.74589729309082,61.894126892089844,29.252464294433594,41.58089065551758,21.31209945678711,72.7
6,direct,0.9,2,29.936573028564453,59.15762710571289,28.894718170166016,41.58089065551758,21.31209945678711,51.9
6,direct,0.9,1,32.0162239074707,55.226802825927734,29.878915786743164,41.58089065551758,21.31209945678711,67.2
12,direct,0.5,0,47.48834228515625,47.18193435668945,23.569793701171875,38.17448425292969,18.849382400512695,27.2
12,direct,0.5,1,42.44458770751953,42.479949951171875,20.54602813720703,38.17448425292969,18.849382400512695,36.3
6,physics,0.9,1,31.861045837402344,47.33132553100586,23.23280906677246,41.58089065551758,21.31209945678711,249.4
12,physics,0.5,1,40.720977783203125,37.53422927856445,18.63519859313965,38.17448425292969,18.849382400512695,99.1
6,physics,0.9,2,31.897422790527344,43.394954681396484,21.87203598022461,41.58089065551758,21.31209945678711,238.5
12,direct,0.5,2,41.849918365478516,40.98318862915039,20.22157859802246,38.17448425292969,18.849382400512695,26.1
12,physics,0.5,0,39.17550277709961,36.23739242553711,17.843902587890625,38.17448425292969,18.849382400512695,137.2
12,physics,0.5,2,41.62628936767578,36.7886848449707,19.000343322753906,38.17448425292969,18.849382400512695,101.3
12,direct,0.55,2,39.79397201538086,115.39405059814453,54.82689666748047,80.59225463867188,35.93913650512695,27.2
12,direct,0.55,1,32.00831604003906,96.57215118408203,48.36772918701172,80.59225463867188,35.93913650512695,55.6
12,physics,0.55,2,35.372039794921875,87.93363952636719,39.480464935302734,80.59225463867188,35.93913650512695,100.7
12,direct,0.55,0,33.7783317565918,93.24154663085938,46.0450553894043,80.59225463867188,35.93913650512695,91.9
12,physics,0.55,0,34.601314544677734,84.90127563476562,37.68214416503906,80.59225463867188,35.93913650512695,133.6
12,direct,0.6,0,81.79461669921875,111.31481170654297,61.60764694213867,108.1998062133789,56.366172790527344,38.2
12,direct,0.6,1,79.3954849243164,128.93609619140625,72.66893005371094,108.1998062133789,56.366172790527344,43.3
12,direct,0.6,2,81.42391967773438,113.50289916992188,66.7242431640625,108.1998062133789,56.366172790527344,42.6
12,physics,0.6,0,72.57511901855469,107.11248779296875,60.923851013183594,108.1998062133789,56.366172790527344,141.2
12,physics,0.6,1,75.39016723632812,120.44213104248047,67.97737884521484,108.1998062133789,56.366172790527344,121.4
12,physics,0.6,2,77.43069458007812,118.88882446289062,67.60177612304688,108.1998062133789,56.366172790527344,116.6
12,direct,0.65,0,114.29817199707031,51.36068344116211,33.70793151855469,19.93448829650879,8.866296768188477,42.3
12,direct,0.65,1,111.544677734375,23.54731559753418,17.60456085205078,19.93448829650879,8.866296768188477,37.1
12,direct,0.65,2,112.01631164550781,50.554378509521484,33.47433090209961,19.93448829650879,8.866296768188477,38.5
12,physics,0.65,1,99.02468872070312,25.417781829833984,12.50778865814209,19.93448829650879,8.866296768188477,109.5
12,physics,0.65,2,95.05017852783203,25.60228157043457,12.482638359069824,19.93448829650879,8.866296768188477,108.0
12,physics,0.65,0,92.10266876220703,19.54095458984375,8.9006929397583,19.93448829650879,8.866296768188477,136.5
12,direct,0.7,0,23.638925552368164,35.0849494934082,16.611942291259766,26.780176162719727,9.495238304138184,28.3
12,direct,0.7,1,24.07976531982422,34.964290618896484,19.11496353149414,26.780176162719727,9.495238304138184,29.4
12,direct,0.7,2,23.734081268310547,34.627525329589844,18.853322982788086,26.780176162719727,9.495238304138184,27.6
12,physics,0.7,0,18.83436393737793,24.72051239013672,8.869447708129883,26.780176162719727,9.495238304138184,136.7
12,physics,0.7,1,19.00897789001465,25.176816940307617,8.940825462341309,26.780176162719727,9.495238304138184,117.2
12,physics,0.55,1,26.410131454467773,84.19110870361328,37.875064849853516,80.59225463867188,35.93913650512695,415.6
12,direct,0.75,0,34.67921447753906,28.82605743408203,14.847578048706055,25.588727951049805,11.051666259765625,33.9
12,direct,0.75,1,32.733001708984375,30.103673934936523,15.981513023376465,25.588727951049805,11.051666259765625,68.6
12,physics,0.75,0,24.82571029663086,24.627099990844727,10.670284271240234,25.588727951049805,11.051666259765625,152.0
12,direct,0.75,2,32.76420211791992,25.61957550048828,14.564050674438477,25.588727951049805,11.051666259765625,76.0
12,physics,0.7,2,18.641666412353516,24.37196159362793,8.805760383605957,26.780176162719727,9.495238304138184,247.8
12,physics,0.75,1,24.50729751586914,25.75221061706543,11.017289161682129,25.588727951049805,11.051666259765625,245.0
12,physics,0.8,0,23.68313980102539,27.318466186523438,16.621248245239258,28.9722957611084,17.055431365966797,150.1
12,direct,0.8,1,25.634456634521484,25.82954978942871,16.6480655670166,28.9722957611084,17.055431365966797,54.4
12,direct,0.8,0,24.73528480529785,35.88089370727539,19.534883499145508,28.9722957611084,17.055431365966797,112.9
12,physics,0.75,2,24.467418670654297,26.002201080322266,11.174664497375488,25.588727951049805,11.051666259765625,274.8
12,physics,0.8,2,23.863697052001953,28.103391647338867,16.90996551513672,28.9722957611084,17.055431365966797,188.4
12,physics,0.8,1,23.782615661621094,27.34113311767578,16.663188934326172,28.9722957611084,17.055431365966797,215.3
12,direct,0.8,2,26.009510040283203,31.657703399658203,19.016977310180664,28.9722957611084,17.055431365966797,81.7
12,direct,0.85,0,27.463857650756836,25.687395095825195,17.19756507873535,27.115692138671875,17.496944427490234,39.4
12,direct,0.85,1,24.774864196777344,24.927871704101562,17.199132919311523,27.115692138671875,17.496944427490234,54.0
12,direct,0.85,2,23.85270118713379,21.737728118896484,16.000778198242188,27.115692138671875,17.496944427490234,59.0
12,physics,0.85,0,26.98470687866211,24.71815299987793,15.809272766113281,27.115692138671875,17.496944427490234,183.1
12,direct,0.9,0,26.214492797851562,81.15464782714844,42.998435974121094,50.39900207519531,25.860122680664062,38.3
12,physics,0.85,1,27.2894229888916,25.014633178710938,15.98235034942627,27.115692138671875,17.496944427490234,245.4
12,physics,0.9,0,25.0222110748291,55.26778030395508,28.312475204467773,50.39900207519531,25.860122680664062,175.3
12,direct,0.9,1,24.631301879882812,76.69554901123047,39.088539123535156,50.39900207519531,25.860122680664062,37.4
12,physics,0.85,2,27.718774795532227,26.214231491088867,16.712846755981445,27.115692138671875,17.496944427490234,278.1
12,direct,0.9,2,22.643537521362305,66.2313461303711,32.25956726074219,50.39900207519531,25.860122680664062,36.7
12,physics,0.9,2,26.108787536621094,49.834327697753906,25.94113540649414,50.39900207519531,25.860122680664062,184.0
12,physics,0.9,1,25.15070915222168,51.44588851928711,26.323204040527344,50.39900207519531,25.860122680664062,202.1
