arm,origin,seed,val_RMSE,test_RMSE,test_MAE,bias,pers_RMSE,pers_MAE,elapsed,damp_alpha
v2,0.55,1,20.25840187072754,48.18941879272461,23.164894104003906,-14.00727367401123,45.49281311035156,22.0325927734375,90.9,
v2,0.55,0,20.258729934692383,48.18746566772461,23.163799285888672,-14.003308296203613,45.49281311035156,22.0325927734375,91.2,
v2,0.55,2,20.25876808166504,48.19464874267578,23.167043685913086,-14.013687133789062,45.49281311035156,22.0325927734375,91.2,
v2,0.6,0,41.73818588256836,64.38764953613281,32.70820236206055,22.597509384155273,48.71405792236328,23.578571319580078,62.9,
v2,0.6,1,41.8203125,65.70359802246094,33.686309814453125,24.162246704101562,48.71405792236328,23.578571319580078,62.9,
v2,0.6,2,41.909446716308594,64.46592712402344,32.850589752197266,22.926801681518555,48.71405792236328,23.578571319580078,63.5,
v2,0.5,1,22.481033325195312,19.228870391845703,10.898445129394531,-1.8829007148742676,20.270668029785156,11.64380931854248,188.7,
v2,0.5,2,22.245962142944336,19.0894832611084,10.962285041809082,-1.047727108001709,20.270668029785156,11.64380931854248,208.0,
v2,0.5,0,22.317636489868164,19.8564395904541,11.166616439819336,-2.468397378921509,20.270668029785156,11.64380931854248,227.3,
v2,0.65,1,46.703155517578125,11.551105499267578,5.2488627433776855,0.26886239647865295,11.340509414672852,5.244285583496094,144.0,
v2,0.65,0,46.97503662109375,11.345667839050293,5.163853168487549,0.11896562576293945,11.340509414672852,5.244285583496094,169.9,
v2,0.65,2,46.728843688964844,11.261563301086426,5.089580059051514,-0.18391519784927368,11.340509414672852,5.244285583496094,175.1,
v2,0.7,0,11.6294584274292,15.130611419677734,6.274700164794922,-0.8029168248176575,15.7118501663208,6.584691524505615,150.7,
v2,0.7,1,11.685734748840332,15.259988784790039,6.27984094619751,-0.8367811441421509,15.7118501663208,6.584691524505615,133.1,
v2,0.8,0,27.420331954956055,20.30377197265625,12.369902610778809,-2.067302942276001,21.96774673461914,12.876190185546875,27.0,
v2,0.7,2,11.60765266418457,15.315462112426758,6.295138359069824,-0.7966533303260803,15.7118501663208,6.584691524505615,139.2,
v2,0.8,1,27.41950798034668,20.30362892150879,12.369940757751465,-2.0694198608398438,21.96774673461914,12.876190185546875,26.9,
v2,0.8,2,27.420421600341797,20.303770065307617,12.369974136352539,-2.067263126373291,21.96774673461914,12.876190185546875,26.6,
v2,0.75,0,15.509575843811035,28.349964141845703,11.179983139038086,-2.021599531173706,29.548784255981445,10.929333686828613,99.2,
v2,0.75,1,15.008676528930664,27.91749382019043,11.104628562927246,-1.9575247764587402,29.548784255981445,10.929333686828613,155.8,
v2,0.75,2,15.540787696838379,28.32121467590332,11.196125030517578,-2.076861619949341,29.548784255981445,10.929333686828613,173.5,
v2,0.85,1,21.067930221557617,30.434329986572266,14.679856300354004,-4.164400577545166,30.963665008544922,15.473650932312012,142.9,
v2,0.85,0,21.071712493896484,30.41762351989746,14.695502281188965,-4.279984951019287,30.963665008544922,15.473650932312012,148.6,
v2,0.85,2,21.071557998657227,30.416563034057617,14.696451187133789,-4.273343086242676,30.963665008544922,15.473650932312012,232.8,
damped,0.5,1,21.463773727416992,19.34358787536621,10.980719566345215,-2.476773977279663,20.270668029785156,11.64380931854248,213.8,0.3337220847606659
v2,0.9,0,29.301565170288086,31.877431869506836,16.310117721557617,-3.8185343742370605,32.859073638916016,17.084285736083984,350.7,
damped,0.55,0,19.576526641845703,46.63195037841797,22.38787841796875,-12.866990089416504,45.49281311035156,22.0325927734375,62.7,0.47558674216270447
v2,0.9,1,29.14159393310547,31.749677658081055,16.361440658569336,-2.3217709064483643,32.859073638916016,17.084285736083984,327.0,
damped,0.5,0,22.09779930114746,20.1706485748291,11.259130477905273,-3.4950594902038574,20.270668029785156,11.64380931854248,304.6,0.2678011655807495
damped,0.55,1,19.576534271240234,46.63312530517578,22.3885555267334,-12.869280815124512,45.49281311035156,22.0325927734375,68.3,0.4756213426589966
damped,0.5,2,21.419225692749023,19.457435607910156,11.084283828735352,-2.2191686630249023,20.270668029785156,11.64380931854248,233.6,0.2952283024787903
damped,0.6,0,41.298583984375,59.7408561706543,29.8380126953125,19.9793701171875,48.71405792236328,23.578571319580078,53.4,0.492583304643631
damped,0.55,2,19.576623916625977,46.63599395751953,22.389772415161133,-12.87297248840332,45.49281311035156,22.0325927734375,70.9,0.47560861706733704
damped,0.6,2,41.22142791748047,60.93243408203125,30.32609748840332,20.606399536132812,48.71405792236328,23.578571319580078,49.6,0.49257585406303406
damped,0.6,1,41.147064208984375,58.47391891479492,29.154184341430664,18.889921188354492,48.71405792236328,23.578571319580078,51.6,0.49041232466697693
v2,0.9,2,29.295032501220703,32.7860107421875,16.85331916809082,-0.6108818650245667,32.859073638916016,17.084285736083984,369.5,
damped,0.7,1,11.48984432220459,14.977396011352539,6.183846950531006,-0.927429735660553,15.7118501663208,6.584691524505615,116.7,0.43827372789382935
damped,0.65,1,46.041160583496094,11.165712356567383,4.990126609802246,-0.6206961274147034,11.340509414672852,5.244285583496094,193.7,0.3343123197555542
damped,0.65,2,45.77738571166992,11.152449607849121,4.990525245666504,-0.6292051672935486,11.340509414672852,5.244285583496094,222.8,0.31068915128707886
damped,0.7,0,11.565568923950195,15.214566230773926,6.315459728240967,-1.1503398418426514,15.7118501663208,6.584691524505615,225.7,0.30756351351737976
damped,0.75,1,15.36681842803955,27.09854507446289,10.797300338745117,-2.7287487983703613,29.548784255981445,10.929333686828613,84.3,0.4453071057796478
damped,0.65,0,45.66999816894531,11.131908416748047,5.024394512176514,-0.5347285866737366,11.340509414672852,5.244285583496094,283.5,0.29371529817581177
damped,0.7,2,11.584078788757324,15.211997985839844,6.360273838043213,-0.967001736164093,15.7118501663208,6.584691524505615,291.2,0.2779235243797302
damped,0.8,0,26.55528450012207,20.457683563232422,12.231271743774414,-2.0283825397491455,21.96774673461914,12.876190185546875,73.9,0.4593609869480133
damped,0.75,0,15.52617359161377,27.66259002685547,10.819345474243164,-2.6420633792877197,29.548784255981445,10.929333686828613,185.4,0.31748488545417786
damped,0.8,2,26.555715560913086,20.457929611206055,12.231412887573242,-2.0277678966522217,21.96774673461914,12.876190185546875,77.7,0.45941856503486633
damped,0.8,1,26.46507453918457,20.531871795654297,12.244209289550781,-1.7372561693191528,21.96774673461914,12.876190185546875,89.8,0.4383249580860138
damped,0.85,0,20.545948028564453,30.334497451782227,14.701340675354004,-5.04673433303833,30.963665008544922,15.473650932312012,84.0,0.4596305191516876
damped,0.85,1,20.54609489440918,30.334476470947266,14.701436042785645,-5.046658992767334,30.963665008544922,15.473650932312012,84.9,0.4597756266593933
damped,0.85,2,20.545970916748047,30.33438491821289,14.701373100280762,-5.046109676361084,30.963665008544922,15.473650932312012,88.0,0.45968934893608093
damped,0.75,2,15.526225090026855,27.64487075805664,10.817788124084473,-2.6465225219726562,29.548784255981445,10.929333686828613,203.2,0.32106873393058777
waning_52w,0.5,0,25.196392059326172,20.80984878540039,11.526650428771973,-1.1502344608306885,20.270668029785156,11.64380931854248,74.5,
waning_52w,0.5,1,24.898117065429688,20.23108673095703,11.261075019836426,-1.2073569297790527,20.270668029785156,11.64380931854248,68.8,
damped,0.9,0,29.17220115661621,31.779949188232422,16.14137077331543,-4.508298397064209,32.859073638916016,17.084285736083984,120.4,0.43850693106651306
damped,0.9,1,29.169857025146484,31.779998779296875,16.141448974609375,-4.508719444274902,32.859073638916016,17.084285736083984,118.7,0.4386850893497467
damped,0.9,2,29.172096252441406,31.7800350189209,16.14142417907715,-4.508660793304443,32.859073638916016,17.084285736083984,108.0,0.438576877117157
waning_52w,0.55,0,20.385828018188477,48.41508483886719,23.019346237182617,-12.42308235168457,45.49281311035156,22.0325927734375,44.3,
waning_52w,0.55,1,19.740718841552734,49.23345947265625,23.137514114379883,-12.933379173278809,45.49281311035156,22.0325927734375,46.3,
waning_52w,0.6,0,43.55209732055664,57.282440185546875,30.713624954223633,20.905548095703125,48.71405792236328,23.578571319580078,36.7,
waning_52w,0.55,2,20.314607620239258,48.06848907470703,22.81741714477539,-11.605896949768066,45.49281311035156,22.0325927734375,56.0,
waning_52w,0.6,1,43.06473159790039,55.25859069824219,29.421709060668945,18.877281188964844,48.71405792236328,23.578571319580078,44.9,
waning_52w,0.6,2,43.38414764404297,58.91586685180664,31.596717834472656,22.03938865661621,48.71405792236328,23.578571319580078,53.1,
waning_52w,0.65,1,48.44472885131836,11.899100303649902,5.391711711883545,0.36214563250541687,11.340509414672852,5.244285583496094,67.7,
waning_52w,0.5,2,25.058563232421875,20.995481491088867,12.094464302062988,1.7780166864395142,20.270668029785156,11.64380931854248,197.7,
waning_52w,0.7,2,11.784276008605957,16.49366569519043,6.760167598724365,1.8303282260894775,15.7118501663208,6.584691524505615,67.7,
waning_52w,0.7,0,12.080768585205078,15.5338716506958,6.420912742614746,0.2140321582555771,15.7118501663208,6.584691524505615,118.1,
waning_52w,0.65,0,46.827056884765625,11.730755805969238,5.28314208984375,0.12664715945720673,11.340509414672852,5.244285583496094,152.3,
waning_52w,0.8,0,28.403385162353516,21.141544342041016,12.724532127380371,1.0203815698623657,21.96774673461914,12.876190185546875,56.0,
waning_52w,0.75,0,15.90968132019043,30.617259979248047,11.568924903869629,0.030763061717152596,29.548784255981445,10.929333686828613,119.2,
waning_52w,0.75,1,15.951735496520996,29.63422393798828,11.564491271972656,-0.5626685619354248,29.548784255981445,10.929333686828613,91.3,
waning_52w,0.7,1,11.40388011932373,15.862387657165527,6.497164249420166,1.0500041246414185,15.7118501663208,6.584691524505615,203.6,
waning_52w,0.8,1,28.329599380493164,21.122339248657227,12.728288650512695,1.046053171157837,21.96774673461914,12.876190185546875,57.9,
waning_52w,0.65,2,46.11741256713867,11.738137245178223,5.391617298126221,0.5937247276306152,11.340509414672852,5.244285583496094,248.0,
waning_52w,0.75,2,15.860452651977539,29.846435546875,11.505081176757812,0.7715309858322144,29.548784255981445,10.929333686828613,127.7,
waning_52w,0.8,2,28.379722595214844,21.51744842529297,12.899749755859375,1.3628721237182617,21.96774673461914,12.876190185546875,75.2,
waning_52w,0.85,0,22.106904983520508,30.658952713012695,14.938810348510742,-2.5379204750061035,30.963665008544922,15.473650932312012,78.6,
waning_52w,0.85,1,22.04804229736328,30.67705726623535,14.905097007751465,-2.4610705375671387,30.963665008544922,15.473650932312012,85.9,
waning_52w,0.9,0,29.587417602539062,32.00900650024414,16.69251823425293,-0.48287394642829895,32.859073638916016,17.084285736083984,92.1,
waning_52w,0.9,1,29.57575798034668,31.983854293823242,16.662174224853516,-0.6279659271240234,32.859073638916016,17.084285736083984,91.9,
waning_52w,0.85,2,22.321496963500977,30.691436767578125,15.05830192565918,-1.7309812307357788,30.963665008544922,15.473650932312012,114.2,
waning_52w,0.9,2,29.632444381713867,32.07765197753906,16.816808700561523,-0.11189061403274536,32.859073638916016,17.084285736083984,85.8,
waning_damped,0.5,1,22.941831588745117,19.437255859375,10.93625259399414,-1.7481721639633179,20.270668029785156,11.64380931854248,70.1,0.45801985263824463
waning_damped,0.5,0,23.09003257751465,19.94140625,11.207275390625,-2.02602219581604,20.270668029785156,11.64380931854248,93.3,0.4415009319782257
waning_damped,0.5,2,23.08991813659668,19.940372467041016,11.211211204528809,-2.0034663677215576,20.270668029785156,11.64380931854248,78.9,0.44083529710769653
waning_damped,0.6,0,41.86731719970703,55.25921630859375,28.520357131958008,18.449378967285156,48.71405792236328,23.578571319580078,35.1,0.4970088005065918
waning_damped,0.6,1,41.74903106689453,53.8120002746582,27.68497085571289,17.191734313964844,48.71405792236328,23.578571319580078,37.9,0.4947965145111084
waning_damped,0.6,2,41.80121612548828,53.543643951416016,27.57757568359375,17.07111167907715,48.71405792236328,23.578571319580078,41.0,0.49479809403419495
waning_damped,0.55,0,19.580446243286133,47.17171859741211,22.50309944152832,-12.254368782043457,45.49281311035156,22.0325927734375,122.0,0.4658672511577606
waning_damped,0.65,1,45.70205307006836,11.413609504699707,5.205988883972168,0.32829853892326355,11.340509414672852,5.244285583496094,67.6,0.46613404154777527
waning_damped,0.55,1,18.585424423217773,47.398250579833984,22.539522171020508,-12.33424186706543,45.49281311035156,22.0325927734375,140.9,0.4916640520095825
waning_damped,0.55,2,19.373994827270508,46.75575256347656,22.308807373046875,-11.247335433959961,45.49281311035156,22.0325927734375,170.3,0.5321888327598572
waning_damped,0.7,1,11.616836547851562,15.18889331817627,6.2950334548950195,-0.13674324750900269,15.7118501663208,6.584691524505615,86.0,0.47877269983291626
waning_damped,0.7,0,11.72182846069336,15.12996768951416,6.316676139831543,-0.629817008972168,15.7118501663208,6.584691524505615,161.0,0.45025959610939026
waning_damped,0.75,1,15.413089752197266,27.688112258911133,10.820075988769531,-1.5938819646835327,29.548784255981445,10.929333686828613,88.0,0.4811688959598541
waning_damped,0.7,2,11.721835136413574,15.129915237426758,6.316797733306885,-0.6296635270118713,15.7118501663208,6.584691524505615,176.1,0.45018476247787476
waning_damped,0.65,2,44.36069869995117,11.49307632446289,5.215847015380859,0.23914828896522522,11.340509414672852,5.244285583496094,229.2,0.5350612998008728
waning_damped,0.65,0,44.993743896484375,11.38674259185791,5.169026851654053,0.10420118272304535,11.340509414672852,5.244285583496094,297.3,0.6331835389137268
waning_damped,0.8,0,27.002988815307617,20.809436798095703,12.360633850097656,-0.503997802734375,21.96774673461914,12.876190185546875,102.5,0.47310566902160645
waning_damped,0.8,1,26.91868019104004,20.85704803466797,12.380473136901855,-0.28162235021591187,21.96774673461914,12.876190185546875,96.7,0.47878652811050415
waning_damped,0.8,2,27.003267288208008,20.809648513793945,12.360738754272461,-0.5042796730995178,21.96774673461914,12.876190185546875,104.6,0.473042756319046
waning_damped,0.75,0,15.509581565856934,28.73700523376465,10.912596702575684,-1.0754390954971313,29.548784255981445,10.929333686828613,267.0,0.5253381729125977
waning_damped,0.85,0,20.882343292236328,30.320703506469727,14.7732515335083,-3.776895523071289,30.963665008544922,15.473650932312012,105.7,0.4733227491378784
waning_damped,0.85,1,20.898019790649414,30.371963500976562,14.780524253845215,-3.4719810485839844,30.963665008544922,15.473650932312012,103.6,0.4762614369392395
waning_damped,0.75,2,15.5036039352417,28.645919799804688,10.899086952209473,-1.1541098356246948,29.548784255981445,10.929333686828613,246.7,0.5024892091751099
waning_damped,0.85,2,20.88258934020996,30.320810317993164,14.773285865783691,-3.7768335342407227,30.963665008544922,15.473650932312012,106.5,0.47325870394706726
waning_damped,0.9,0,29.184490203857422,31.474300384521484,16.1956729888916,-2.328157424926758,32.859073638916016,17.084285736083984,106.5,0.47345802187919617
waning_damped,0.9,1,29.19824981689453,31.482383728027344,16.265243530273438,-1.7466270923614502,32.859073638916016,17.084285736083984,99.0,0.47905534505844116
waning_damped,0.9,2,29.184587478637695,31.47453498840332,16.195676803588867,-2.328749418258667,32.859073638916016,17.084285736083984,101.5,0.47338855266571045
oracle_w52,0.5,1,25.087894439697266,20.71394157409668,11.61061954498291,-0.6837612390518188,20.270668029785156,11.64380931854248,82.2,
oracle_w52,0.55,0,20.30648422241211,44.36631393432617,21.64528465270996,-9.794602394104004,45.49281311035156,22.0325927734375,62.4,
oracle_w52,0.55,1,20.08888816833496,44.425994873046875,21.659282684326172,-9.886731147766113,45.49281311035156,22.0325927734375,60.0,
oracle_w52,0.55,2,20.306642532348633,44.367515563964844,21.645898818969727,-9.796700477600098,45.49281311035156,22.0325927734375,53.3,
oracle_w52,0.6,0,41.258663177490234,58.89305877685547,30.943878173828125,20.994516372680664,48.71405792236328,23.578571319580078,36.9,
oracle_w52,0.6,1,41.11509704589844,62.7772216796875,32.97198486328125,23.821075439453125,48.71405792236328,23.578571319580078,37.1,
oracle_w52,0.6,2,41.30318069458008,60.1661262512207,31.848846435546875,22.48231315612793,48.71405792236328,23.578571319580078,37.6,
oracle_w52,0.65,0,48.98743438720703,11.922269821166992,5.224579811096191,-0.24538010358810425,11.340509414672852,5.244285583496094,48.7,
oracle_w52,0.65,1,48.89455795288086,11.669198989868164,5.290724277496338,0.16857515275478363,11.340509414672852,5.244285583496094,48.9,
oracle_w52,0.65,2,49.00849151611328,11.921892166137695,5.2248311042785645,-0.24507226049900055,11.340509414672852,5.244285583496094,48.1,
oracle_w52,0.5,0,25.007694244384766,20.88370704650879,12.080218315124512,1.6916899681091309,20.270668029785156,11.64380931854248,205.8,
oracle_w52,0.5,2,25.008052825927734,20.880889892578125,12.074102401733398,1.672122836112976,20.270668029785156,11.64380931854248,205.8,
oracle_w52,0.7,1,12.005204200744629,15.16961669921875,6.351762771606445,0.1210804134607315,15.7118501663208,6.584691524505615,61.1,
oracle_w52,0.75,1,15.63905143737793,29.09284019470215,11.585491180419922,-0.20404474437236786,29.548784255981445,10.929333686828613,94.0,
oracle_w52,0.8,0,28.20781898498535,20.897350311279297,12.611309051513672,0.4560660123825073,21.96774673461914,12.876190185546875,87.9,
oracle_w52,0.8,2,28.207435607910156,20.897071838378906,12.611161231994629,0.45551472902297974,21.96774673461914,12.876190185546875,98.0,
oracle_w52,0.8,1,28.010604858398438,21.014909744262695,12.666409492492676,0.7431769967079163,21.96774673461914,12.876190185546875,105.1,
oracle_w52,0.7,0,11.973997116088867,15.26202392578125,6.470441818237305,0.1412370800971985,15.7118501663208,6.584691524505615,274.9,
oracle_w52,0.85,0,21.823965072631836,30.5936279296875,14.839656829833984,-3.032867908477783,30.963665008544922,15.473650932312012,93.2,
oracle_w52,0.85,1,21.8148193359375,30.594188690185547,14.83659553527832,-3.0590991973876953,30.963665008544922,15.473650932312012,92.1,
oracle_w52,0.85,2,21.823747634887695,30.593263626098633,14.839674949645996,-3.032546281814575,30.963665008544922,15.473650932312012,92.7,
oracle_w52,0.7,2,11.750635147094727,15.174962997436523,6.424785137176514,0.04026492312550545,15.7118501663208,6.584691524505615,338.6,
oracle_w52,0.75,0,15.591463088989258,30.243600845336914,11.37743091583252,0.436654269695282,29.548784255981445,10.929333686828613,339.5,
oracle_w52,0.75,2,15.681807518005371,30.734773635864258,11.422284126281738,0.7994422316551208,29.548784255981445,10.929333686828613,362.3,
oracle_w52,0.9,1,29.51881980895996,31.880464553833008,16.545019149780273,-1.426177978515625,32.859073638916016,17.084285736083984,78.2,
oracle_w52,0.9,0,29.519227981567383,31.881540298461914,16.55514144897461,-1.363852858543396,32.859073638916016,17.084285736083984,79.0,
oracle_w52,0.9,2,29.519145965576172,31.881200790405273,16.554948806762695,-1.3664952516555786,32.859073638916016,17.084285736083984,78.8,
oracle_w52_damped,0.5,1,22.94481086730957,19.507036209106445,10.950421333312988,-2.043443202972412,20.270668029785156,11.64380931854248,65.2,0.47313040494918823
oracle_w52_damped,0.5,0,23.110836029052734,19.945293426513672,11.182888984680176,-2.099710464477539,20.270668029785156,11.64380931854248,81.1,0.453575074672699
oracle_w52_damped,0.6,0,40.868133544921875,57.50962829589844,29.211515426635742,19.41057777404785,48.71405792236328,23.578571319580078,51.5,0.49480241537094116
oracle_w52_damped,0.55,0,19.59635353088379,45.53668975830078,21.853967666625977,-11.576186180114746,45.49281311035156,22.0325927734375,63.6,0.4822750985622406
oracle_w52_damped,0.6,1,40.74430465698242,56.06405258178711,28.403039932250977,18.178876876831055,48.71405792236328,23.578571319580078,52.3,0.49265018105506897
oracle_w52_damped,0.55,2,19.596309661865234,45.53642272949219,21.85409927368164,-11.5769681930542,45.49281311035156,22.0325927734375,63.3,0.48222342133522034
oracle_w52_damped,0.5,2,23.11078453063965,19.9437255859375,11.180147171020508,-2.0854945182800293,20.270668029785156,11.64380931854248,80.3,0.45478537678718567
oracle_w52_damped,0.6,2,40.80715560913086,57.960853576660156,29.374116897583008,19.600975036621094,48.71405792236328,23.578571319580078,45.2,0.49480143189430237
oracle_w52_damped,0.65,0,46.64863204956055,11.318157196044922,5.01390266418457,-0.3886018395423889,11.340509414672852,5.244285583496094,69.0,0.47480350732803345
oracle_w52_damped,0.65,2,46.649410247802734,11.318079948425293,5.013960838317871,-0.38855475187301636,11.340509414672852,5.244285583496094,69.9,0.47474536299705505
oracle_w52_damped,0.65,1,46.427955627441406,11.458653450012207,5.222141742706299,0.4092349708080292,11.340509414672852,5.244285583496094,73.7,0.4694860577583313
oracle_w52_damped,0.7,1,11.606117248535156,15.203675270080566,6.303145408630371,-0.1978183090686798,15.7118501663208,6.584691524505615,67.0,0.4760351777076721
oracle_w52_damped,0.7,0,11.720657348632812,15.105157852172852,6.2915191650390625,-0.77513188123703,15.7118501663208,6.584691524505615,113.1,0.46511131525039673
oracle_w52_damped,0.75,1,15.30603313446045,27.445417404174805,10.795540809631348,-1.8773233890533447,29.548784255981445,10.929333686828613,59.0,0.47863954305648804
oracle_w52_damped,0.55,1,18.510602951049805,44.12860870361328,21.331022262573242,-9.620864868164062,45.49281311035156,22.0325927734375,217.2,0.6217626333236694
oracle_w52_damped,0.7,2,11.720672607421875,15.105130195617676,6.29160213470459,-0.7750518918037415,15.7118501663208,6.584691524505615,105.8,0.46503373980522156
oracle_w52_damped,0.8,0,26.920166015625,20.741331100463867,12.334559440612793,-0.6932361721992493,21.96774673461914,12.876190185546875,64.9,0.4761359691619873
oracle_w52_damped,0.8,1,26.772262573242188,20.770889282226562,12.346441268920898,-0.5629165768623352,21.96774673461914,12.876190185546875,63.4,0.47865745425224304
oracle_w52_damped,0.8,2,26.92033576965332,20.741392135620117,12.334592819213867,-0.6935702562332153,21.96774673461914,12.876190185546875,65.7,0.4760669469833374
oracle_w52_damped,0.85,0,20.816619873046875,30.312416076660156,14.752836227416992,-3.980867862701416,30.963665008544922,15.473650932312012,65.8,0.47354698181152344
oracle_w52_damped,0.75,0,15.505304336547852,28.637678146362305,10.92798137664795,-1.1800644397735596,29.548784255981445,10.929333686828613,170.7,0.5642271041870117
oracle_w52_damped,0.85,1,20.809904098510742,30.36081886291504,14.74434757232666,-3.723680019378662,30.963665008544922,15.473650932312012,62.8,0.47638705372810364
oracle_w52_damped,0.85,2,20.816614151000977,30.31247901916504,14.752857208251953,-3.9810919761657715,30.963665008544922,15.473650932312012,63.8,0.47348639369010925
oracle_w52_damped,0.75,2,15.505423545837402,28.60186004638672,10.92374324798584,-1.214000940322876,29.548784255981445,10.929333686828613,167.9,0.5575971603393555
oracle_w52_damped,0.9,0,29.17308807373047,31.484607696533203,16.148141860961914,-2.839658260345459,32.859073638916016,17.084285736083984,63.6,0.47372934222221375
oracle_full,0.5,0,22.889497756958008,20.787586212158203,11.415143013000488,-1.8376907110214233,20.270668029785156,11.64380931854248,32.3,0.49480435252189636
oracle_full,0.5,1,22.804943084716797,20.826936721801758,11.37092399597168,-2.297506332397461,20.270668029785156,11.64380931854248,33.4,0.49265754222869873
oracle_w52_damped,0.9,1,29.18075180053711,31.466222763061523,16.182981491088867,-2.3818492889404297,32.859073638916016,17.084285736083984,58.1,0.47905808687210083
oracle_w52_damped,0.9,2,29.173078536987305,31.484838485717773,16.148239135742188,-2.8404793739318848,32.859073638916016,17.084285736083984,61.2,0.4736638069152832
oracle_full,0.5,2,22.83527374267578,20.904094696044922,11.379904747009277,-2.395770311355591,20.270668029785156,11.64380931854248,32.4,0.49266669154167175
oracle_full,0.55,0,20.250516891479492,44.818233489990234,21.29648208618164,-6.783415794372559,45.49281311035156,22.0325927734375,29.4,0.49924999475479126
oracle_full,0.55,1,20.22235107421875,44.75879669189453,21.266036987304688,-6.737812519073486,45.49281311035156,22.0325927734375,29.7,0.49924999475479126
oracle_full,0.55,2,20.23198127746582,44.77752685546875,21.277143478393555,-6.780513763427734,45.49281311035156,22.0325927734375,29.5,0.49924999475479126
oracle_full,0.6,0,42.91968536376953,62.28786087036133,31.504610061645508,22.555294036865234,48.71405792236328,23.578571319580078,30.7,0.49924999475479126
oracle_full,0.6,1,42.864227294921875,62.50804901123047,31.569189071655273,22.60697364807129,48.71405792236328,23.578571319580078,30.4,0.49924999475479126
oracle_full,0.6,2,42.882293701171875,62.4017219543457,31.5323543548584,22.57832145690918,48.71405792236328,23.578571319580078,31.2,0.49924999475479126
oracle_full,0.65,0,47.57611846923828,11.358254432678223,5.047929763793945,-0.2520981431007385,11.340509414672852,5.244285583496094,50.0,0.47291553020477295
oracle_full,0.65,1,48.42694091796875,11.468262672424316,5.2237629890441895,0.451274573802948,11.340509414672852,5.244285583496094,46.7,0.48166441917419434
oracle_full,0.65,2,48.2119255065918,11.470558166503906,5.243323802947998,0.5240916609764099,11.340509414672852,5.244285583496094,47.5,0.48147499561309814
oracle_full,0.7,1,11.67732048034668,14.755044937133789,6.170257568359375,-0.7017602324485779,15.7118501663208,6.584691524505615,48.6,0.4821324050426483
oracle_full,0.7,2,11.523675918579102,14.624619483947754,6.1297736167907715,-0.7879774570465088,15.7118501663208,6.584691524505615,72.6,0.45834049582481384
oracle_full,0.75,1,15.170625686645508,27.141660690307617,10.831695556640625,-1.9998629093170166,29.548784255981445,10.929333686828613,72.0,0.48213595151901245
oracle_full,0.75,2,15.074248313903809,26.977230072021484,10.79443645477295,-2.3666203022003174,29.548784255981445,10.929333686828613,97.0,0.46462854743003845
oracle_full,0.8,0,26.505720138549805,20.476987838745117,12.275163650512695,-1.6341559886932373,21.96774673461914,12.876190185546875,97.2,0.4739815592765808
oracle_full,0.8,1,26.550785064697266,20.540597915649414,12.297486305236816,-1.2483983039855957,21.96774673461914,12.876190185546875,90.6,0.4796906113624573
oracle_full,0.8,2,26.311542510986328,20.47662925720215,12.275016784667969,-1.6353565454483032,21.96774673461914,12.876190185546875,88.8,0.4739496409893036
oracle_full,0.7,0,11.693011283874512,14.855825424194336,6.2524847984313965,-1.1947449445724487,15.7118501663208,6.584691524505615,203.8,0.38675573468208313
oracle_full,0.85,0,20.572952270507812,30.404170989990234,14.73662281036377,-4.851408004760742,30.963665008544922,15.473650932312012,76.9,0.4710589349269867
oracle_full,0.85,1,20.620458602905273,30.45823860168457,14.768445014953613,-4.275032043457031,30.963665008544922,15.473650932312012,67.7,0.47710007429122925
oracle_full,0.85,2,20.572111129760742,30.40862464904785,14.686617851257324,-4.7243218421936035,30.963665008544922,15.473650932312012,63.3,0.47103258967399597
oracle_full,0.9,0,29.230337142944336,32.07758331298828,16.28160285949707,-5.235784530639648,32.859073638916016,17.084285736083984,58.6,0.4585597515106201
oracle_full,0.9,2,29.206710815429688,31.467588424682617,16.125198364257812,-3.4507205486297607,32.859073638916016,17.084285736083984,59.7,0.43636810779571533
oracle_full,0.75,0,14.972413063049316,28.27722930908203,10.892478942871094,-1.561791181564331,29.548784255981445,10.929333686828613,251.9,0.47390106320381165
oracle_full,0.9,1,29.099809646606445,31.77288818359375,16.343101501464844,-3.6122913360595703,32.859073638916016,17.084285736083984,86.3,0.4743470847606659
