arm,origin,seed,val_RMSE,test_RMSE,test_MAE,bias,pers_RMSE,pers_MAE,elapsed,cap_c,damp_alpha
v2,0.55,0,20.258729934692383,48.18746566772461,23.163799285888672,-14.003308296203613,45.49281311035156,22.0325927734375,71.3,,
v2,0.55,1,20.25840187072754,48.18941879272461,23.164894104003906,-14.00727367401123,45.49281311035156,22.0325927734375,71.2,,
v2,0.55,2,20.25876808166504,48.19464874267578,23.167043685913086,-14.013687133789062,45.49281311035156,22.0325927734375,71.3,,
v2,0.6,0,41.73818588256836,64.38764953613281,32.70820236206055,22.597509384155273,48.71405792236328,23.578571319580078,48.7,,
v2,0.6,2,41.909446716308594,64.46592712402344,32.850589752197266,22.926801681518555,48.71405792236328,23.578571319580078,49.0,,
v2,0.6,1,41.8203125,65.70359802246094,33.686309814453125,24.162246704101562,48.71405792236328,23.578571319580078,49.5,,
v2,0.5,1,22.481033325195312,19.228870391845703,10.898445129394531,-1.8829007148742676,20.270668029785156,11.64380931854248,155.1,,
v2,0.5,2,22.245962142944336,19.0894832611084,10.962285041809082,-1.047727108001709,20.270668029785156,11.64380931854248,206.7,,
v2,0.5,0,22.317636489868164,19.8564395904541,11.166616439819336,-2.468397378921509,20.270668029785156,11.64380931854248,256.7,,
v2,0.65,1,46.703155517578125,11.551105499267578,5.2488627433776855,0.26886239647865295,11.340509414672852,5.244285583496094,211.3,,
v2,0.65,0,46.97503662109375,11.345667839050293,5.163853168487549,0.11896562576293945,11.340509414672852,5.244285583496094,298.4,,
v2,0.65,2,46.728843688964844,11.261563301086426,5.089580059051514,-0.18391519784927368,11.340509414672852,5.244285583496094,312.6,,
v2,0.7,0,11.6294584274292,15.130611419677734,6.274700164794922,-0.8029168248176575,15.7118501663208,6.584691524505615,314.9,,
v2,0.7,1,11.685734748840332,15.259988784790039,6.27984094619751,-0.8367811441421509,15.7118501663208,6.584691524505615,268.4,,
v2,0.7,2,11.60765266418457,15.315462112426758,6.295138359069824,-0.7966533303260803,15.7118501663208,6.584691524505615,305.3,,
v2,0.8,0,27.420331954956055,20.30377197265625,12.369902610778809,-2.067302942276001,21.96774673461914,12.876190185546875,98.1,,
v2,0.8,1,27.41950798034668,20.30362892150879,12.369940757751465,-2.0694198608398438,21.96774673461914,12.876190185546875,99.4,,
v2,0.8,2,27.420421600341797,20.303770065307617,12.369974136352539,-2.067263126373291,21.96774673461914,12.876190185546875,100.4,,
v2,0.75,0,15.509575843811035,28.349964141845703,11.179983139038086,-2.021599531173706,29.548784255981445,10.929333686828613,352.0,,
v2,0.75,1,15.008676528930664,27.91749382019043,11.104628562927246,-1.9575247764587402,29.548784255981445,10.929333686828613,358.9,,
v2,0.75,2,15.540787696838379,28.32121467590332,11.196125030517578,-2.076861619949341,29.548784255981445,10.929333686828613,357.8,,
v2,0.85,1,21.067930221557617,30.434329986572266,14.679856300354004,-4.164400577545166,30.963665008544922,15.473650932312012,231.2,,
v2,0.85,0,21.071712493896484,30.41762351989746,14.695502281188965,-4.279984951019287,30.963665008544922,15.473650932312012,239.1,,
waning_26w,0.5,0,23.61170768737793,20.476646423339844,11.386096954345703,-1.3303245306015015,20.270668029785156,11.64380931854248,78.0,,
waning_26w,0.5,1,23.606719970703125,20.477022171020508,11.383468627929688,-1.3647825717926025,20.270668029785156,11.64380931854248,78.1,,
v2,0.85,2,21.071557998657227,30.416563034057617,14.696451187133789,-4.273343086242676,30.963665008544922,15.473650932312012,247.9,,
waning_26w,0.5,2,23.611408233642578,20.47612762451172,11.385941505432129,-1.3309822082519531,20.270668029785156,11.64380931854248,72.9,,
waning_26w,0.55,0,20.078371047973633,47.8585090637207,22.910417556762695,-12.790753364562988,45.49281311035156,22.0325927734375,80.3,,
waning_26w,0.55,1,20.07851219177246,47.91184616088867,22.928302764892578,-12.85081672668457,45.49281311035156,22.0325927734375,86.3,,
waning_26w,0.6,0,42.320777893066406,55.53206253051758,29.39535903930664,19.088708877563477,48.71405792236328,23.578571319580078,73.0,,
waning_26w,0.55,2,20.07854461669922,47.85822296142578,22.91067123413086,-12.791882514953613,45.49281311035156,22.0325927734375,93.8,,
v2,0.9,0,29.301565170288086,31.877431869506836,16.310117721557617,-3.8185343742370605,32.859073638916016,17.084285736083984,372.7,,
waning_26w,0.6,1,42.12302780151367,58.91741943359375,31.316171646118164,21.86077880859375,48.71405792236328,23.578571319580078,67.8,,
waning_26w,0.6,2,42.469383239746094,56.44536590576172,30.086124420166016,20.338478088378906,48.71405792236328,23.578571319580078,78.0,,
v2,0.9,1,29.14159393310547,31.749677658081055,16.361440658569336,-2.3217709064483643,32.859073638916016,17.084285736083984,379.4,,
waning_26w,0.7,0,12.194520950317383,15.161059379577637,6.2905049324035645,-0.479836642742157,15.7118501663208,6.584691524505615,125.6,,
v2,0.9,2,29.295032501220703,32.7860107421875,16.85331916809082,-0.6108818650245667,32.859073638916016,17.084285736083984,465.8,,
waning_26w,0.7,1,12.1935396194458,15.160770416259766,6.289575099945068,-0.49267467856407166,15.7118501663208,6.584691524505615,110.0,,
waning_26w,0.7,2,12.194376945495605,15.161080360412598,6.290592193603516,-0.47953733801841736,15.7118501663208,6.584691524505615,89.1,,
waning_26w,0.65,2,44.614830017089844,12.0393648147583,5.714784145355225,1.5153155326843262,11.340509414672852,5.244285583496094,399.7,,
waning_26w,0.65,0,44.328941345214844,12.148516654968262,5.790943622589111,1.7034329175949097,11.340509414672852,5.244285583496094,416.4,,
waning_26w,0.65,1,44.397796630859375,12.161985397338867,5.798893451690674,1.7244114875793457,11.340509414672852,5.244285583496094,418.8,,
waning_26w,0.8,0,28.152637481689453,20.842496871948242,12.580304145812988,0.29453372955322266,21.96774673461914,12.876190185546875,116.4,,
waning_26w,0.8,1,28.144451141357422,20.83419418334961,12.576275825500488,0.2716980278491974,21.96774673461914,12.876190185546875,117.9,,
waning_26w,0.8,2,28.152685165405273,20.84279441833496,12.580460548400879,0.29565685987472534,21.96774673461914,12.876190185546875,123.2,,
waning_26w,0.75,0,15.031404495239258,30.48943328857422,11.371438980102539,0.5831736922264099,29.548784255981445,10.929333686828613,424.4,,
waning_26w,0.85,0,21.766342163085938,30.58566665649414,14.822956085205078,-3.0098068714141846,30.963665008544922,15.473650932312012,108.2,,
waning_26w,0.75,1,15.05691146850586,30.56783103942871,11.377877235412598,0.6189941167831421,29.548784255981445,10.929333686828613,424.1,,
waning_26w,0.85,1,21.759506225585938,30.585739135742188,14.82038688659668,-3.030197858810425,30.963665008544922,15.473650932312012,107.0,,
waning_26w,0.85,2,21.76640510559082,30.585500717163086,14.823040962219238,-3.0089900493621826,30.963665008544922,15.473650932312012,102.0,,
waning_26w,0.75,2,15.057145118713379,30.56827735900879,11.378506660461426,0.6194018721580505,29.548784255981445,10.929333686828613,420.4,,
waning_52w,0.5,0,25.196392059326172,20.80984878540039,11.526650428771973,-1.1502344608306885,20.270668029785156,11.64380931854248,74.1,,
waning_52w,0.5,1,24.898117065429688,20.23108673095703,11.261075019836426,-1.2073569297790527,20.270668029785156,11.64380931854248,70.2,,
waning_26w,0.9,0,29.506608963012695,31.8852596282959,16.536727905273438,-1.3948125839233398,32.859073638916016,17.084285736083984,93.5,,
waning_26w,0.9,1,29.50601577758789,31.88449478149414,16.529094696044922,-1.444437861442566,32.859073638916016,17.084285736083984,95.3,,
waning_26w,0.9,2,29.506147384643555,31.885236740112305,16.537010192871094,-1.3950531482696533,32.859073638916016,17.084285736083984,95.3,,
waning_52w,0.55,0,20.385828018188477,48.41508483886719,23.019346237182617,-12.42308235168457,45.49281311035156,22.0325927734375,74.4,,
waning_52w,0.6,0,43.55209732055664,57.282440185546875,30.713624954223633,20.905548095703125,48.71405792236328,23.578571319580078,59.0,,
waning_52w,0.6,1,43.06473159790039,55.25859069824219,29.421709060668945,18.877281188964844,48.71405792236328,23.578571319580078,60.8,,
waning_52w,0.55,1,19.740718841552734,49.23345947265625,23.137514114379883,-12.933379173278809,45.49281311035156,22.0325927734375,76.7,,
waning_52w,0.55,2,20.314607620239258,48.06848907470703,22.81741714477539,-11.605896949768066,45.49281311035156,22.0325927734375,83.0,,
waning_52w,0.6,2,43.38414764404297,58.91586685180664,31.596717834472656,22.03938865661621,48.71405792236328,23.578571319580078,60.9,,
waning_52w,0.65,1,48.44472885131836,11.899100303649902,5.391711711883545,0.36214563250541687,11.340509414672852,5.244285583496094,78.3,,
waning_52w,0.5,2,25.058563232421875,20.995481491088867,12.094464302062988,1.7780166864395142,20.270668029785156,11.64380931854248,272.1,,
waning_52w,0.7,0,12.080768585205078,15.5338716506958,6.420912742614746,0.2140321582555771,15.7118501663208,6.584691524505615,170.2,,
waning_52w,0.7,2,11.784276008605957,16.49366569519043,6.760167598724365,1.8303282260894775,15.7118501663208,6.584691524505615,108.8,,
waning_52w,0.65,0,46.827056884765625,11.730755805969238,5.28314208984375,0.12664715945720673,11.340509414672852,5.244285583496094,212.2,,
waning_52w,0.8,0,28.403385162353516,21.141544342041016,12.724532127380371,1.0203815698623657,21.96774673461914,12.876190185546875,96.7,,
waning_52w,0.75,1,15.951735496520996,29.63422393798828,11.564491271972656,-0.5626685619354248,29.548784255981445,10.929333686828613,145.7,,
waning_52w,0.75,0,15.90968132019043,30.617259979248047,11.568924903869629,0.030763061717152596,29.548784255981445,10.929333686828613,191.3,,
waning_52w,0.7,1,11.40388011932373,15.862387657165527,6.497164249420166,1.0500041246414185,15.7118501663208,6.584691524505615,319.4,,
waning_52w,0.65,2,46.11741256713867,11.738137245178223,5.391617298126221,0.5937247276306152,11.340509414672852,5.244285583496094,374.3,,
waning_52w,0.75,2,15.860452651977539,29.846435546875,11.505081176757812,0.7715309858322144,29.548784255981445,10.929333686828613,197.6,,
waning_52w,0.8,1,28.329599380493164,21.122339248657227,12.728288650512695,1.046053171157837,21.96774673461914,12.876190185546875,90.4,,
waning_52w,0.8,2,28.379722595214844,21.51744842529297,12.899749755859375,1.3628721237182617,21.96774673461914,12.876190185546875,100.4,,
waning_52w,0.85,0,22.106904983520508,30.658952713012695,14.938810348510742,-2.5379204750061035,30.963665008544922,15.473650932312012,113.4,,
waning_52w,0.85,1,22.04804229736328,30.67705726623535,14.905097007751465,-2.4610705375671387,30.963665008544922,15.473650932312012,116.5,,
waning_52w,0.9,0,29.587417602539062,32.00900650024414,16.69251823425293,-0.48287394642829895,32.859073638916016,17.084285736083984,127.4,,
waning_52w,0.9,1,29.57575798034668,31.983854293823242,16.662174224853516,-0.6279659271240234,32.859073638916016,17.084285736083984,128.0,,
waning_52w,0.85,2,22.321496963500977,30.691436767578125,15.05830192565918,-1.7309812307357788,30.963665008544922,15.473650932312012,160.2,,
waning_52w,0.9,2,29.632444381713867,32.07765197753906,16.816808700561523,-0.11189061403274536,32.859073638916016,17.084285736083984,128.2,,
waning_104w,0.5,1,25.783344268798828,24.52757453918457,12.527247428894043,-6.807840347290039,20.270668029785156,11.64380931854248,79.6,,
waning_104w,0.55,0,23.138315200805664,48.29075622558594,23.792024612426758,-0.8125181198120117,45.49281311035156,22.0325927734375,55.9,,
waning_104w,0.5,0,25.615217208862305,24.30664825439453,12.446995735168457,-7.496476650238037,20.270668029785156,11.64380931854248,98.6,,
waning_104w,0.5,2,25.735010147094727,24.603469848632812,12.533370018005371,-7.14348840713501,20.270668029785156,11.64380931854248,72.6,,
waning_104w,0.55,1,23.068973541259766,48.1275634765625,23.74138069152832,-0.6469570994377136,45.49281311035156,22.0325927734375,54.2,,
waning_104w,0.55,2,23.096895217895508,48.230648040771484,23.756677627563477,-0.7996566295623779,45.49281311035156,22.0325927734375,55.3,,
waning_104w,0.6,0,46.146236419677734,56.28371047973633,29.692773818969727,18.498567581176758,48.71405792236328,23.578571319580078,61.3,,
waning_104w,0.6,2,46.12767791748047,59.5850944519043,31.741518020629883,21.359651565551758,48.71405792236328,23.578571319580078,58.4,,
waning_104w,0.6,1,45.952205657958984,56.82764434814453,29.962888717651367,18.80859375,48.71405792236328,23.578571319580078,61.4,,
waning_104w,0.65,1,48.440738677978516,11.98469066619873,5.292006492614746,-0.13263143599033356,11.340509414672852,5.244285583496094,93.2,,
waning_104w,0.65,2,48.55855941772461,11.996786117553711,5.290950298309326,-0.17196573317050934,11.340509414672852,5.244285583496094,88.7,,
waning_104w,0.65,0,48.103797912597656,11.647504806518555,5.192296028137207,-0.12742015719413757,11.340509414672852,5.244285583496094,168.7,,
waning_104w,0.7,0,12.005002975463867,14.853757858276367,6.190958499908447,-0.886821985244751,15.7118501663208,6.584691524505615,161.3,,
waning_104w,0.75,0,15.344149589538574,30.857934951782227,11.657333374023438,-0.5396801233291626,29.548784255981445,10.929333686828613,150.1,,
waning_104w,0.8,0,29.234935760498047,21.79630470275879,12.970468521118164,1.4233237504959106,21.96774673461914,12.876190185546875,92.1,,
waning_104w,0.7,1,11.46087646484375,14.176621437072754,6.004995346069336,-0.4792236387729645,15.7118501663208,6.584691524505615,335.5,,
waning_104w,0.75,1,14.452685356140137,28.27129554748535,11.284467697143555,-1.3945921659469604,29.548784255981445,10.929333686828613,329.0,,
waning_104w,0.7,2,11.41191577911377,14.264957427978516,6.120283603668213,-0.10622412711381912,15.7118501663208,6.584691524505615,389.3,,
waning_104w,0.8,1,26.880258560180664,23.544334411621094,13.756359100341797,3.192141056060791,21.96774673461914,12.876190185546875,220.1,,
waning_104w,0.85,0,22.67900848388672,30.725082397460938,15.14432144165039,-1.9751367568969727,30.963665008544922,15.473650932312012,109.4,,
waning_104w,0.8,2,27.03933334350586,23.059188842773438,13.527459144592285,2.9043643474578857,21.96774673461914,12.876190185546875,208.5,,
waning_104w,0.9,0,29.734140396118164,35.626033782958984,17.931001663208008,1.8191062211990356,32.859073638916016,17.084285736083984,108.0,,
waning_104w,0.75,2,14.170226097106934,28.027732849121094,11.182003021240234,-1.3113348484039307,29.548784255981445,10.929333686828613,414.2,,
waning_104w,0.85,1,22.473594665527344,30.53074073791504,14.975528717041016,-2.1250782012939453,30.963665008544922,15.473650932312012,139.2,,
waning_104w,0.85,2,22.649578094482422,30.671884536743164,15.12033748626709,-1.9424874782562256,30.963665008544922,15.473650932312012,146.0,,
waning_104w,0.9,1,29.54718589782715,37.72471237182617,18.739416122436523,3.884366750717163,32.859073638916016,17.084285736083984,143.3,,
waning_104w,0.9,2,29.658245086669922,37.38691329956055,18.624906539916992,3.4047915935516357,32.859073638916016,17.084285736083984,149.4,,
capped,0.55,0,20.2456111907959,48.574378967285156,23.234580993652344,-14.32301139831543,45.49281311035156,22.0325927734375,85.5,0.44626131653785706,
capped,0.55,1,20.24587059020996,48.57663345336914,23.235668182373047,-14.325515747070312,45.49281311035156,22.0325927734375,87.5,0.44698625802993774,
capped,0.55,2,20.246137619018555,48.58391571044922,23.23878288269043,-14.335771560668945,45.49281311035156,22.0325927734375,89.9,0.4459035098552704,
capped,0.6,0,42.23283004760742,63.94584274291992,32.117183685302734,21.715051651000977,48.71405792236328,23.578571319580078,78.7,0.45932573080062866,
capped,0.5,1,22.44606590270996,19.457782745361328,10.932252883911133,-2.3402316570281982,20.270668029785156,11.64380931854248,227.5,0.2589903175830841,
capped,0.6,1,42.33824157714844,65.4024658203125,33.13032913208008,23.340505599975586,48.71405792236328,23.578571319580078,82.5,0.4594537615776062,
capped,0.6,2,42.377784729003906,63.96529006958008,32.203495025634766,21.95395278930664,48.71405792236328,23.578571319580078,75.5,0.45916563272476196,
capped,0.5,2,22.321903228759766,19.518465042114258,10.960508346557617,-2.7253003120422363,20.270668029785156,11.64380931854248,277.3,0.19909155368804932,
capped,0.5,0,22.34958267211914,20.22773551940918,11.350923538208008,-2.490349769592285,20.270668029785156,11.64380931854248,337.6,0.13636639714241028,
capped,0.65,1,46.472496032714844,11.407118797302246,5.181396961212158,0.12493812292814255,11.340509414672852,5.244285583496094,272.8,0.22319594025611877,
capped,0.65,0,46.519100189208984,11.239227294921875,5.033030986785889,-0.5966478586196899,11.340509414672852,5.244285583496094,343.7,0.16173332929611206,
capped,0.7,0,11.65054702758789,15.221213340759277,6.294332981109619,-1.2011326551437378,15.7118501663208,6.584691524505615,304.0,0.19737181067466736,
capped,0.65,2,46.392669677734375,11.235345840454102,5.0280280113220215,-0.6182140111923218,11.340509414672852,5.244285583496094,341.4,0.15934717655181885,
capped,0.7,1,11.583850860595703,15.18280029296875,6.3071818351745605,-1.0721330642700195,15.7118501663208,6.584691524505615,319.7,0.18518385291099548,
capped,0.7,2,11.62619686126709,15.227310180664062,6.306909084320068,-1.2028536796569824,15.7118501663208,6.584691524505615,327.5,0.18397454917430878,
capped,0.8,0,26.387113571166992,20.507083892822266,12.303513526916504,-2.535809278488159,21.96774673461914,12.876190185546875,104.0,0.4381412863731384,
capped,0.8,1,26.384977340698242,20.50800895690918,12.304447174072266,-2.534548044204712,21.96774673461914,12.876190185546875,109.7,0.4393633008003235,
capped,0.8,2,26.387317657470703,20.50692367553711,12.303319931030273,-2.536078453063965,21.96774673461914,12.876190185546875,124.4,0.43796056509017944,
capped,0.85,0,20.594463348388672,30.46318244934082,14.691122055053711,-5.798853397369385,30.963665008544922,15.473650932312012,126.1,0.4343397319316864,
capped,0.85,1,20.595745086669922,30.464950561523438,14.691949844360352,-5.797802448272705,30.963665008544922,15.473650932312012,118.2,0.43567001819610596,
capped,0.75,0,15.515288352966309,28.13538932800293,10.908719062805176,-2.58526349067688,29.548784255981445,10.929333686828613,357.0,0.16186700761318207,
capped,0.75,1,15.531821250915527,28.07602882385254,10.898520469665527,-2.5011394023895264,29.548784255981445,10.929333686828613,342.5,0.17647254467010498,
capped,0.85,2,20.594411849975586,30.463043212890625,14.691081047058105,-5.798296928405762,30.963665008544922,15.473650932312012,89.4,0.4341790974140167,
capped,0.75,2,15.530965805053711,28.21613121032715,10.907140731811523,-2.4814417362213135,29.548784255981445,10.929333686828613,349.5,0.15757057070732117,
capped,0.9,0,29.131576538085938,31.73782730102539,16.22538185119629,-4.445674419403076,32.859073638916016,17.084285736083984,186.3,0.25710418820381165,
capped,0.9,1,29.134469985961914,31.746179580688477,16.25309944152832,-4.332577705383301,32.859073638916016,17.084285736083984,166.2,0.2763213515281677,
damped,0.5,1,21.463773727416992,19.34358787536621,10.980719566345215,-2.476773977279663,20.270668029785156,11.64380931854248,140.8,,0.3337220847606659
capped,0.9,2,29.131072998046875,31.737693786621094,16.225370407104492,-4.445916175842285,32.859073638916016,17.084285736083984,172.4,0.2570505142211914,
damped,0.55,0,19.576526641845703,46.63195037841797,22.38787841796875,-12.866990089416504,45.49281311035156,22.0325927734375,53.2,,0.47558674216270447
damped,0.55,1,19.576534271240234,46.63312530517578,22.3885555267334,-12.869280815124512,45.49281311035156,22.0325927734375,53.0,,0.4756213426589966
damped,0.5,2,21.419225692749023,19.457435607910156,11.084283828735352,-2.2191686630249023,20.270668029785156,11.64380931854248,3820.1,,0.2952283024787903
damped,0.55,2,19.576623916625977,46.63599395751953,22.389772415161133,-12.87297248840332,45.49281311035156,22.0325927734375,3701.2,,0.47560861706733704
damped,0.6,0,41.298583984375,59.7408561706543,29.8380126953125,19.9793701171875,48.71405792236328,23.578571319580078,3688.1,,0.492583304643631
damped,0.5,0,22.09779930114746,20.1706485748291,11.259130477905273,-3.4950594902038574,20.270668029785156,11.64380931854248,3861.9,,0.2678011655807495
damped,0.6,1,41.147064208984375,58.47391891479492,29.154184341430664,18.889921188354492,48.71405792236328,23.578571319580078,3689.8,,0.49041232466697693
damped,0.6,2,41.22142791748047,60.93243408203125,30.32609748840332,20.606399536132812,48.71405792236328,23.578571319580078,3688.6,,0.49257585406303406
damped,0.7,1,11.48984432220459,14.977396011352539,6.183846950531006,-0.927429735660553,15.7118501663208,6.584691524505615,85.8,,0.43827372789382935
damped,0.65,1,46.041160583496094,11.165712356567383,4.990126609802246,-0.6206961274147034,11.340509414672852,5.244285583496094,157.8,,0.3343123197555542
damped,0.65,2,45.77738571166992,11.152449607849121,4.990525245666504,-0.6292051672935486,11.340509414672852,5.244285583496094,183.4,,0.31068915128707886
damped,0.7,0,11.565568923950195,15.214566230773926,6.315459728240967,-1.1503398418426514,15.7118501663208,6.584691524505615,185.9,,0.30756351351737976
damped,0.75,1,15.36681842803955,27.09854507446289,10.797300338745117,-2.7287487983703613,29.548784255981445,10.929333686828613,82.6,,0.4453071057796478
damped,0.65,0,45.66999816894531,11.131908416748047,5.024394512176514,-0.5347285866737366,11.340509414672852,5.244285583496094,244.3,,0.29371529817581177
damped,0.8,0,26.55528450012207,20.457683563232422,12.231271743774414,-2.0283825397491455,21.96774673461914,12.876190185546875,206.3,,0.4593609869480133
damped,0.7,2,11.584078788757324,15.211997985839844,6.360273838043213,-0.967001736164093,15.7118501663208,6.584691524505615,389.8,,0.2779235243797302
damped,0.75,0,15.52617359161377,27.66259002685547,10.819345474243164,-2.6420633792877197,29.548784255981445,10.929333686828613,331.8,,0.31748488545417786
damped,0.8,2,26.555715560913086,20.457929611206055,12.231412887573242,-2.0277678966522217,21.96774673461914,12.876190185546875,305.6,,0.45941856503486633
damped,0.8,1,26.46507453918457,20.531871795654297,12.244209289550781,-1.7372561693191528,21.96774673461914,12.876190185546875,331.4,,0.4383249580860138
damped,0.85,0,20.545948028564453,30.334497451782227,14.701340675354004,-5.04673433303833,30.963665008544922,15.473650932312012,222.1,,0.4596305191516876
damped,0.85,1,20.54609489440918,30.334476470947266,14.701436042785645,-5.046658992767334,30.963665008544922,15.473650932312012,224.1,,0.4597756266593933
damped,0.85,2,20.545970916748047,30.33438491821289,14.701373100280762,-5.046109676361084,30.963665008544922,15.473650932312012,224.9,,0.45968934893608093
damped,0.75,2,15.526225090026855,27.64487075805664,10.817788124084473,-2.6465225219726562,29.548784255981445,10.929333686828613,484.7,,0.32106873393058777
waning52_capped,0.5,0,25.127613067626953,20.815853118896484,11.528700828552246,-0.8205132484436035,20.270668029785156,11.64380931854248,127.4,0.4284822642803192,
waning52_capped,0.5,1,24.943084716796875,20.57577133178711,11.453889846801758,-0.5539405345916748,20.270668029785156,11.64380931854248,119.0,0.4372672140598297,
damped,0.9,0,29.17220115661621,31.779949188232422,16.14137077331543,-4.508298397064209,32.859073638916016,17.084285736083984,242.8,,0.43850693106651306
damped,0.9,1,29.169857025146484,31.779998779296875,16.141448974609375,-4.508719444274902,32.859073638916016,17.084285736083984,238.7,,0.4386850893497467
damped,0.9,2,29.172096252441406,31.7800350189209,16.14142417907715,-4.508660793304443,32.859073638916016,17.084285736083984,224.7,,0.438576877117157
waning52_capped,0.55,0,20.377304077148438,48.54741668701172,22.922277450561523,-12.147350311279297,45.49281311035156,22.0325927734375,108.8,0.4407844841480255,
waning52_capped,0.55,1,19.99793815612793,48.27496337890625,22.845775604248047,-12.150914192199707,45.49281311035156,22.0325927734375,110.5,0.43724268674850464,
waning52_capped,0.6,0,43.9641227722168,56.689720153808594,29.960994720458984,19.79842185974121,48.71405792236328,23.578571319580078,84.0,0.46292978525161743,
waning52_capped,0.5,2,24.987701416015625,20.7333927154541,11.803123474121094,0.46732109785079956,20.270668029785156,11.64380931854248,255.8,0.30861416459083557,
waning52_capped,0.6,1,43.50642013549805,54.73362731933594,28.76986312866211,17.89784049987793,48.71405792236328,23.578571319580078,89.2,0.45970726013183594,
waning52_capped,0.55,2,20.29652976989746,47.69847869873047,22.68828773498535,-10.888952255249023,45.49281311035156,22.0325927734375,147.9,0.39545685052871704,
waning52_capped,0.6,2,43.78556823730469,58.26224899291992,30.799903869628906,20.888559341430664,48.71405792236328,23.578571319580078,86.8,0.4629364311695099,
waning52_capped,0.65,1,48.627662658691406,11.808749198913574,5.317349433898926,0.15597449243068695,11.340509414672852,5.244285583496094,113.0,0.44518375396728516,
waning52_capped,0.7,2,11.73672103881836,16.121912002563477,6.629090785980225,1.1370937824249268,15.7118501663208,6.584691524505615,176.8,0.38864266872406006,
waning52_capped,0.65,0,47.14765548706055,12.290217399597168,5.475247859954834,0.514483630657196,11.340509414672852,5.244285583496094,290.6,0.3088626563549042,
waning52_capped,0.75,1,15.851146697998047,27.5411319732666,10.789786338806152,-1.6392072439193726,29.548784255981445,10.929333686828613,122.7,0.44543442130088806,
waning52_capped,0.8,0,27.11248207092285,21.626625061035156,12.838340759277344,0.769034743309021,21.96774673461914,12.876190185546875,123.7,0.44889888167381287,
waning52_capped,0.75,2,15.909607887268066,28.880977630615234,10.832183837890625,-0.49735262989997864,29.548784255981445,10.929333686828613,228.4,0.3513682782649994,
waning52_capped,0.7,1,11.552783966064453,15.726323127746582,6.485771656036377,0.7436074018478394,15.7118501663208,6.584691524505615,468.5,0.3969041109085083,
waning52_capped,0.75,0,15.6345853805542,29.179912567138672,10.976961135864258,-0.7116300463676453,29.548784255981445,10.929333686828613,411.0,0.2749810516834259,
waning52_capped,0.65,2,46.03388214111328,11.707615852355957,5.361374855041504,0.45791882276535034,11.340509414672852,5.244285583496094,499.5,0.3560524880886078,
waning52_capped,0.7,0,11.279601097106934,16.113018035888672,6.629940509796143,1.028382658958435,15.7118501663208,6.584691524505615,513.8,0.24794939160346985,
waning52_capped,0.8,1,26.887243270874023,21.442461013793945,12.7340726852417,0.4052090644836426,21.96774673461914,12.876190185546875,79.1,0.4454416036605835,
waning52_capped,0.85,0,21.517995834350586,30.626346588134766,14.99373722076416,-3.4119484424591064,30.963665008544922,15.473650932312012,84.4,0.4450485408306122,
waning52_capped,0.8,2,26.989639282226562,21.67300033569336,12.81093978881836,0.5801631212234497,21.96774673461914,12.876190185546875,88.8,0.4411369860172272,
waning52_capped,0.85,1,21.406509399414062,30.590377807617188,14.943490982055664,-3.5721099376678467,30.963665008544922,15.473650932312012,97.2,0.4415159523487091,
waning52_capped,0.85,2,21.55895233154297,30.645647048950195,14.99657154083252,-3.4059715270996094,30.963665008544922,15.473650932312012,97.1,0.4451451003551483,
waning52_capped,0.9,0,29.480833053588867,32.063392639160156,16.824434280395508,-0.2642560303211212,32.859073638916016,17.084285736083984,103.0,0.44110673666000366,
waning52_capped,0.9,1,29.470094680786133,32.04846954345703,16.805923461914062,-0.36013492941856384,32.859073638916016,17.084285736083984,98.4,0.441538006067276,
waning52_capped,0.9,2,29.547489166259766,32.206687927246094,16.949783325195312,0.216164231300354,32.859073638916016,17.084285736083984,73.1,0.4451720416545868,
