arch,increment,origin,seed,RMSE,MAE,n_windows,n_artifact,RMSE_clean,MAE_clean,PICP,MPIW
persistence,base,0.55,-1,26.882223151529477,13.312745098039215,68,0,26.882223151529477,13.312745098039215,,
persistence,base,0.7,-1,38.88532915547214,17.15627450980392,68,0,38.88532915547214,17.15627450980392,,
persistence,base,0.85,-1,68.6183948926748,16.696666666666665,68,6,22.79547681977414,9.18774193548387,,
A3TGCN,base,0.55,0,27.870691299438477,13.749332427978516,68,0,27.870691299438477,13.749332427978516,,
A3TGCN,base,0.55,1,27.13818359375,13.606307029724121,68,0,27.13818359375,13.606307029724121,,
A3TGCN,base,0.55,2,27.03990936279297,13.300790786743164,68,0,27.03990936279297,13.300790786743164,,
A3TGCN,base,0.7,0,37.694129943847656,16.324222564697266,68,0,37.694129943847656,16.324222564697266,,
A3TGCN,base,0.7,1,37.74776077270508,16.349933624267578,68,0,37.74776077270508,16.349933624267578,,
A3TGCN,base,0.7,2,37.776126861572266,16.52451515197754,68,0,37.776126861572266,16.52451515197754,,
A3TGCN,base,0.85,0,67.70771026611328,16.494598388671875,68,6,22.083940505981445,9.088010787963867,,
A3TGCN,base,0.85,1,67.6533432006836,16.47559356689453,68,6,22.091413497924805,9.074458122253418,,
A3TGCN,base,0.85,2,66.68822479248047,16.361417770385742,68,6,22.046655654907227,9.083683013916016,,
A3TGCN,per_horizon_heads,0.55,0,27.70199966430664,13.358719825744629,68,0,27.70199966430664,13.358719825744629,,
A3TGCN,per_horizon_heads,0.55,1,28.75716781616211,13.739791870117188,68,0,28.75716781616211,13.739791870117188,,
A3TGCN,per_horizon_heads,0.55,2,27.0977783203125,13.250510215759277,68,0,27.0977783203125,13.250510215759277,,
A3TGCN,per_horizon_heads,0.7,0,37.88109588623047,16.475370407104492,68,0,37.88109588623047,16.475370407104492,,
A3TGCN,per_horizon_heads,0.7,1,37.97360610961914,16.47041893005371,68,0,37.97360610961914,16.47041893005371,,
A3TGCN,per_horizon_heads,0.7,2,38.0461311340332,16.58604621887207,68,0,38.0461311340332,16.58604621887207,,
A3TGCN,per_horizon_heads,0.85,0,67.12973022460938,16.395172119140625,68,6,22.107690811157227,9.055692672729492,,
A3TGCN,per_horizon_heads,0.85,1,67.28430938720703,16.42314338684082,68,6,22.009553909301758,9.064796447753906,,
A3TGCN,per_horizon_heads,0.85,2,66.6890640258789,16.360280990600586,68,6,22.053857803344727,9.082772254943848,,
A3TGCN,temporal_attention,0.55,0,27.80451202392578,13.70566177368164,68,0,27.80451202392578,13.70566177368164,,
A3TGCN,temporal_attention,0.55,1,26.978538513183594,13.445807456970215,68,0,26.978538513183594,13.445807456970215,,
A3TGCN,temporal_attention,0.55,2,26.96036720275879,13.277093887329102,68,0,26.96036720275879,13.277093887329102,,
A3TGCN,temporal_attention,0.7,0,37.73686981201172,16.290740966796875,68,0,37.73686981201172,16.290740966796875,,
A3TGCN,temporal_attention,0.7,1,37.885032653808594,16.393390655517578,68,0,37.885032653808594,16.393390655517578,,
A3TGCN,temporal_attention,0.7,2,37.68476867675781,16.42538833618164,68,0,37.68476867675781,16.42538833618164,,
A3TGCN,temporal_attention,0.85,0,68.6751708984375,16.619985580444336,68,6,22.184066772460938,9.090798377990723,,
A3TGCN,temporal_attention,0.85,1,68.41181182861328,16.56688690185547,68,6,21.965190887451172,9.067687034606934,,
A3TGCN,temporal_attention,0.85,2,68.25747680664062,16.5678653717041,68,6,22.068138122558594,9.090300559997559,,
A3TGCN,huber,0.55,0,27.854536056518555,13.749886512756348,68,0,27.854536056518555,13.749886512756348,,
A3TGCN,huber,0.55,1,26.930025100708008,13.413201332092285,68,0,26.930025100708008,13.413201332092285,,
A3TGCN,huber,0.55,2,27.038480758666992,13.30453109741211,68,0,27.038480758666992,13.30453109741211,,
A3TGCN,huber,0.7,0,37.65135955810547,16.330350875854492,68,0,37.65135955810547,16.330350875854492,,
A3TGCN,huber,0.7,1,37.67628860473633,16.363557815551758,68,0,37.67628860473633,16.363557815551758,,
A3TGCN,huber,0.7,2,37.63233184814453,16.4303035736084,68,0,37.63233184814453,16.4303035736084,,
A3TGCN,huber,0.85,0,67.99895477294922,16.533058166503906,68,6,22.153282165527344,9.08876895904541,,
A3TGCN,huber,0.85,1,67.91273498535156,16.515356063842773,68,6,22.15302276611328,9.082723617553711,,
A3TGCN,huber,0.85,2,67.30558013916016,16.440568923950195,68,6,22.10920524597168,9.083168983459473,,
A3TGCN,probabilistic,0.55,0,27.31527328491211,13.40481185913086,68,0,27.31527328491211,13.40481185913086,0.9994117647058823,705.4655151367188
A3TGCN,probabilistic,0.55,1,27.025362014770508,13.183904647827148,68,0,27.025362014770508,13.183904647827148,0.9745098039215686,136.79847717285156
A3TGCN,probabilistic,0.55,2,27.324438095092773,13.33198356628418,68,0,27.324438095092773,13.33198356628418,0.9980392156862745,455.3776550292969
A3TGCN,probabilistic,0.7,0,37.61070251464844,16.471105575561523,68,0,37.61070251464844,16.471105575561523,0.9745098039215686,175.4707794189453
A3TGCN,probabilistic,0.7,1,37.6888542175293,16.374523162841797,68,0,37.6888542175293,16.374523162841797,0.9625490196078431,166.6044921875
A3TGCN,probabilistic,0.7,2,37.6298713684082,16.394433975219727,68,0,37.6298713684082,16.394433975219727,0.9605882352941176,163.6944580078125
A3TGCN,probabilistic,0.85,0,68.30229949951172,16.536739349365234,68,6,21.88271713256836,9.055551528930664,0.9272549019607843,89.44902038574219
A3TGCN,probabilistic,0.85,1,68.3023681640625,16.545202255249023,68,6,21.976816177368164,9.05661678314209,0.9284313725490196,89.81492614746094
A3TGCN,probabilistic,0.85,2,68.01641082763672,16.517799377441406,68,6,21.93267059326172,9.069626808166504,0.9301960784313725,91.59258270263672
AAGCN,base,0.55,0,34.04438018798828,15.608682632446289,68,0,34.04438018798828,15.608682632446289,,
AAGCN,base,0.55,1,28.563310623168945,13.578702926635742,68,0,28.563310623168945,13.578702926635742,,
AAGCN,base,0.55,2,28.135761260986328,13.157819747924805,68,0,28.135761260986328,13.157819747924805,,
AAGCN,base,0.7,0,39.12919616699219,17.159902572631836,68,0,39.12919616699219,17.159902572631836,,
AAGCN,base,0.7,1,37.808799743652344,16.573421478271484,68,0,37.808799743652344,16.573421478271484,,
AAGCN,base,0.7,2,38.10427474975586,16.631555557250977,68,0,38.10427474975586,16.631555557250977,,
AAGCN,base,0.85,0,55.451171875,14.3983793258667,68,6,21.339946746826172,8.851329803466797,,
AAGCN,base,0.85,1,54.27736282348633,14.066004753112793,68,6,20.588659286499023,8.66124153137207,,
AAGCN,base,0.85,2,53.35127258300781,13.73758602142334,68,6,20.81711769104004,8.694005012512207,,
AAGCN,per_horizon_heads,0.55,0,32.1631965637207,14.697932243347168,68,0,32.1631965637207,14.697932243347168,,
AAGCN,per_horizon_heads,0.55,1,34.23366165161133,15.9308500289917,68,0,34.23366165161133,15.9308500289917,,
AAGCN,per_horizon_heads,0.55,2,34.4439811706543,15.446512222290039,68,0,34.4439811706543,15.446512222290039,,
AAGCN,per_horizon_heads,0.7,0,38.74707794189453,16.956724166870117,68,0,38.74707794189453,16.956724166870117,,
AAGCN,per_horizon_heads,0.7,1,38.07394790649414,16.59787940979004,68,0,38.07394790649414,16.59787940979004,,
AAGCN,per_horizon_heads,0.7,2,39.02201461791992,17.24921417236328,68,0,39.02201461791992,17.24921417236328,,
AAGCN,per_horizon_heads,0.85,0,72.00305938720703,15.985678672790527,68,6,21.203907012939453,8.953917503356934,,
AAGCN,per_horizon_heads,0.85,1,52.16973114013672,13.64928913116455,68,6,20.895193099975586,8.715270042419434,,
AAGCN,per_horizon_heads,0.85,2,52.29165267944336,13.694595336914062,68,6,20.558862686157227,8.60759449005127,,
AAGCN,temporal_attention,0.55,0,34.00077819824219,15.524008750915527,68,0,34.00077819824219,15.524008750915527,,
AAGCN,temporal_attention,0.55,1,28.310741424560547,13.447869300842285,68,0,28.310741424560547,13.447869300842285,,
AAGCN,temporal_attention,0.55,2,28.10109519958496,13.150297164916992,68,0,28.10109519958496,13.150297164916992,,
AAGCN,temporal_attention,0.7,0,39.250267028808594,16.853361129760742,68,0,39.250267028808594,16.853361129760742,,
AAGCN,temporal_attention,0.7,1,38.164772033691406,16.49026107788086,68,0,38.164772033691406,16.49026107788086,,
AAGCN,temporal_attention,0.7,2,38.712303161621094,16.717905044555664,68,0,38.712303161621094,16.717905044555664,,
AAGCN,temporal_attention,0.85,0,54.59165573120117,14.190496444702148,68,6,21.062620162963867,8.80031967163086,,
AAGCN,temporal_attention,0.85,1,57.11920166015625,14.514394760131836,68,6,20.5764102935791,8.676857948303223,,
AAGCN,temporal_attention,0.85,2,52.063140869140625,13.506021499633789,68,6,20.951034545898438,8.732404708862305,,
AAGCN,huber,0.55,0,34.420326232910156,15.718486785888672,68,0,34.420326232910156,15.718486785888672,,
AAGCN,huber,0.55,1,28.077211380004883,13.418281555175781,68,0,28.077211380004883,13.418281555175781,,
AAGCN,huber,0.55,2,28.177536010742188,13.203636169433594,68,0,28.177536010742188,13.203636169433594,,
AAGCN,huber,0.7,0,38.91911315917969,16.980667114257812,68,0,38.91911315917969,16.980667114257812,,
AAGCN,huber,0.7,1,38.118587493896484,16.78620719909668,68,0,38.118587493896484,16.78620719909668,,
AAGCN,huber,0.7,2,38.9118537902832,16.893625259399414,68,0,38.9118537902832,16.893625259399414,,
AAGCN,huber,0.85,0,56.0135383605957,14.530220985412598,68,6,21.524301528930664,8.878374099731445,,
AAGCN,huber,0.85,1,56.507144927978516,14.59485912322998,68,6,20.7180118560791,8.677399635314941,,
AAGCN,huber,0.85,2,52.798011779785156,13.632436752319336,68,6,20.67122459411621,8.667353630065918,,
AAGCN,probabilistic,0.55,0,33.93876266479492,16.166852951049805,68,0,33.93876266479492,16.166852951049805,0.9986274509803922,431.4543762207031
AAGCN,probabilistic,0.55,1,28.355148315429688,13.514331817626953,68,0,28.355148315429688,13.514331817626953,0.9919607843137255,163.056396484375
AAGCN,probabilistic,0.55,2,28.23736572265625,13.249893188476562,68,0,28.23736572265625,13.249893188476562,0.9896078431372549,134.4120330810547
AAGCN,probabilistic,0.7,0,38.12666702270508,16.885438919067383,68,0,38.12666702270508,16.885438919067383,0.9525490196078431,133.1728973388672
AAGCN,probabilistic,0.7,1,38.219398498535156,16.470754623413086,68,0,38.219398498535156,16.470754623413086,0.9564705882352941,130.22669982910156
AAGCN,probabilistic,0.7,2,38.32704544067383,16.62193489074707,68,0,38.32704544067383,16.62193489074707,0.9552941176470588,130.61952209472656
AAGCN,probabilistic,0.85,0,53.242652893066406,13.904633522033691,68,6,21.184072494506836,8.811256408691406,0.9331372549019608,57.63705825805664
AAGCN,probabilistic,0.85,1,57.95456314086914,14.814905166625977,68,6,20.798852920532227,8.697153091430664,0.9249019607843137,60.425846099853516
AAGCN,probabilistic,0.85,2,56.58223342895508,14.446418762207031,68,6,20.76773452758789,8.702990531921387,0.9274509803921569,67.22840118408203
ASTGCN,base,0.55,0,28.779991149902344,13.347702026367188,68,0,28.779991149902344,13.347702026367188,,
ASTGCN,base,0.55,1,30.571182250976562,14.159162521362305,68,0,30.571182250976562,14.159162521362305,,
ASTGCN,base,0.55,2,28.942697525024414,13.626422882080078,68,0,28.942697525024414,13.626422882080078,,
ASTGCN,base,0.7,0,39.29496765136719,18.064056396484375,68,0,39.29496765136719,18.064056396484375,,
ASTGCN,base,0.7,1,37.39823913574219,16.741348266601562,68,0,37.39823913574219,16.741348266601562,,
ASTGCN,base,0.7,2,38.84209060668945,17.71677017211914,68,0,38.84209060668945,17.71677017211914,,
ASTGCN,base,0.85,0,63.857452392578125,15.91090202331543,68,6,21.498157501220703,8.9398775100708,,
ASTGCN,base,0.85,1,61.26958084106445,15.494531631469727,68,6,21.115812301635742,8.859498977661133,,
ASTGCN,base,0.85,2,61.975494384765625,15.670073509216309,68,6,21.44892692565918,8.986701965332031,,
ASTGCN,per_horizon_heads,0.55,0,29.52193832397461,13.770686149597168,68,0,29.52193832397461,13.770686149597168,,
ASTGCN,per_horizon_heads,0.55,1,32.356292724609375,14.690269470214844,68,0,32.356292724609375,14.690269470214844,,
ASTGCN,per_horizon_heads,0.55,2,29.446834564208984,13.63061237335205,68,0,29.446834564208984,13.63061237335205,,
ASTGCN,per_horizon_heads,0.7,0,37.79811096191406,17.306865692138672,68,0,37.79811096191406,17.306865692138672,,
ASTGCN,per_horizon_heads,0.7,1,37.58617401123047,17.288455963134766,68,0,37.58617401123047,17.288455963134766,,
ASTGCN,per_horizon_heads,0.7,2,38.2697639465332,17.345317840576172,68,0,38.2697639465332,17.345317840576172,,
ASTGCN,per_horizon_heads,0.85,0,65.41921997070312,16.173612594604492,68,6,21.66905403137207,9.008722305297852,,
ASTGCN,per_horizon_heads,0.85,1,61.69325256347656,15.610125541687012,68,6,21.37313461303711,8.933622360229492,,
ASTGCN,per_horizon_heads,0.85,2,62.1722297668457,15.666637420654297,68,6,21.356761932373047,8.931325912475586,,
ASTGCN,temporal_attention,0.55,0,30.91924476623535,14.290925025939941,68,0,30.91924476623535,14.290925025939941,,
ASTGCN,temporal_attention,0.55,1,31.018280029296875,14.274255752563477,68,0,31.018280029296875,14.274255752563477,,
ASTGCN,temporal_attention,0.55,2,28.877418518066406,13.43265438079834,68,0,28.877418518066406,13.43265438079834,,
ASTGCN,temporal_attention,0.7,0,39.21124267578125,17.756439208984375,68,0,39.21124267578125,17.756439208984375,,
ASTGCN,temporal_attention,0.7,1,37.67647171020508,17.40015411376953,68,0,37.67647171020508,17.40015411376953,,
ASTGCN,temporal_attention,0.7,2,38.422325134277344,17.15514373779297,68,0,38.422325134277344,17.15514373779297,,
ASTGCN,temporal_attention,0.85,0,65.76776123046875,16.17275619506836,68,6,21.68538475036621,8.962844848632812,,
ASTGCN,temporal_attention,0.85,1,52.946556091308594,13.707036018371582,68,6,20.609336853027344,8.551745414733887,,
ASTGCN,temporal_attention,0.85,2,64.92324829101562,16.14912223815918,68,6,21.768468856811523,9.056981086730957,,
ASTGCN,huber,0.55,0,27.915592193603516,13.221551895141602,68,0,27.915592193603516,13.221551895141602,,
ASTGCN,huber,0.55,1,29.830970764160156,13.894880294799805,68,0,29.830970764160156,13.894880294799805,,
ASTGCN,huber,0.55,2,28.501081466674805,13.266127586364746,68,0,28.501081466674805,13.266127586364746,,
ASTGCN,huber,0.7,0,37.966156005859375,17.359861373901367,68,0,37.966156005859375,17.359861373901367,,
ASTGCN,huber,0.7,1,37.996097564697266,17.062162399291992,68,0,37.996097564697266,17.062162399291992,,
ASTGCN,huber,0.7,2,38.501773834228516,17.544769287109375,68,0,38.501773834228516,17.544769287109375,,
ASTGCN,huber,0.85,0,63.6710205078125,15.900741577148438,68,6,21.49095344543457,8.962262153625488,,
ASTGCN,huber,0.85,1,61.98598861694336,15.616313934326172,68,6,21.22017478942871,8.884669303894043,,
ASTGCN,huber,0.85,2,62.466033935546875,15.74837589263916,68,6,21.54755973815918,8.99786376953125,,
ASTGCN,probabilistic,0.55,0,30.195608139038086,13.934463500976562,68,0,30.195608139038086,13.934463500976562,0.9790196078431372,150.4394073486328
ASTGCN,probabilistic,0.55,1,30.403884887695312,13.960919380187988,68,0,30.403884887695312,13.960919380187988,0.976078431372549,131.1382293701172
ASTGCN,probabilistic,0.55,2,29.75762367248535,14.00432014465332,68,0,29.75762367248535,14.00432014465332,0.9729411764705882,93.15428924560547
ASTGCN,probabilistic,0.7,0,37.93881607055664,17.463525772094727,68,0,37.93881607055664,17.463525772094727,0.9447058823529412,154.92271423339844
ASTGCN,probabilistic,0.7,1,39.02931594848633,17.639686584472656,68,0,39.02931594848633,17.639686584472656,0.9543137254901961,169.7521514892578
ASTGCN,probabilistic,0.7,2,38.46753692626953,17.059450149536133,68,0,38.46753692626953,17.059450149536133,0.9613725490196079,253.01014709472656
ASTGCN,probabilistic,0.85,0,62.393836975097656,15.836173057556152,68,6,21.434539794921875,9.058854103088379,0.9117647058823529,74.4975357055664
ASTGCN,probabilistic,0.85,1,63.87150192260742,15.981156349182129,68,6,21.442087173461914,8.984160423278809,0.9176470588235294,75.58897399902344
ASTGCN,probabilistic,0.85,2,52.11314010620117,13.488839149475098,68,6,20.313352584838867,8.575546264648438,0.9058823529411765,53.367652893066406
DCRNN,base,0.55,0,28.269474029541016,13.826643943786621,68,0,28.269474029541016,13.826643943786621,,
DCRNN,base,0.55,1,27.54529571533203,13.584393501281738,68,0,27.54529571533203,13.584393501281738,,
DCRNN,base,0.55,2,28.744047164916992,13.838370323181152,68,0,28.744047164916992,13.838370323181152,,
DCRNN,base,0.7,0,45.01881408691406,18.413225173950195,68,0,45.01881408691406,18.413225173950195,,
DCRNN,base,0.7,1,43.678524017333984,18.03664207458496,68,0,43.678524017333984,18.03664207458496,,
DCRNN,base,0.7,2,41.24736022949219,17.828346252441406,68,0,41.24736022949219,17.828346252441406,,
DCRNN,base,0.85,0,70.72688293457031,16.917879104614258,68,6,22.20050048828125,9.0995512008667,,
DCRNN,base,0.85,1,66.6388931274414,16.337892532348633,68,6,22.7015380859375,9.1708984375,,
DCRNN,base,0.85,2,74.27571105957031,17.36406898498535,68,6,22.310409545898438,9.114724159240723,,
DCRNN,per_horizon_heads,0.55,0,27.14912986755371,13.411179542541504,68,0,27.14912986755371,13.411179542541504,,
DCRNN,per_horizon_heads,0.55,1,28.74751853942871,14.495177268981934,68,0,28.74751853942871,14.495177268981934,,
DCRNN,per_horizon_heads,0.55,2,28.169294357299805,13.764902114868164,68,0,28.169294357299805,13.764902114868164,,
DCRNN,per_horizon_heads,0.7,0,46.519493103027344,18.686933517456055,68,0,46.519493103027344,18.686933517456055,,
DCRNN,per_horizon_heads,0.7,1,44.7797737121582,18.57366371154785,68,0,44.7797737121582,18.57366371154785,,
DCRNN,per_horizon_heads,0.7,2,50.54737854003906,19.124958038330078,68,0,50.54737854003906,19.124958038330078,,
DCRNN,per_horizon_heads,0.85,0,64.52938842773438,15.999221801757812,68,6,22.174224853515625,9.110862731933594,,
DCRNN,per_horizon_heads,0.85,1,66.85810852050781,16.370769500732422,68,6,22.056623458862305,9.119108200073242,,
DCRNN,per_horizon_heads,0.85,2,68.7973861694336,16.590648651123047,68,6,22.363927841186523,9.136232376098633,,
DCRNN,temporal_attention,0.55,0,27.96518325805664,13.448189735412598,68,0,27.96518325805664,13.448189735412598,,
DCRNN,temporal_attention,0.55,1,27.707683563232422,13.483210563659668,68,0,27.707683563232422,13.483210563659668,,
DCRNN,temporal_attention,0.55,2,32.559444427490234,16.345918655395508,68,0,32.559444427490234,16.345918655395508,,
DCRNN,temporal_attention,0.7,0,47.15353775024414,18.644954681396484,68,0,47.15353775024414,18.644954681396484,,
DCRNN,temporal_attention,0.7,1,42.55752944946289,17.82723617553711,68,0,42.55752944946289,17.82723617553711,,
DCRNN,temporal_attention,0.7,2,44.69575500488281,17.87155532836914,68,0,44.69575500488281,17.87155532836914,,
DCRNN,temporal_attention,0.85,0,70.40483856201172,16.75513458251953,68,6,22.187440872192383,9.078563690185547,,
DCRNN,temporal_attention,0.85,1,65.41697692871094,16.258045196533203,68,6,22.26486587524414,9.216980934143066,,
DCRNN,temporal_attention,0.85,2,67.4890365600586,16.547929763793945,68,6,22.611648559570312,9.189152717590332,,
DCRNN,huber,0.55,0,30.60910415649414,14.877389907836914,68,0,30.60910415649414,14.877389907836914,,
DCRNN,huber,0.55,1,27.676347732543945,13.64422607421875,68,0,27.676347732543945,13.64422607421875,,
DCRNN,huber,0.55,2,28.234066009521484,13.655689239501953,68,0,28.234066009521484,13.655689239501953,,
DCRNN,huber,0.7,0,41.55233383178711,17.756641387939453,68,0,41.55233383178711,17.756641387939453,,
DCRNN,huber,0.7,1,46.520992279052734,18.98248863220215,68,0,46.520992279052734,18.98248863220215,,
DCRNN,huber,0.7,2,46.430545806884766,17.98820686340332,68,0,46.430545806884766,17.98820686340332,,
DCRNN,huber,0.85,0,59.48733139038086,15.260174751281738,68,6,22.515947341918945,9.130599975585938,,
DCRNN,huber,0.85,1,63.36419677734375,15.902423858642578,68,6,22.34981346130371,9.133132934570312,,
DCRNN,huber,0.85,2,77.82624816894531,17.46570587158203,68,6,22.31192398071289,9.094420433044434,,
DCRNN,probabilistic,0.55,0,36.640689849853516,17.969512939453125,68,0,36.640689849853516,17.969512939453125,0.9984313725490196,539.6039428710938
DCRNN,probabilistic,0.55,1,29.287395477294922,14.078716278076172,68,0,29.287395477294922,14.078716278076172,0.9970588235294118,383.4795227050781
DCRNN,probabilistic,0.55,2,27.51978874206543,13.275511741638184,68,0,27.51978874206543,13.275511741638184,0.9919607843137255,262.1265563964844
DCRNN,probabilistic,0.7,0,46.86296081542969,19.006261825561523,68,0,46.86296081542969,19.006261825561523,0.957843137254902,286.4170227050781
DCRNN,probabilistic,0.7,1,41.464073181152344,17.799270629882812,68,0,41.464073181152344,17.799270629882812,0.9527450980392157,249.50955200195312
DCRNN,probabilistic,0.7,2,48.45838165283203,19.425527572631836,68,0,48.45838165283203,19.425527572631836,0.9505882352941176,273.48248291015625
DCRNN,probabilistic,0.85,0,69.46723175048828,16.729034423828125,68,6,22.28667640686035,9.077522277832031,0.909607843137255,89.15410614013672
DCRNN,probabilistic,0.85,1,64.5521469116211,15.951205253601074,68,6,22.07956886291504,9.045207023620605,0.9054901960784314,82.66226959228516
DCRNN,probabilistic,0.85,2,62.09661865234375,15.63931941986084,68,6,22.349342346191406,9.083233833312988,0.9049019607843137,82.88555145263672
STGAT,base,0.55,0,26.892845153808594,13.365520477294922,68,0,26.892845153808594,13.365520477294922,,
STGAT,base,0.55,1,26.902816772460938,13.373226165771484,68,0,26.902816772460938,13.373226165771484,,
STGAT,base,0.55,2,27.220247268676758,13.550928115844727,68,0,27.220247268676758,13.550928115844727,,
STGAT,base,0.7,0,37.684661865234375,16.52651596069336,68,0,37.684661865234375,16.52651596069336,,
STGAT,base,0.7,1,38.95625686645508,17.187253952026367,68,0,38.95625686645508,17.187253952026367,,
STGAT,base,0.7,2,38.90739059448242,17.152666091918945,68,0,38.90739059448242,17.152666091918945,,
STGAT,base,0.85,0,68.06752014160156,16.582870483398438,68,6,22.527433395385742,9.139540672302246,,
STGAT,base,0.85,1,67.95257568359375,16.569355010986328,68,6,22.557214736938477,9.141451835632324,,
STGAT,base,0.85,2,68.18487548828125,16.582809448242188,68,6,22.506662368774414,9.133482933044434,,
STGAT,per_horizon_heads,0.55,0,26.995201110839844,13.430425643920898,68,0,26.995201110839844,13.430425643920898,,
STGAT,per_horizon_heads,0.55,1,26.932756423950195,13.380937576293945,68,0,26.932756423950195,13.380937576293945,,
STGAT,per_horizon_heads,0.55,2,26.904993057250977,13.366617202758789,68,0,26.904993057250977,13.366617202758789,,
STGAT,per_horizon_heads,0.7,0,37.53116226196289,16.533092498779297,68,0,37.53116226196289,16.533092498779297,,
STGAT,per_horizon_heads,0.7,1,38.91655731201172,17.15097427368164,68,0,38.91655731201172,17.15097427368164,,
STGAT,per_horizon_heads,0.7,2,37.65644836425781,16.506731033325195,68,0,37.65644836425781,16.506731033325195,,
STGAT,per_horizon_heads,0.85,0,68.00459289550781,16.563766479492188,68,6,22.48141860961914,9.119327545166016,,
STGAT,per_horizon_heads,0.85,1,67.87592315673828,16.559001922607422,68,6,22.585304260253906,9.138823509216309,,
STGAT,per_horizon_heads,0.85,2,67.87799835205078,16.55230712890625,68,6,22.605361938476562,9.140387535095215,,
STGAT,temporal_attention,0.55,0,26.89712905883789,13.368725776672363,68,0,26.89712905883789,13.368725776672363,,
STGAT,temporal_attention,0.55,1,26.927026748657227,13.379191398620605,68,0,26.927026748657227,13.379191398620605,,
STGAT,temporal_attention,0.55,2,27.47735595703125,13.679580688476562,68,0,27.47735595703125,13.679580688476562,,
STGAT,temporal_attention,0.7,0,37.59868621826172,16.440258026123047,68,0,37.59868621826172,16.440258026123047,,
STGAT,temporal_attention,0.7,1,38.94415283203125,17.177318572998047,68,0,38.94415283203125,17.177318572998047,,
STGAT,temporal_attention,0.7,2,38.95332717895508,17.18056869506836,68,0,38.95332717895508,17.18056869506836,,
STGAT,temporal_attention,0.85,0,68.22046661376953,16.59314727783203,68,6,22.619916915893555,9.13143253326416,,
STGAT,temporal_attention,0.85,1,68.08496856689453,16.604578018188477,68,6,22.592937469482422,9.149514198303223,,
STGAT,temporal_attention,0.85,2,68.01957702636719,16.559589385986328,68,6,22.495725631713867,9.124418258666992,,
STGAT,huber,0.55,0,26.894554138183594,13.35927677154541,68,0,26.894554138183594,13.35927677154541,,
STGAT,huber,0.55,1,26.906558990478516,13.367751121520996,68,0,26.906558990478516,13.367751121520996,,
STGAT,huber,0.55,2,27.233308792114258,13.558626174926758,68,0,27.233308792114258,13.558626174926758,,
STGAT,huber,0.7,0,39.13164138793945,17.249000549316406,68,0,39.13164138793945,17.249000549316406,,
STGAT,huber,0.7,1,38.933937072753906,17.17285919189453,68,0,38.933937072753906,17.17285919189453,,
STGAT,huber,0.7,2,38.903480529785156,17.155475616455078,68,0,38.903480529785156,17.155475616455078,,
STGAT,huber,0.85,0,67.80964660644531,16.532800674438477,68,6,22.462841033935547,9.117021560668945,,
STGAT,huber,0.85,1,67.95626068115234,16.576475143432617,68,6,22.59153938293457,9.145733833312988,,
STGAT,huber,0.85,2,68.04676055908203,16.575754165649414,68,6,22.595163345336914,9.136941909790039,,
STGAT,probabilistic,0.55,0,26.841108322143555,13.24413776397705,68,0,26.841108322143555,13.24413776397705,0.9752941176470589,132.5009765625
STGAT,probabilistic,0.55,1,26.979961395263672,13.243926048278809,68,0,26.979961395263672,13.243926048278809,0.9782352941176471,139.46311950683594
STGAT,probabilistic,0.55,2,26.921096801757812,13.206819534301758,68,0,26.921096801757812,13.206819534301758,0.9768627450980392,134.45887756347656
STGAT,probabilistic,0.7,0,38.20682144165039,16.75582504272461,68,0,38.20682144165039,16.75582504272461,0.961764705882353,151.7040252685547
STGAT,probabilistic,0.7,1,38.58782958984375,16.757535934448242,68,0,38.58782958984375,16.757535934448242,0.9505882352941176,122.015625
STGAT,probabilistic,0.7,2,38.090328216552734,16.758268356323242,68,0,38.090328216552734,16.758268356323242,0.9568627450980393,136.5551300048828
STGAT,probabilistic,0.85,0,66.93949127197266,16.389429092407227,68,6,22.311777114868164,9.061258316040039,0.9354901960784314,100.5746841430664
STGAT,probabilistic,0.85,1,66.9867172241211,16.364343643188477,68,6,22.191316604614258,9.075454711914062,0.9347058823529412,92.92292022705078
STGAT,probabilistic,0.85,2,65.90214538574219,16.206640243530273,68,6,21.992088317871094,9.030574798583984,0.9384313725490196,95.39582824707031
