row,year,week_no,week_start,status,is_artifact
0,2013,26,2013-05-15,observed,False
1,2013,27,2013-06-22,observed,False
2,2013,28,2013-06-29,observed,False
3,2013,29,2013-07-06,imputed,False
4,2013,30,2013-07-13,observed,False
5,2013,31,2013-07-20,observed,False
6,2013,32,2013-07-27,observed,False
7,2013,33,2013-08-03,observed,False
8,2013,34,2013-08-10,observed,False
9,2013,35,2013-08-17,observed,False
10,2013,36,2013-08-24,observed,False
11,2013,37,2013-08-31,observed,False
12,2013,38,2013-09-07,observed,False
13,2013,39,2013-09-14,observed,False
14,2013,40,2013-09-21,observed,False
15,2013,41,2013-09-28,observed,False
16,2013,42,2013-10-05,observed,False
17,2013,43,2013-10-12,observed,False
18,2013,44,2013-10-19,observed,False
19,2013,45,2013-10-26,observed,False
20,2013,46,2013-11-02,observed,False
21,2013,47,2013-11-09,observed,False
22,2013,48,2013-11-16,observed,False
23,2013,49,2013-11-23,observed,False
24,2013,50,2013-11-30,observed,False
25,2013,51,2013-12-07,observed,False
26,2013,52,2013-12-14,observed,False
27,2014,1,2013-12-21,observed,False
28,2014,2,2013-12-28,observed,False
29,2014,3,2014-01-04,observed,False
30,2014,4,2014-01-11,observed,False
31,2014,5,2014-01-18,observed,False
32,2014,6,2014-01-25,imputed,False
33,2014,7,2014-02-01,observed,False
34,2014,8,2014-02-08,observed,False
35,2014,9,2014-02-15,observed,False
36,2014,10,2014-02-22,observed,False
37,2014,11,2014-03-01,observed,False
38,2014,12,2014-03-08,observed,False
39,2014,13,2014-03-15,observed,False
40,2014,14,2014-03-22,observed,False
41,2014,15,2014-03-29,observed,False
42,2014,16,2014-04-05,observed,False
43,2014,17,2014-04-12,observed,False
44,2014,18,2014-04-19,observed,False
45,2014,19,2014-04-26,observed,False
46,2014,20,2014-05-03,observed,False
47,2014,21,2014-05-10,observed,False
48,2014,22,2014-05-17,observed,False
49,2014,23,2014-05-24,observed,False
50,2014,24,2014-05-31,observed,False
51,2014,25,2014-06-07,observed,False
52,2014,26,2014-06-14,observed,False
53,2014,27,2014-06-21,observed,False
54,2014,28,2014-06-28,observed,False
55,2014,29,2014-07-05,observed,False
56,2014,30,2014-07-12,observed,False
57,2014,31,2014-07-19,observed,False
58,2014,32,2014-07-26,observed,False
59,2014,33,2014-08-02,observed,False
60,2014,34,2014-08-09,observed,False
61,2014,35,2014-08-16,observed,False
62,2014,36,2014-08-23,observed,False
63,2014,37,2014-08-30,observed,False
64,2014,38,2014-09-06,observed,False
65,2014,39,2014-09-13,observed,False
66,2014,40,2014-09-20,observed,False
67,2014,41,2014-09-27,observed,False
68,2014,42,2014-10-04,observed,False
69,2014,43,2014-10-11,observed,False
70,2014,44,2014-10-18,observed,False
71,2014,45,2014-10-25,observed,False
72,2014,46,2014-11-01,observed,False
73,2014,47,2014-11-08,observed,False
74,2014,48,2014-11-15,observed,False
75,2014,49,2014-11-22,observed,False
76,2014,50,2014-11-29,observed,False
77,2014,51,2014-12-06,observed,False
78,2014,52,2014-12-13,observed,False
79,2015,1,2014-12-20,observed,False
80,2015,2,2014-12-27,observed,False
81,2015,3,2015-01-03,observed,False
82,2015,4,2015-01-10,observed,False
83,2015,5,2015-01-17,observed,False
84,2015,6,2015-01-24,observed,False
85,2015,7,2015-01-31,observed,False
86,2015,8,2015-02-07,observed,False
87,2015,9,2015-02-14,observed,False
88,2015,10,2015-02-21,observed,False
89,2015,11,2015-02-28,observed,False
90,2015,12,2015-03-07,observed,False
91,2015,13,2015-03-14,observed,False
92,2015,14,2015-03-21,observed,False
93,2015,15,2015-03-28,observed,False
94,2015,16,2015-04-04,observed,False
95,2015,17,2015-04-11,observed,False
96,2015,18,2015-04-18,observed,False
97,2015,19,2015-04-25,observed,False
98,2015,20,2015-05-02,observed,False
99,2015,21,2015-05-09,observed,False
100,2015,22,2015-05-16,observed,False
101,2015,23,2015-05-23,observed,False
102,2015,24,2015-05-30,observed,False
103,2015,25,2015-06-06,observed,False
104,2015,26,2015-06-13,observed,False
105,2015,27,2015-06-20,observed,False
106,2015,28,2015-06-27,observed,False
107,2015,29,2015-07-04,observed,False
108,2015,30,2015-07-11,observed,False
109,2015,31,2015-07-18,imputed,False
110,2015,32,2015-07-25,observed,False
111,2015,33,2015-08-01,observed,False
112,2015,34,2015-08-08,observed,False
113,2015,35,2015-08-15,observed,False
114,2015,36,2015-08-22,observed,False
115,2015,37,2015-08-29,observed,False
116,2015,38,2015-09-05,observed,False
117,2015,39,2015-09-12,observed,False
118,2015,40,2015-09-19,observed,False
119,2015,41,2015-09-26,observed,False
120,2015,42,2015-10-03,observed,False
121,2015,43,2015-10-10,observed,False
122,2015,44,2015-10-17,observed,False
123,2015,45,2015-10-24,observed,False
124,2015,46,2015-10-31,observed,False
125,2015,47,2015-11-07,observed,False
126,2015,48,2015-11-14,observed,False
127,2015,49,2015-11-21,observed,False
128,2015,50,2015-11-28,observed,False
129,2015,51,2015-12-05,observed,False
130,2015,52,2015-12-12,observed,False
131,2016,1,2015-12-19,observed,False
132,2016,2,2015-12-26,observed,False
133,2016,3,2016-01-02,observed,False
134,2016,4,2016-01-09,observed,False
135,2016,5,2016-01-16,observed,False
136,2016,6,2016-01-23,observed,False
137,2016,7,2016-01-30,observed,False
138,2016,8,2016-02-06,observed,False
139,2016,9,2016-02-13,observed,False
140,2016,10,2016-02-20,observed,False
141,2016,11,2016-02-27,observed,False
142,2016,12,2016-03-05,observed,False
143,2016,13,2016-03-12,observed,False
144,2016,14,2016-03-19,observed,False
145,2016,15,2016-03-26,observed,False
146,2016,16,2016-04-02,observed,False
147,2016,17,2016-04-09,observed,False
148,2016,18,2016-04-16,observed,False
149,2016,19,2016-04-23,observed,False
150,2016,20,2016-04-30,observed,False
151,2016,21,2016-05-07,observed,False
152,2016,22,2016-05-14,observed,False
153,2016,23,2016-05-21,observed,False
154,2016,24,2016-05-28,observed,False
155,2016,25,2016-06-04,observed,False
156,2016,26,2016-06-11,observed,False
157,2016,27,2016-06-18,observed,False
158,2016,28,2016-06-25,observed,False
159,2016,29,2016-07-02,observed,False
160,2016,30,2016-07-09,observed,False
161,2016,31,2016-07-16,observed,False
162,2016,32,2016-07-23,observed,False
163,2016,33,2016-07-30,observed,False
164,2016,34,2016-08-06,observed,False
165,2016,35,2016-08-13,imputed,False
166,2016,36,2016-08-20,observed,False
167,2016,37,2016-08-27,observed,False
168,2016,38,2016-09-03,observed,False
169,2016,39,2016-09-10,observed,False
170,2016,40,2016-09-17,observed,False
171,2016,41,2016-09-24,observed,False
172,2016,42,2016-10-01,observed,False
173,2016,43,2016-10-08,observed,False
174,2016,44,2016-10-15,observed,False
175,2016,45,2016-10-22,observed,False
176,2016,46,2016-10-29,observed,False
177,2016,47,2016-11-05,observed,False
178,2016,48,2016-11-12,observed,False
179,2016,49,2016-11-19,observed,False
180,2016,50,2016-11-26,observed,False
181,2016,51,2016-12-03,observed,False
182,2016,52,2016-12-10,observed,False
183,2016,53,2016-12-17,observed,False
184,2017,1,2016-12-24,observed,False
185,2017,2,2016-12-31,observed,False
186,2017,3,2017-01-07,observed,False
187,2017,4,2017-01-14,observed,False
188,2017,5,2017-01-21,observed,False
189,2017,6,2017-01-28,observed,False
190,2017,7,2017-02-04,observed,False
191,2017,8,2017-02-11,observed,False
192,2017,9,2017-02-18,observed,False
193,2017,10,2017-02-25,observed,False
194,2017,11,2017-03-04,observed,False
195,2017,12,2017-03-11,observed,False
196,2017,13,2017-03-18,observed,False
197,2017,14,2017-03-25,observed,False
198,2017,15,2017-04-01,observed,False
199,2017,16,2017-04-08,observed,False
200,2017,17,2017-04-15,observed,False
201,2017,18,2017-04-22,observed,False
202,2017,19,2017-04-29,observed,False
203,2017,20,2017-05-06,observed,False
204,2017,21,2017-05-13,observed,False
205,2017,22,2017-05-20,observed,False
206,2017,23,2017-05-27,observed,False
207,2017,24,2017-06-03,observed,False
208,2017,25,2017-06-10,observed,False
209,2017,26,2017-05-17,observed,False
210,2017,27,2017-06-24,observed,False
211,2017,28,2017-07-01,observed,False
212,2017,29,2017-07-08,observed,False
213,2017,30,2017-07-15,observed,False
214,2017,31,2017-07-22,observed,False
215,2017,32,2017-07-29,observed,False
216,2017,33,2017-08-05,observed,False
217,2017,34,2017-08-12,observed,False
218,2017,35,2017-08-19,observed,False
219,2017,36,2017-08-26,observed,False
220,2017,37,2017-09-02,observed,False
221,2017,38,2017-09-09,observed,False
222,2017,39,2017-09-16,observed,False
223,2017,40,2017-09-23,observed,False
224,2017,41,2017-09-30,observed,False
225,2017,42,2017-10-07,observed,False
226,2017,43,2017-10-14,observed,False
227,2017,44,2017-10-21,observed,False
228,2017,45,2017-10-28,observed,False
229,2017,46,2017-11-04,observed,False
230,2017,47,2017-11-11,observed,False
231,2017,48,2017-11-18,observed,False
232,2017,49,2017-11-25,observed,False
233,2017,50,2017-12-02,observed,False
234,2017,51,2017-12-09,observed,False
235,2017,52,2017-12-16,observed,False
236,2018,1,2017-12-23,observed,False
237,2018,2,2017-12-30,observed,False
238,2018,3,2018-01-06,observed,False
239,2018,4,2018-01-13,observed,False
240,2018,5,2018-01-20,observed,False
241,2018,6,2018-01-27,observed,False
242,2018,7,2018-02-03,observed,False
243,2018,8,2018-02-10,observed,False
244,2018,9,2018-02-17,observed,False
245,2018,10,2018-02-24,observed,False
246,2018,11,2018-03-03,observed,False
247,2018,12,2018-03-10,observed,False
248,2018,13,2018-03-17,observed,False
249,2018,14,2018-03-24,observed,False
250,2018,15,2018-03-31,observed,False
251,2018,16,2018-04-07,observed,False
252,2018,17,2018-04-14,observed,False
253,2018,18,2018-04-21,observed,False
254,2018,19,2018-04-28,observed,False
255,2018,20,2018-05-05,observed,False
256,2018,21,2018-05-12,observed,False
257,2018,22,2018-05-19,observed,False
258,2018,23,2018-05-26,observed,False
259,2018,24,2018-06-02,observed,False
260,2018,25,2018-06-09,observed,False
261,2018,26,2018-06-16,observed,False
262,2018,27,2018-06-23,observed,False
263,2018,28,2018-06-30,observed,False
264,2018,29,2018-07-07,observed,False
265,2018,30,2018-07-14,observed,False
266,2018,31,2018-07-21,observed,False
267,2018,32,2018-07-28,observed,False
268,2018,33,2018-08-04,observed,False
269,2018,34,2018-08-11,observed,False
270,2018,35,2018-08-18,observed,False
271,2018,36,2018-08-25,observed,False
272,2018,37,2018-09-01,observed,False
273,2018,38,2018-09-08,observed,False
274,2018,39,2018-09-15,observed,False
275,2018,40,2018-09-22,observed,False
276,2018,41,2018-09-29,observed,False
277,2018,42,2018-10-06,observed,False
278,2018,43,2018-10-13,observed,False
279,2018,44,2018-10-20,observed,False
280,2018,45,2018-10-27,observed,False
281,2018,46,2018-11-03,observed,False
282,2018,47,2018-11-10,observed,False
283,2018,48,2018-11-17,observed,False
284,2018,49,2018-11-24,observed,False
285,2018,50,2018-12-01,observed,False
286,2018,51,2018-12-08,observed,False
287,2018,52,2018-12-15,observed,False
288,2019,1,2018-12-22,observed,False
289,2019,2,2018-12-29,observed,False
290,2019,3,2019-01-05,observed,False
291,2019,4,2019-01-12,observed,False
292,2019,5,2019-01-19,observed,False
293,2019,6,2019-01-26,observed,False
294,2019,7,2019-02-02,observed,False
295,2019,8,2019-02-09,observed,False
296,2019,9,2019-02-16,observed,False
297,2019,10,2019-01-26,observed,False
298,2019,11,2019-03-02,observed,False
299,2019,12,2019-03-09,observed,False
300,2019,13,2019-03-16,observed,False
301,2019,14,2019-03-23,observed,False
302,2019,15,2019-03-30,observed,False
303,2019,16,2019-04-06,observed,False
304,2019,17,2019-04-13,observed,False
305,2019,18,2019-04-20,observed,False
306,2019,19,2019-04-27,observed,False
307,2019,20,2019-05-04,observed,False
308,2019,21,2019-05-11,observed,False
309,2019,22,2019-05-18,observed,False
310,2019,23,2019-05-25,observed,False
311,2019,24,2019-06-01,observed,False
312,2019,25,2019-06-08,observed,False
313,2019,26,2019-06-15,observed,False
314,2019,27,2019-06-22,observed,False
315,2019,28,2019-06-29,observed,False
316,2019,29,2019-07-06,observed,False
317,2019,30,2019-07-13,observed,False
318,2019,31,2019-07-20,observed,False
319,2019,32,2019-07-27,observed,False
320,2019,33,2019-08-03,observed,False
321,2019,34,2019-08-10,observed,False
322,2019,35,2019-08-17,observed,False
323,2019,36,2019-08-24,observed,False
324,2019,37,2019-08-31,observed,False
325,2019,38,2019-09-07,observed,False
326,2019,39,2019-09-14,observed,False
327,2019,40,2019-09-21,observed,False
328,2019,41,2019-09-28,observed,False
329,2019,42,2019-10-05,observed,False
330,2019,43,2019-10-12,observed,False
331,2019,44,2019-10-19,observed,False
332,2019,45,2019-10-26,observed,False
333,2019,46,2019-11-02,observed,False
334,2019,47,2019-11-09,observed,False
335,2019,48,2019-11-16,observed,False
336,2019,49,2019-11-23,observed,False
337,2019,50,2019-11-30,observed,False
338,2019,51,2019-12-07,observed,False
339,2019,52,2019-12-14,observed,False
340,2020,1,2019-12-21,observed,False
341,2020,2,2019-12-28,observed,False
342,2020,3,2020-01-04,observed,False
343,2020,4,2020-01-11,observed,False
344,2020,5,2020-01-18,observed,False
345,2020,6,2020-01-25,observed,False
346,2020,7,2020-01-01,observed,False
347,2020,8,2020-02-08,observed,False
348,2020,9,2020-02-15,observed,False
349,2020,10,2020-02-22,observed,False
350,2020,11,2020-02-29,observed,False
351,2020,12,2020-03-07,observed,False
352,2020,13,2020-03-14,observed,False
353,2020,14,2020-03-21,observed,False
354,2020,15,2020-03-28,observed,False
355,2020,16,2020-04-04,observed,False
356,2020,17,2020-04-11,observed,False
357,2020,18,2020-04-18,observed,False
358,2020,19,2020-04-25,observed,False
359,2020,20,2020-05-02,observed,False
360,2020,21,2020-05-09,observed,False
361,2020,22,2020-05-16,observed,False
362,2020,23,2020-05-23,observed,False
363,2020,24,2020-05-30,observed,False
364,2020,25,2020-06-06,observed,False
365,2020,26,2020-06-13,observed,False
366,2020,27,2020-06-20,observed,False
367,2020,28,2020-06-27,observed,False
368,2020,29,2020-07-04,observed,False
369,2020,30,2020-07-11,observed,False
370,2020,31,2020-07-18,observed,False
371,2020,32,2020-07-25,observed,False
372,2020,33,2020-08-01,observed,False
373,2020,34,2020-08-08,observed,False
374,2020,35,2020-08-15,observed,False
375,2020,36,2020-08-22,observed,False
376,2020,37,2020-08-29,observed,False
377,2020,38,2020-09-05,observed,False
378,2020,39,2020-09-11,observed,False
379,2020,40,2020-09-19,observed,False
380,2020,41,2020-09-26,observed,False
381,2020,42,2020-10-03,observed,False
382,2020,43,2020-10-10,observed,False
383,2020,44,2020-10-17,observed,False
384,2020,45,2020-10-24,observed,False
385,2020,46,2020-10-31,observed,False
386,2020,47,2020-11-07,observed,False
387,2020,48,2020-11-14,observed,False
388,2020,49,2020-12-21,observed,False
389,2020,50,2020-11-28,observed,False
390,2020,51,2020-12-05,observed,False
391,2020,52,2020-12-12,observed,False
392,2021,1,2020-12-19,observed,False
393,2021,2,2020-12-26,observed,True
394,2021,3,2021-01-02,observed,False
395,2021,4,2021-01-09,observed,False
396,2021,5,2021-01-16,observed,False
397,2021,6,2021-01-23,observed,False
398,2021,7,2021-01-30,observed,False
399,2021,8,2021-02-06,observed,False
400,2021,9,2021-02-13,observed,False
401,2021,10,2021-02-20,observed,False
402,2021,11,2021-02-27,observed,False
403,2021,12,2021-03-06,observed,False
404,2021,13,2021-03-13,observed,False
405,2021,14,2021-03-20,observed,False
406,2021,15,2021-03-27,observed,False
407,2021,16,2021-04-03,observed,False
408,2021,17,2021-04-10,observed,False
409,2021,18,2021-04-17,observed,False
410,2021,19,2021-04-24,observed,False
411,2021,20,2021-05-01,observed,False
412,2021,21,2021-05-08,observed,False
413,2021,22,2021-05-15,observed,False
414,2021,23,2021-05-22,observed,False
415,2021,24,2021-05-29,observed,False
416,2021,25,2021-06-05,observed,False
417,2021,26,2021-06-12,observed,False
418,2021,27,2021-06-19,observed,False
419,2021,28,2021-06-26,observed,False
420,2021,29,2021-07-03,observed,False
421,2021,30,2021-07-10,observed,False
422,2021,31,2021-07-17,observed,False
423,2021,32,2021-07-24,observed,False
424,2021,33,2021-07-31,observed,False
425,2021,34,2021-08-07,observed,False
426,2021,35,2021-08-14,observed,False
427,2021,36,2021-08-21,observed,False
428,2021,37,2021-08-28,observed,False
429,2021,38,2021-09-04,observed,False
430,2021,39,2021-09-11,observed,False
431,2021,40,2021-09-18,observed,False
432,2021,41,2021-09-25,imputed,False
433,2021,42,2021-10-02,observed,False
434,2021,43,2021-10-09,imputed,False
435,2021,44,2021-10-16,observed,False
436,2021,45,2021-10-23,observed,False
437,2021,46,2021-10-30,observed,False
438,2021,47,2021-11-06,observed,False
439,2021,48,2021-11-13,observed,False
440,2021,49,2021-11-20,observed,False
441,2021,50,2021-11-27,observed,False
442,2021,51,2021-12-04,observed,False
443,2021,52,2021-12-11,observed,False
444,2021,53,2021-12-18,observed,False
445,2022,1,2021-12-25,observed,False
446,2022,2,2022-01-01,observed,False
447,2022,3,2022-01-08,observed,False
448,2022,4,2022-01-15,observed,False
449,2022,5,2022-01-22,observed,False
450,2022,6,2022-01-29,observed,False
451,2022,7,2022-02-05,observed,False
452,2022,8,2022-02-12,observed,False
453,2022,9,2022-02-19,observed,False
454,2022,10,2022-02-26,observed,False
455,2022,11,2022-03-05,observed,False
456,2022,12,2022-03-12,observed,False
457,2022,13,2022-03-19,observed,False
458,2022,14,2022-03-26,observed,False
459,2022,15,2022-04-02,observed,False
460,2022,16,2022-04-09,observed,False
461,2022,17,2022-04-16,observed,False
462,2022,18,2022-04-23,observed,False
463,2022,19,2022-04-30,observed,False
464,2022,20,2022-05-07,observed,False
465,2022,21,2022-05-14,observed,False
466,2022,22,2022-05-21,observed,False
467,2022,23,2022-05-28,observed,False
468,2022,24,2022-06-04,observed,False
469,2022,25,2022-06-11,observed,False
470,2022,26,2022-06-18,observed,False
471,2022,27,2022-06-25,observed,False
472,2022,28,2022-07-02,observed,False
473,2022,29,2022-07-09,observed,False
474,2022,30,2022-07-16,observed,False
475,2022,31,2022-07-23,observed,False
476,2022,32,2022-07-30,observed,False
477,2022,33,2022-08-06,observed,False
478,2022,34,2022-08-13,observed,False
479,2022,35,2022-08-20,observed,False
480,2022,36,2022-08-27,observed,False
481,2022,37,2022-09-03,observed,False
482,2022,38,2022-09-10,observed,False
483,2022,39,2022-09-17,observed,False
484,2022,40,2022-09-24,observed,False
485,2022,41,2022-10-01,observed,False
486,2022,42,2022-10-08,observed,False
487,2022,43,2022-10-15,observed,False
488,2022,44,2022-10-22,imputed,False
489,2022,45,2022-10-29,observed,False
490,2022,46,2022-11-05,observed,False
491,2022,47,2022-11-12,observed,False
492,2022,48,2022-11-19,observed,False
493,2022,49,2022-11-26,observed,False
494,2022,50,2022-12-03,observed,False
495,2022,51,2022-12-10,observed,False
496,2022,52,2022-12-17,observed,False
497,2023,1,2022-12-24,observed,False
498,2023,2,2022-12-31,observed,False
499,2023,3,2023-01-07,observed,False
500,2023,4,2023-01-14,observed,False
501,2023,5,2023-01-21,observed,False
502,2023,6,2023-01-28,observed,False
503,2023,7,2023-02-04,observed,False
504,2023,8,2023-02-11,observed,False
505,2023,9,2023-02-18,observed,False
506,2023,10,2023-02-25,observed,False
507,2023,11,2023-03-04,observed,False
508,2023,12,2023-03-11,observed,False
509,2023,13,2023-03-18,observed,False
510,2023,14,2023-03-25,observed,False
511,2023,15,2023-04-01,observed,False
512,2023,16,2023-04-08,observed,False
513,2023,17,2023-04-15,observed,False
514,2023,18,2023-04-22,observed,False
515,2023,19,2023-04-29,observed,False
516,2023,20,2023-05-06,observed,False
517,2023,21,2023-05-13,observed,False
518,2023,22,2023-05-20,observed,False
519,2023,23,2023-05-27,observed,False
520,2023,24,2023-06-03,observed,False
521,2023,25,2023-06-10,observed,False
522,2023,26,2023-06-17,observed,False
523,2023,27,2023-06-24,observed,False
524,2023,28,2023-07-01,observed,False
525,2023,29,2023-07-08,observed,False
526,2023,30,2023-07-15,observed,False
527,2023,31,2023-07-22,observed,False
528,2023,32,2023-07-29,observed,False
529,2023,33,2023-08-05,observed,False
530,2023,34,2023-08-12,observed,False
531,2023,35,2023-08-19,observed,False
532,2023,36,2023-08-26,observed,False
533,2023,37,2023-09-02,observed,False
534,2023,38,2023-09-09,observed,False
535,2023,39,2023-09-16,observed,False
536,2023,40,2023-09-23,observed,False
537,2023,41,2023-08-31,observed,False
538,2023,42,2023-10-07,observed,False
539,2023,43,2023-10-14,observed,False
540,2023,44,2023-10-21,observed,False
541,2023,45,2023-10-28,observed,False
542,2023,46,2023-11-04,observed,False
543,2023,47,2023-11-11,observed,False
544,2023,48,2023-11-18,observed,False
545,2023,49,2023-11-25,observed,False
546,2023,50,2023-12-02,observed,False
547,2023,51,2023-12-09,observed,False
548,2023,52,2023-12-16,observed,False
549,2024,1,2023-12-23,observed,False
550,2024,2,2023-12-30,observed,False
551,2024,3,2024-01-06,observed,False
552,2024,4,2024-01-13,observed,False
553,2024,5,2024-01-20,observed,False
554,2024,6,2023-12-27,observed,False
555,2024,7,2024-02-03,observed,False
556,2024,8,2024-02-10,observed,False
557,2024,9,2024-02-17,observed,False
558,2024,10,2024-02-24,observed,False
