label,fold,origin,seed,model,lambda_phys,gate_sigma,n_test_weeks,horizon,rmse,mae,smape,mape,peak_week_err,n_obs,config,use_adaptive,hidden,epochs
dense_fixed,1,0.55,0,DenseGCN,0.0,1.0,68,1,22.65800028349952,11.109363677787101,49.92558623125586,54.43146981624819,1.1666666666666667,1700,dense_fixed,False,64,120
dense_fixed,1,0.55,0,DenseGCN,0.0,1.0,68,2,26.362528192704467,13.036949242014055,54.09597431509477,58.5478302444317,2.0416666666666665,1700,dense_fixed,False,64,120
dense_fixed,1,0.55,0,DenseGCN,0.0,1.0,68,3,31.913383250034997,15.613000766018077,57.913933861813135,63.77336031278875,4.708333333333333,1700,dense_fixed,False,64,120
dense_fixed,1,0.55,0,DenseGCN,0.0,1.0,68,0,27.244766470044702,13.253104561939745,53.97849813605459,58.915663916864844,nan,5100,dense_fixed,False,64,120
dense_fixed,1,0.55,1,DenseGCN,0.0,1.0,68,1,21.648649989074837,10.948546846662905,50.11987887469815,55.845305575136564,1.0,1700,dense_fixed,False,64,120
dense_fixed,1,0.55,1,DenseGCN,0.0,1.0,68,2,25.388475832104092,12.79895809383176,53.18193374655728,60.3411766697835,7.083333333333333,1700,dense_fixed,False,64,120
dense_fixed,1,0.55,1,DenseGCN,0.0,1.0,68,3,32.100856104439615,15.991500435345532,57.399812371874916,65.82181575269556,5.708333333333333,1700,dense_fixed,False,64,120
dense_fixed,1,0.55,1,DenseGCN,0.0,1.0,68,0,26.731402968947354,13.246335125280066,53.56720833104346,60.66741476332786,nan,5100,dense_fixed,False,64,120
dense_fixed,1,0.55,2,DenseGCN,0.0,1.0,68,1,22.592884292079344,11.115602198160623,49.89907882205706,53.53104237422646,3.3333333333333335,1700,dense_fixed,False,64,120
dense_fixed,1,0.55,2,DenseGCN,0.0,1.0,68,2,26.625602552014207,13.102353735882241,54.03149326863079,58.00128538653596,8.0,1700,dense_fixed,False,64,120
dense_fixed,1,0.55,2,DenseGCN,0.0,1.0,68,3,31.851594111037524,15.326763534104805,57.36879043517842,60.95743508860434,7.75,1700,dense_fixed,False,64,120
dense_fixed,1,0.55,2,DenseGCN,0.0,1.0,68,0,27.287879967166077,13.181573156049224,53.76645417528876,57.49508551436935,nan,5100,dense_fixed,False,64,120
persistence,1,0.55,0,Persistence,0.0,nan,68,1,21.73748456685174,10.98764705882353,49.220408508712495,54.97283728354015,0.9583333333333334,1700,dense_fixed,False,64,120
persistence,1,0.55,0,Persistence,0.0,nan,68,2,25.725862473394358,13.063529411764707,52.91451070023179,60.836796905397215,1.75,1700,dense_fixed,False,64,120
persistence,1,0.55,0,Persistence,0.0,nan,68,3,32.15001600951024,15.887058823529411,56.440328821915266,64.04234974519234,4.458333333333333,1700,dense_fixed,False,64,120
persistence,1,0.55,0,Persistence,0.0,nan,68,0,26.882223151529477,13.312745098039215,52.858416010286525,59.94882686306313,nan,5100,dense_fixed,False,64,120
dense_fixed,2,0.7,0,DenseGCN,0.0,1.0,68,1,30.773911658029434,13.343624498650799,64.79511548314252,55.45802071636865,2.24,1700,dense_fixed,False,64,120
dense_fixed,2,0.7,0,DenseGCN,0.0,1.0,68,2,40.63372961389626,17.49666173197711,70.06450233290143,69.51216270431425,4.04,1700,dense_fixed,False,64,120
dense_fixed,2,0.7,0,DenseGCN,0.0,1.0,68,3,52.74814864849451,22.115891511162353,77.03231606858132,90.71233785833648,4.833333333333333,1700,dense_fixed,False,64,120
dense_fixed,2,0.7,0,DenseGCN,0.0,1.0,68,0,42.34973753132009,17.65205924726342,70.63064462820843,71.8416644382486,nan,5100,dense_fixed,False,64,120
dense_fixed,2,0.7,1,DenseGCN,0.0,1.0,68,1,32.09292980877047,14.157807359054525,66.94696589261288,60.35490411851531,1.2,1700,dense_fixed,False,64,120
dense_fixed,2,0.7,1,DenseGCN,0.0,1.0,68,2,44.02836138384758,18.83771345680326,70.74163350906342,74.7704499642341,4.32,1700,dense_fixed,False,64,120
dense_fixed,2,0.7,1,DenseGCN,0.0,1.0,68,3,55.21747947613029,22.78012928238577,76.85276769807408,92.88235014499114,5.25,1700,dense_fixed,False,64,120
dense_fixed,2,0.7,1,DenseGCN,0.0,1.0,68,0,44.786243384750115,18.591883366081184,71.51378903325013,75.95378310803535,nan,5100,dense_fixed,False,64,120
dense_fixed,2,0.7,2,DenseGCN,0.0,1.0,68,1,31.8528294518042,13.71707805945586,63.57832321714846,58.02397109650563,1.48,1700,dense_fixed,False,64,120
dense_fixed,2,0.7,2,DenseGCN,0.0,1.0,68,2,43.084381767881816,18.329302882169003,68.0811958886896,73.95452881790983,3.4,1700,dense_fixed,False,64,120
dense_fixed,2,0.7,2,DenseGCN,0.0,1.0,68,3,51.788674658883636,21.714351382844274,75.4187550728745,94.74369742841574,5.333333333333333,1700,dense_fixed,False,64,120
dense_fixed,2,0.7,2,DenseGCN,0.0,1.0,68,0,43.02299199005887,17.92024410815638,69.02609139290418,75.51907301657855,nan,5100,dense_fixed,False,64,120
persistence,2,0.7,0,Persistence,0.0,nan,68,1,28.486622247272905,12.906470588235294,53.41507011601115,55.415587948740765,1.0,1700,dense_fixed,False,64,120
persistence,2,0.7,0,Persistence,0.0,nan,68,2,37.97843041083436,17.07294117647059,56.55739514168189,68.5942828595993,1.96,1700,dense_fixed,False,64,120
persistence,2,0.7,0,Persistence,0.0,nan,68,3,47.77402690854962,21.48941176470588,64.12645897026715,89.68369624170099,2.875,1700,dense_fixed,False,64,120
persistence,2,0.7,0,Persistence,0.0,nan,68,0,38.88532915547214,17.15627450980392,58.0329747426534,71.18026086382454,nan,5100,dense_fixed,False,64,120
dense_fixed,3,0.85,0,DenseGCN,0.0,1.0,68,1,66.7404367717266,15.369513530475823,82.85043253637711,253.6992983279494,3.24,1700,dense_fixed,False,64,120
dense_fixed,3,0.85,0,DenseGCN,0.0,1.0,68,2,65.21627631358749,16.025067411857822,80.36034784590818,199.59490513054735,4.16,1700,dense_fixed,False,64,120
dense_fixed,3,0.85,0,DenseGCN,0.0,1.0,68,3,64.6284773957785,17.42691337874719,87.11231446584404,268.6259300655854,5.16,1700,dense_fixed,False,64,120
dense_fixed,3,0.85,0,DenseGCN,0.0,1.0,68,0,65.53444053113773,16.27383144036028,83.44103161604312,240.65447138358232,nan,5100,dense_fixed,False,64,120
dense_fixed,3,0.85,1,DenseGCN,0.0,1.0,68,1,65.16575548173714,14.93102808878986,74.5296691629569,240.9274441292621,1.0,1700,dense_fixed,False,64,120
dense_fixed,3,0.85,1,DenseGCN,0.0,1.0,68,2,64.85360218735252,16.00071967325276,81.2069270488598,199.37755561063676,4.08,1700,dense_fixed,False,64,120
dense_fixed,3,0.85,1,DenseGCN,0.0,1.0,68,3,66.71578610657757,17.84861823087671,88.79967110594482,284.85115584147064,5.08,1700,dense_fixed,False,64,120
dense_fixed,3,0.85,1,DenseGCN,0.0,1.0,68,0,65.58343673011639,16.26012199763978,81.5120891059205,241.77036094346784,nan,5100,dense_fixed,False,64,120
dense_fixed,3,0.85,2,DenseGCN,0.0,1.0,68,1,68.34792436245796,15.650998117751852,89.48373385522605,266.36687049426973,3.16,1700,dense_fixed,False,64,120
dense_fixed,3,0.85,2,DenseGCN,0.0,1.0,68,2,66.09388838435079,16.204688904496273,87.57442195943564,205.85167558665282,4.16,1700,dense_fixed,False,64,120
dense_fixed,3,0.85,2,DenseGCN,0.0,1.0,68,3,65.60659002655882,17.588373382404534,90.41591376657237,277.0845055744326,5.4,1700,dense_fixed,False,64,120
dense_fixed,3,0.85,2,DenseGCN,0.0,1.0,68,0,66.69349168979998,16.481353468217552,89.1580231937447,249.7763504710583,nan,5100,dense_fixed,False,64,120
persistence,3,0.85,0,Persistence,0.0,nan,68,1,67.78221179110429,15.305882352941177,72.65841710412057,258.2044354742137,1.0,1700,dense_fixed,False,64,120
persistence,3,0.85,0,Persistence,0.0,nan,68,2,68.61131787960694,16.568235294117645,78.08491676805768,217.8371716595211,2.0,1700,dense_fixed,False,64,120
persistence,3,0.85,0,Persistence,0.0,nan,68,3,69.45150233415104,18.215882352941176,81.79041309242481,303.01458540752543,3.0,1700,dense_fixed,False,64,120
persistence,3,0.85,0,Persistence,0.0,nan,68,0,68.6183948926748,16.696666666666665,77.51124898820103,259.738239995409,nan,5100,dense_fixed,False,64,120
adaptive,1,0.55,0,AdaptiveGCN,0.0,0.47386959195137024,68,1,23.75816466661923,11.76858642188613,51.31869484741092,55.53774504630461,9.875,1700,adaptive,True,64,120
adaptive,1,0.55,0,AdaptiveGCN,0.0,0.47386959195137024,68,2,29.936705205871146,14.847893695475205,56.84577772027398,62.373140121370895,11.083333333333334,1700,adaptive,True,64,120
adaptive,1,0.55,0,AdaptiveGCN,0.0,0.47386959195137024,68,3,36.21917734580678,17.436324165226782,62.27255120185218,62.37640334978217,12.458333333333334,1700,adaptive,True,64,120
adaptive,1,0.55,0,AdaptiveGCN,0.0,0.47386959195137024,68,0,30.400030233079427,14.684268094196039,56.812341256512354,60.09437961538568,nan,5100,adaptive,True,64,120
adaptive,1,0.55,1,AdaptiveGCN,0.0,0.5767888426780701,68,1,22.403310223625063,11.076665915018495,50.16737645950341,52.25178459532458,4.625,1700,adaptive,True,64,120
adaptive,1,0.55,1,AdaptiveGCN,0.0,0.5767888426780701,68,2,27.274618261595293,13.600951790509486,54.735781698727,59.11735979345054,6.416666666666667,1700,adaptive,True,64,120
adaptive,1,0.55,1,AdaptiveGCN,0.0,0.5767888426780701,68,3,31.95821744270908,15.571482575017521,57.7837891573555,62.186960345718624,6.708333333333333,1700,adaptive,True,64,120
adaptive,1,0.55,1,AdaptiveGCN,0.0,0.5767888426780701,68,0,27.490245375449124,13.416366760181834,54.22898243852864,57.85002536947721,nan,5100,adaptive,True,64,120
adaptive,1,0.55,2,AdaptiveGCN,0.0,0.593041181564331,68,1,22.84369902406097,11.142471591181067,50.175784368539,52.274714786865026,1.4166666666666667,1700,adaptive,True,64,120
adaptive,1,0.55,2,AdaptiveGCN,0.0,0.593041181564331,68,2,26.456303350408863,12.999795035775477,54.00738311995062,57.71902648420131,2.0,1700,adaptive,True,64,120
adaptive,1,0.55,2,AdaptiveGCN,0.0,0.593041181564331,68,3,32.47504124719593,15.46308463225932,58.18943892024899,58.228806225926576,7.5,1700,adaptive,True,64,120
adaptive,1,0.55,2,AdaptiveGCN,0.0,0.593041181564331,68,0,27.546317818526532,13.201783753071956,54.124202136246204,56.07297819247678,nan,5100,adaptive,True,64,120
adaptive,2,0.7,0,AdaptiveGCN,0.0,0.6029998064041138,68,1,29.229853513088155,13.125294245694462,64.10668382994128,55.843183243790186,1.24,1700,adaptive,True,64,120
adaptive,2,0.7,0,AdaptiveGCN,0.0,0.6029998064041138,68,2,39.59892512576989,17.120240980640553,65.57069979126642,67.18372978935487,4.2,1700,adaptive,True,64,120
adaptive,2,0.7,0,AdaptiveGCN,0.0,0.6029998064041138,68,3,49.65346809505262,20.9872851512615,73.47041837924935,87.42828209018202,5.333333333333333,1700,adaptive,True,64,120
adaptive,2,0.7,0,AdaptiveGCN,0.0,0.6029998064041138,68,0,40.364696214139606,17.077606792532173,67.71593400015234,70.10497864920401,nan,5100,adaptive,True,64,120
adaptive,2,0.7,1,AdaptiveGCN,0.0,0.6174805760383606,68,1,29.493960875353718,12.988705422820058,58.930950518085766,54.47334944682104,1.2,1700,adaptive,True,64,120
adaptive,2,0.7,1,AdaptiveGCN,0.0,0.6174805760383606,68,2,40.3712222013737,17.646229969510546,64.72057831368546,66.97243800560555,3.84,1700,adaptive,True,64,120
adaptive,2,0.7,1,AdaptiveGCN,0.0,0.6174805760383606,68,3,50.70842825484739,22.100915142389233,74.25325506665328,90.68406792632511,5.5,1700,adaptive,True,64,120
adaptive,2,0.7,1,AdaptiveGCN,0.0,0.6174805760383606,68,0,41.11396358994752,17.578616844906612,65.96826129947483,70.65646869248991,nan,5100,adaptive,True,64,120
adaptive,2,0.7,2,AdaptiveGCN,0.0,0.5639709234237671,68,1,30.864247098445357,13.436624903760796,63.89287372781949,54.96558930215668,2.52,1700,adaptive,True,64,120
adaptive,2,0.7,2,AdaptiveGCN,0.0,0.5639709234237671,68,2,41.858139204426934,17.683075218077505,64.73973948715283,66.12381867788943,4.44,1700,adaptive,True,64,120
adaptive,2,0.7,2,AdaptiveGCN,0.0,0.5639709234237671,68,3,52.242291901245565,21.648813208365087,73.36623143828149,87.14570649429857,5.291666666666667,1700,adaptive,True,64,120
adaptive,2,0.7,2,AdaptiveGCN,0.0,0.5639709234237671,68,0,42.55961555945583,17.58950444340113,67.33294821775127,69.36416317382053,nan,5100,adaptive,True,64,120
adaptive,3,0.85,0,AdaptiveGCN,0.0,0.7578955292701721,68,1,65.93931724743997,15.059630987885013,76.91792483032546,246.31628310237846,1.0,1700,adaptive,True,64,120
adaptive,3,0.85,0,AdaptiveGCN,0.0,0.7578955292701721,68,2,64.52817011149163,15.858316538453968,79.83167683309594,196.11843250500308,4.16,1700,adaptive,True,64,120
adaptive,3,0.85,0,AdaptiveGCN,0.0,0.7578955292701721,68,3,65.09348395063638,17.491226721371195,86.97900957169938,271.78481956126797,5.4,1700,adaptive,True,64,120
adaptive,3,0.85,0,AdaptiveGCN,0.0,0.7578955292701721,68,0,65.18956958958974,16.13639141590339,81.24287041170692,238.10108363265704,nan,5100,adaptive,True,64,120
adaptive,3,0.85,1,AdaptiveGCN,0.0,0.7554380893707275,68,1,66.45560504632178,15.19557058607733,86.02002516014572,251.35518708136738,1.0,1700,adaptive,True,64,120
adaptive,3,0.85,1,AdaptiveGCN,0.0,0.7554380893707275,68,2,68.05415102350402,16.53290345710656,87.00493269700542,215.4920347480372,2.0,1700,adaptive,True,64,120
adaptive,3,0.85,1,AdaptiveGCN,0.0,0.7554380893707275,68,3,66.07124588821723,17.688125568309058,89.46295681004425,279.9855695508525,5.32,1700,adaptive,True,64,120
adaptive,3,0.85,1,AdaptiveGCN,0.0,0.7554380893707275,68,0,66.86584690463901,16.47219987049765,87.49597155573178,248.97723965777226,nan,5100,adaptive,True,64,120
adaptive,3,0.85,2,AdaptiveGCN,0.0,0.663027822971344,68,1,63.9911097804675,14.822051469760071,79.22662548618385,234.5326553279956,3.4,1700,adaptive,True,64,120
adaptive,3,0.85,2,AdaptiveGCN,0.0,0.663027822971344,68,2,63.35066781761304,15.823275299983909,86.25786232728426,192.80934294757483,4.16,1700,adaptive,True,64,120
adaptive,3,0.85,2,AdaptiveGCN,0.0,0.663027822971344,68,3,63.170042826634365,17.348984703478795,91.73479306636564,258.2268772854493,5.52,1700,adaptive,True,64,120
adaptive,3,0.85,2,AdaptiveGCN,0.0,0.663027822971344,68,0,63.50491727573074,15.998103824407593,85.7397602932779,228.54930842966036,nan,5100,adaptive,True,64,120
adaptive_lam0.01,1,0.55,0,AdaptiveGCN,0.01,0.8500134944915771,68,1,23.34638853137579,11.538702354753553,51.264076258483996,55.70171852642982,8.583333333333334,1700,adaptive_lam0.01,True,64,120
adaptive_lam0.01,1,0.55,0,AdaptiveGCN,0.01,0.8500134944915771,68,2,30.64883480290379,15.114565997343949,57.797529721137195,62.33439751832465,10.708333333333334,1700,adaptive_lam0.01,True,64,120
adaptive_lam0.01,1,0.55,0,AdaptiveGCN,0.01,0.8500134944915771,68,3,36.023130712455895,17.348158374920708,61.06740780116905,64.27177853179776,9.75,1700,adaptive_lam0.01,True,64,120
adaptive_lam0.01,1,0.55,0,AdaptiveGCN,0.01,0.8500134944915771,68,0,30.45253617549954,14.667142242339404,56.70967126026342,60.76756476580759,nan,5100,adaptive_lam0.01,True,64,120
adaptive_lam0.01,1,0.55,1,AdaptiveGCN,0.01,0.8751895427703857,68,1,22.888184205260078,11.171107991968885,50.57771055223677,51.38623268967514,3.125,1700,adaptive_lam0.01,True,64,120
adaptive_lam0.01,1,0.55,1,AdaptiveGCN,0.01,0.8751895427703857,68,2,26.8385001377527,13.444767565221033,54.15685318053778,59.84608096291931,6.25,1700,adaptive_lam0.01,True,64,120
adaptive_lam0.01,1,0.55,1,AdaptiveGCN,0.01,0.8751895427703857,68,3,32.518623709912674,15.937346533853972,57.54236458875437,62.68007685591308,10.666666666666666,1700,adaptive_lam0.01,True,64,120
adaptive_lam0.01,1,0.55,1,AdaptiveGCN,0.01,0.8751895427703857,68,0,27.698585727102646,13.517740697014629,54.092309440509645,57.968512482575676,nan,5100,adaptive_lam0.01,True,64,120
adaptive_lam0.01,1,0.55,2,AdaptiveGCN,0.01,0.8645839691162109,68,1,22.791835155660685,11.157934494704584,50.30135369506008,52.4388943716351,3.25,1700,adaptive_lam0.01,True,64,120
adaptive_lam0.01,1,0.55,2,AdaptiveGCN,0.01,0.8645839691162109,68,2,27.539297595416375,13.387823634517982,54.9089435004709,57.623125001058426,4.833333333333333,1700,adaptive_lam0.01,True,64,120
adaptive_lam0.01,1,0.55,2,AdaptiveGCN,0.01,0.8645839691162109,68,3,33.76835654784804,16.13564329527976,59.919212636515326,57.9803626962187,8.416666666666666,1700,adaptive_lam0.01,True,64,120
adaptive_lam0.01,1,0.55,2,AdaptiveGCN,0.01,0.8645839691162109,68,0,28.39121088033119,13.560467141500775,55.04316994401543,56.01300650915104,nan,5100,adaptive_lam0.01,True,64,120
adaptive_lam0.01,2,0.7,0,AdaptiveGCN,0.01,0.8978725075721741,68,1,29.800921019717656,13.119009587342376,62.770715383017105,55.45487413864897,1.04,1700,adaptive_lam0.01,True,64,120
adaptive_lam0.01,2,0.7,0,AdaptiveGCN,0.01,0.8978725075721741,68,2,40.56706402777336,17.210977764714453,66.69437945763266,67.1539560536142,4.0,1700,adaptive_lam0.01,True,64,120
adaptive_lam0.01,2,0.7,0,AdaptiveGCN,0.01,0.8978725075721741,68,3,51.0312790225897,20.979552914863177,73.31040972904411,86.23637700853692,5.0,1700,adaptive_lam0.01,True,64,120
adaptive_lam0.01,2,0.7,0,AdaptiveGCN,0.01,0.8978725075721741,68,0,41.3842684125998,17.103180088973335,67.59183485656463,69.56935489115722,nan,5100,adaptive_lam0.01,True,64,120
adaptive_lam0.01,2,0.7,1,AdaptiveGCN,0.01,0.8583617210388184,68,1,32.97875235352535,13.878839794478656,60.65776312940332,54.950277679786176,1.16,1700,adaptive_lam0.01,True,64,120
adaptive_lam0.01,2,0.7,1,AdaptiveGCN,0.01,0.8583617210388184,68,2,44.470981327425946,18.684660943589222,68.30274712815377,74.71015794282974,5.32,1700,adaptive_lam0.01,True,64,120
adaptive_lam0.01,2,0.7,1,AdaptiveGCN,0.01,0.8583617210388184,68,3,53.953513465362036,22.390576274127028,73.75313945849086,94.28112364308772,6.0,1700,adaptive_lam0.01,True,64,120
adaptive_lam0.01,2,0.7,1,AdaptiveGCN,0.01,0.8583617210388184,68,0,44.63275292979519,18.318025670731632,67.57121657201598,74.58765547310166,nan,5100,adaptive_lam0.01,True,64,120
adaptive_lam0.01,2,0.7,2,AdaptiveGCN,0.01,0.8746147155761719,68,1,32.48099805969635,13.877105662253513,64.89422390916022,57.76017579276525,2.24,1700,adaptive_lam0.01,True,64,120
adaptive_lam0.01,2,0.7,2,AdaptiveGCN,0.01,0.8746147155761719,68,2,44.578882938982716,18.171021464554016,66.12648517988715,71.09861152797177,4.6,1700,adaptive_lam0.01,True,64,120
adaptive_lam0.01,2,0.7,2,AdaptiveGCN,0.01,0.8746147155761719,68,3,54.485783255515756,22.10180713597579,75.34178211702496,95.00653622756711,5.5,1700,adaptive_lam0.01,True,64,120
adaptive_lam0.01,2,0.7,2,AdaptiveGCN,0.01,0.8746147155761719,68,0,44.762307864275584,18.04997808759444,68.78749706869077,74.56664960959672,nan,5100,adaptive_lam0.01,True,64,120
adaptive_lam0.01,3,0.85,0,AdaptiveGCN,0.01,0.8709824681282043,68,1,65.41197550007314,14.982178934480729,76.95736215859445,242.9779459435681,1.0,1700,adaptive_lam0.01,True,64,120
adaptive_lam0.01,3,0.85,0,AdaptiveGCN,0.01,0.8709824681282043,68,2,64.48200892350143,15.851458100213957,79.70704786676558,195.66958904660808,4.16,1700,adaptive_lam0.01,True,64,120
adaptive_lam0.01,3,0.85,0,AdaptiveGCN,0.01,0.8709824681282043,68,3,64.91230929574415,17.460877153778984,86.15238761810069,270.88153090149,5.16,1700,adaptive_lam0.01,True,64,120
adaptive_lam0.01,3,0.85,0,AdaptiveGCN,0.01,0.8709824681282043,68,0,64.93654315750375,16.09817139615789,80.93893254782023,236.54086240456587,nan,5100,adaptive_lam0.01,True,64,120
adaptive_lam0.01,3,0.85,1,AdaptiveGCN,0.01,0.8472999334335327,68,1,67.80878579679298,15.481249393921976,82.6895177279859,260.9075158518568,1.0,1700,adaptive_lam0.01,True,64,120
adaptive_lam0.01,3,0.85,1,AdaptiveGCN,0.01,0.8472999334335327,68,2,68.85956182852121,16.607797220982167,84.9206091365924,216.4465143247329,2.0,1700,adaptive_lam0.01,True,64,120
adaptive_lam0.01,3,0.85,1,AdaptiveGCN,0.01,0.8472999334335327,68,3,66.97784845703907,17.817432214845354,88.29869034994233,286.96807780062585,5.08,1700,adaptive_lam0.01,True,64,120
adaptive_lam0.01,3,0.85,1,AdaptiveGCN,0.01,0.8472999334335327,68,0,67.8864318068183,16.635492943249833,85.30293907150688,254.80312908750463,nan,5100,adaptive_lam0.01,True,64,120
adaptive_lam0.01,3,0.85,2,AdaptiveGCN,0.01,0.8991080522537231,68,1,63.53443816069448,14.736183966322928,78.17643203657072,231.55694030838364,3.16,1700,adaptive_lam0.01,True,64,120
adaptive_lam0.01,3,0.85,2,AdaptiveGCN,0.01,0.8991080522537231,68,2,63.33652967541696,15.78550117155787,84.3212807383004,192.50356523307343,4.16,1700,adaptive_lam0.01,True,64,120
adaptive_lam0.01,3,0.85,2,AdaptiveGCN,0.01,0.8991080522537231,68,3,62.59148075641488,17.182300587433858,89.19649054642163,254.15939835651255,5.28,1700,adaptive_lam0.01,True,64,120
adaptive_lam0.01,3,0.85,2,AdaptiveGCN,0.01,0.8991080522537231,68,0,63.15545446752993,15.901328575104884,83.89806777376425,226.09849545378236,nan,5100,adaptive_lam0.01,True,64,120
adaptive_lam0.1,1,0.55,0,AdaptiveGCN,0.1,0.9616860151290894,68,1,24.148391699087327,12.076951170653818,51.82924300960309,62.24135076090971,5.5,1700,adaptive_lam0.1,True,64,120
adaptive_lam0.1,1,0.55,0,AdaptiveGCN,0.1,0.9616860151290894,68,2,28.309460822013737,13.836440711907686,55.789695055075086,63.933602695761884,5.041666666666667,1700,adaptive_lam0.1,True,64,120
adaptive_lam0.1,1,0.55,0,AdaptiveGCN,0.1,0.9616860151290894,68,3,33.01269655297489,15.881971278563142,58.815509468157586,65.90511960860643,3.875,1700,adaptive_lam0.1,True,64,120
adaptive_lam0.1,1,0.55,0,AdaptiveGCN,0.1,0.9616860151290894,68,0,28.719380955401764,13.931787720374881,55.478149177611925,64.02594996818983,nan,5100,adaptive_lam0.1,True,64,120
adaptive_lam0.1,1,0.55,1,AdaptiveGCN,0.1,0.9843898415565491,68,1,25.470098213688622,12.828723023454744,53.061736716441445,65.77106940477483,7.125,1700,adaptive_lam0.1,True,64,120
adaptive_lam0.1,1,0.55,1,AdaptiveGCN,0.1,0.9843898415565491,68,2,32.773043974887,15.8179433500575,60.98159310904083,67.2622513503024,8.625,1700,adaptive_lam0.1,True,64,120
adaptive_lam0.1,1,0.55,1,AdaptiveGCN,0.1,0.9843898415565491,68,3,37.860574521122395,17.843518913747634,63.11266469903488,65.58425009178103,10.583333333333334,1700,adaptive_lam0.1,True,64,120
adaptive_lam0.1,1,0.55,1,AdaptiveGCN,0.1,0.9843898415565491,68,0,32.43568722597732,15.496728429086627,59.05199817483905,66.20589473603063,nan,5100,adaptive_lam0.1,True,64,120
adaptive_lam0.1,1,0.55,2,AdaptiveGCN,0.1,0.9810765981674194,68,1,27.013629075802918,12.833259893864229,52.99247132439782,56.39277875226058,11.875,1700,adaptive_lam0.1,True,64,120
adaptive_lam0.1,1,0.55,2,AdaptiveGCN,0.1,0.9810765981674194,68,2,30.8921425913447,14.537599042870433,56.87889693022965,60.840016956197886,10.208333333333334,1700,adaptive_lam0.1,True,64,120
adaptive_lam0.1,1,0.55,2,AdaptiveGCN,0.1,0.9810765981674194,68,3,36.145745330641084,16.715687982089243,60.66017344856102,61.66784302842859,13.291666666666666,1700,adaptive_lam0.1,True,64,120
adaptive_lam0.1,1,0.55,2,AdaptiveGCN,0.1,0.9810765981674194,68,0,31.573066239209858,14.695515639607969,56.84384723439616,59.632479282789994,nan,5100,adaptive_lam0.1,True,64,120
adaptive_lam0.1,2,0.7,0,AdaptiveGCN,0.1,0.9662942290306091,68,1,38.56599931808247,15.375963474526344,67.75768766488429,61.580444842330216,2.4,1700,adaptive_lam0.1,True,64,120
adaptive_lam0.1,2,0.7,0,AdaptiveGCN,0.1,0.9662942290306091,68,2,49.10466449615422,19.21722357707153,71.0642001244419,72.89594136274924,4.04,1700,adaptive_lam0.1,True,64,120
adaptive_lam0.1,2,0.7,0,AdaptiveGCN,0.1,0.9662942290306091,68,3,59.701647439011055,22.883127339730134,77.04121098614823,86.77996413900664,5.208333333333333,1700,adaptive_lam0.1,True,64,120
adaptive_lam0.1,2,0.7,0,AdaptiveGCN,0.1,0.9662942290306091,68,0,49.87615023106128,19.158771463776002,71.95436625849145,73.71428796099413,nan,5100,adaptive_lam0.1,True,64,120
adaptive_lam0.1,2,0.7,1,AdaptiveGCN,0.1,0.8793354630470276,68,1,30.92747916034496,13.200743695796872,68.70953008194395,57.49481778494774,2.28,1700,adaptive_lam0.1,True,64,120
adaptive_lam0.1,2,0.7,1,AdaptiveGCN,0.1,0.8793354630470276,68,2,38.84286208747656,16.793198057265187,71.26524725428536,69.17744567901386,3.16,1700,adaptive_lam0.1,True,64,120
adaptive_lam0.1,2,0.7,1,AdaptiveGCN,0.1,0.8793354630470276,68,3,48.63903759041162,20.935341333787004,75.7300840463193,90.21219298916803,5.125,1700,adaptive_lam0.1,True,64,120
adaptive_lam0.1,2,0.7,1,AdaptiveGCN,0.1,0.8793354630470276,68,0,40.12909534689999,16.976427695616355,71.90162046084953,72.24640473970258,nan,5100,adaptive_lam0.1,True,64,120
adaptive_lam0.1,2,0.7,2,AdaptiveGCN,0.1,0.9759785532951355,68,1,32.16333844907168,13.373597670746351,66.78163768308733,56.851327702239004,3.04,1700,adaptive_lam0.1,True,64,120
adaptive_lam0.1,2,0.7,2,AdaptiveGCN,0.1,0.9759785532951355,68,2,41.189381743000915,17.266327621949944,71.24586107156571,72.88341323200174,4.16,1700,adaptive_lam0.1,True,64,120
adaptive_lam0.1,2,0.7,2,AdaptiveGCN,0.1,0.9759785532951355,68,3,50.129426900742196,20.830252841008924,78.74556388383431,92.50089055142352,4.791666666666667,1700,adaptive_lam0.1,True,64,120
adaptive_lam0.1,2,0.7,2,AdaptiveGCN,0.1,0.9759785532951355,68,0,41.80910965310888,17.15672604456841,72.25768754616246,74.02502207282271,nan,5100,adaptive_lam0.1,True,64,120
adaptive_lam0.1,3,0.85,0,AdaptiveGCN,0.1,0.8884256482124329,68,1,63.20031520889948,14.688929227844259,81.01649420181535,229.0504685129668,3.16,1700,adaptive_lam0.1,True,64,120
adaptive_lam0.1,3,0.85,0,AdaptiveGCN,0.1,0.8884256482124329,68,2,61.651233533201086,15.451945500343983,81.54718672657148,180.03928216544583,4.16,1700,adaptive_lam0.1,True,64,120
adaptive_lam0.1,3,0.85,0,AdaptiveGCN,0.1,0.8884256482124329,68,3,63.236497502752236,17.191939488879818,90.12289523446744,258.50342092147,5.16,1700,adaptive_lam0.1,True,64,120
adaptive_lam0.1,3,0.85,0,AdaptiveGCN,0.1,0.8884256482124329,68,0,62.70036962965247,15.777604739022689,84.22885872095142,222.5640340862612,nan,5100,adaptive_lam0.1,True,64,120
adaptive_lam0.1,3,0.85,1,AdaptiveGCN,0.1,0.9270161390304565,68,1,64.3727772569071,14.81308737159128,82.69503696796637,238.72430019385553,3.16,1700,adaptive_lam0.1,True,64,120
adaptive_lam0.1,3,0.85,1,AdaptiveGCN,0.1,0.9270161390304565,68,2,65.50502296475142,16.0892689850235,87.97819260129258,198.51517162150594,4.16,1700,adaptive_lam0.1,True,64,120
adaptive_lam0.1,3,0.85,1,AdaptiveGCN,0.1,0.9270161390304565,68,3,63.81620523901207,17.287075857131363,90.78579997195806,264.0896976492393,5.4,1700,adaptive_lam0.1,True,64,120
adaptive_lam0.1,3,0.85,1,AdaptiveGCN,0.1,0.9270161390304565,68,0,64.5684921523589,16.063144071248715,87.15300984707235,233.80494630628164,nan,5100,adaptive_lam0.1,True,64,120
adaptive_lam0.1,3,0.85,2,AdaptiveGCN,0.1,0.9388155341148376,68,1,60.261358951648624,14.246552251216867,84.07724552317626,209.58890888526227,3.64,1700,adaptive_lam0.1,True,64,120
adaptive_lam0.1,3,0.85,2,AdaptiveGCN,0.1,0.9388155341148376,68,2,60.48650652971039,15.334383853626068,87.99172440452286,175.4856535490565,4.64,1700,adaptive_lam0.1,True,64,120
adaptive_lam0.1,3,0.85,2,AdaptiveGCN,0.1,0.9388155341148376,68,3,60.261860786750375,16.693243423307276,92.92026629974114,234.90585729798818,5.52,1700,adaptive_lam0.1,True,64,120
adaptive_lam0.1,3,0.85,2,AdaptiveGCN,0.1,0.9388155341148376,68,0,60.33666856439739,15.424726509383405,88.32974540914674,206.68911272545714,nan,5100,adaptive_lam0.1,True,64,120
adaptive_lam1.0,1,0.55,0,AdaptiveGCN,1.0,0.8905476331710815,68,1,52.95679113706914,26.149865319937028,84.39218541547176,111.50819574863465,8.666666666666666,1700,adaptive_lam1.0,True,64,120
adaptive_lam1.0,1,0.55,0,AdaptiveGCN,1.0,0.8905476331710815,68,2,55.48989411776774,27.33880823008278,86.38298456341718,115.33388093618409,9.458333333333334,1700,adaptive_lam1.0,True,64,120
adaptive_lam1.0,1,0.55,0,AdaptiveGCN,1.0,0.8905476331710815,68,3,57.98587728962033,28.10730934371843,86.7203610846727,114.84121122460142,13.125,1700,adaptive_lam1.0,True,64,120
adaptive_lam1.0,1,0.55,0,AdaptiveGCN,1.0,0.8905476331710815,68,0,55.51549946271205,27.198660964579414,85.83184368785386,113.89375514952435,nan,5100,adaptive_lam1.0,True,64,120
adaptive_lam1.0,1,0.55,1,AdaptiveGCN,1.0,0.8872053027153015,68,1,51.67004052899949,25.307385801988488,78.73100169138495,113.5825067370744,12.666666666666666,1700,adaptive_lam1.0,True,64,120
adaptive_lam1.0,1,0.55,1,AdaptiveGCN,1.0,0.8872053027153015,68,2,53.60556379285655,26.012148495509344,80.22104503337775,118.21356959277381,13.291666666666666,1700,adaptive_lam1.0,True,64,120
adaptive_lam1.0,1,0.55,1,AdaptiveGCN,1.0,0.8872053027153015,68,3,56.453629393473946,27.23269723192734,81.65069842132749,119.6164923094331,11.75,1700,adaptive_lam1.0,True,64,120
adaptive_lam1.0,1,0.55,1,AdaptiveGCN,1.0,0.8872053027153015,68,0,53.945533733925146,26.184077176475057,80.20091504869674,117.13630241342298,nan,5100,adaptive_lam1.0,True,64,120
adaptive_lam1.0,1,0.55,2,AdaptiveGCN,1.0,0.8491437435150146,68,1,49.82773136296656,23.809113021422835,73.34832389779508,113.89621519542001,10.625,1700,adaptive_lam1.0,True,64,120
adaptive_lam1.0,1,0.55,2,AdaptiveGCN,1.0,0.8491437435150146,68,2,51.89281576861922,24.85448117848705,75.47461066230461,120.44183484225273,9.458333333333334,1700,adaptive_lam1.0,True,64,120
adaptive_lam1.0,1,0.55,2,AdaptiveGCN,1.0,0.8491437435150146,68,3,53.90018809265163,25.87179998895701,77.3850494822171,120.19651187311322,11.0,1700,adaptive_lam1.0,True,64,120
adaptive_lam1.0,1,0.55,2,AdaptiveGCN,1.0,0.8491437435150146,68,0,51.90021649793972,24.845131396288966,75.40266134743894,118.17691297174304,nan,5100,adaptive_lam1.0,True,64,120
adaptive_lam1.0,2,0.7,0,AdaptiveGCN,1.0,0.8511962294578552,68,1,90.20028120219936,34.38278525773847,80.10978148472465,60.94474153302173,4.08,1700,adaptive_lam1.0,True,64,120
adaptive_lam1.0,2,0.7,0,AdaptiveGCN,1.0,0.8511962294578552,68,2,94.6680858923859,36.63404431657701,85.64529425714818,68.1779913770105,4.48,1700,adaptive_lam1.0,True,64,120
adaptive_lam1.0,2,0.7,0,AdaptiveGCN,1.0,0.8511962294578552,68,3,96.32321163108098,37.313982656606036,93.1497657696606,81.23055625849757,5.333333333333333,1700,adaptive_lam1.0,True,64,120
adaptive_lam1.0,2,0.7,0,AdaptiveGCN,1.0,0.8511962294578552,68,0,93.76619560447502,36.110270743640505,86.3016138371778,70.08774719533004,nan,5100,adaptive_lam1.0,True,64,120
adaptive_lam1.0,2,0.7,1,AdaptiveGCN,1.0,0.8504028916358948,68,1,79.30004358758835,29.929647590069866,77.1699811243825,66.26626965822149,3.68,1700,adaptive_lam1.0,True,64,120
adaptive_lam1.0,2,0.7,1,AdaptiveGCN,1.0,0.8504028916358948,68,2,80.83673865553511,30.4281923098993,78.33996948278859,71.01540161360612,4.64,1700,adaptive_lam1.0,True,64,120
adaptive_lam1.0,2,0.7,1,AdaptiveGCN,1.0,0.8504028916358948,68,3,84.17274823794696,31.996065967496047,83.08704406917904,79.33100489623158,4.875,1700,adaptive_lam1.0,True,64,120
adaptive_lam1.0,2,0.7,1,AdaptiveGCN,1.0,0.8504028916358948,68,0,81.46190679367771,30.78463528915507,79.53233155878338,72.18487307478522,nan,5100,adaptive_lam1.0,True,64,120
adaptive_lam1.0,2,0.7,2,AdaptiveGCN,1.0,0.8509207963943481,68,1,86.61069091111486,32.90240685380995,81.14733537371966,67.25581241595029,3.44,1700,adaptive_lam1.0,True,64,120
adaptive_lam1.0,2,0.7,2,AdaptiveGCN,1.0,0.8509207963943481,68,2,84.48332049735794,32.052589794223415,81.35329639149309,74.35458188478674,3.64,1700,adaptive_lam1.0,True,64,120
adaptive_lam1.0,2,0.7,2,AdaptiveGCN,1.0,0.8509207963943481,68,3,81.59440560322814,31.04388108283665,83.47659852295769,89.413539604421,4.166666666666667,1700,adaptive_lam1.0,True,64,120
adaptive_lam1.0,2,0.7,2,AdaptiveGCN,1.0,0.8509207963943481,68,0,84.25455526380377,31.999625910290007,81.99241009605682,76.97537900828368,nan,5100,adaptive_lam1.0,True,64,120
adaptive_lam1.0,3,0.85,0,AdaptiveGCN,1.0,0.854674220085144,68,1,57.7334776037021,14.27701784391545,86.41897050827765,190.24247765454632,3.4,1700,adaptive_lam1.0,True,64,120
adaptive_lam1.0,3,0.85,0,AdaptiveGCN,1.0,0.854674220085144,68,2,58.51548869843588,15.42055180813309,90.9807879354463,155.2608862953575,5.92,1700,adaptive_lam1.0,True,64,120
adaptive_lam1.0,3,0.85,0,AdaptiveGCN,1.0,0.854674220085144,68,3,60.09016872797532,17.108471284267658,95.44687339011358,237.367565312173,6.92,1700,adaptive_lam1.0,True,64,120
adaptive_lam1.0,3,0.85,0,AdaptiveGCN,1.0,0.854674220085144,68,0,58.78788206081956,15.602013645438733,90.94887727794583,194.34646562806208,nan,5100,adaptive_lam1.0,True,64,120
adaptive_lam1.0,3,0.85,1,AdaptiveGCN,1.0,0.8547260761260986,68,1,58.329116009732985,15.081724053130431,93.23565496896764,196.9603961115479,3.24,1700,adaptive_lam1.0,True,64,120
adaptive_lam1.0,3,0.85,1,AdaptiveGCN,1.0,0.8547260761260986,68,2,59.22962190764774,15.877624878949376,95.81831337968481,157.5762097007708,4.16,1700,adaptive_lam1.0,True,64,120
adaptive_lam1.0,3,0.85,1,AdaptiveGCN,1.0,0.8547260761260986,68,3,57.87802870743061,16.615110978526406,99.81930314983819,198.232573218339,7.0,1700,adaptive_lam1.0,True,64,120
adaptive_lam1.0,3,0.85,1,AdaptiveGCN,1.0,0.8547260761260986,68,0,58.481621309199795,15.858153303535405,96.29109049949687,184.25490680647806,nan,5100,adaptive_lam1.0,True,64,120
adaptive_lam1.0,3,0.85,2,AdaptiveGCN,1.0,0.8517153859138489,68,1,71.63479629388554,16.675872624055142,92.45473141407419,287.07747674589825,11.16,1700,adaptive_lam1.0,True,64,120
adaptive_lam1.0,3,0.85,2,AdaptiveGCN,1.0,0.8517153859138489,68,2,69.59208065643153,17.079999240828844,94.29280597488976,189.88599528365106,14.52,1700,adaptive_lam1.0,True,64,120
adaptive_lam1.0,3,0.85,2,AdaptiveGCN,1.0,0.8517153859138489,68,3,72.8753740729135,18.39032690633787,99.38510848112091,356.8550289392087,12.84,1700,adaptive_lam1.0,True,64,120
adaptive_lam1.0,3,0.85,2,AdaptiveGCN,1.0,0.8517153859138489,68,0,71.38025375042415,17.38206625707395,95.37754862336162,278.01910430242816,nan,5100,adaptive_lam1.0,True,64,120
