label,fold,origin,seed,model,lambda_phys,gate_sigma,shrink_gamma,temporal,augment,n_train_windows,n_real_windows,n_test_weeks,n_params,train_seconds,infer_ms_per_window,horizon,rmse,mae,smape,mape,peak_week_err,n_obs
lstm,1,0.4,0,lstm,0.0,nan,1.0,none,none,0,0,34,19907,34.243,1.0409,0,100.6472350352606,40.7236526983056,61.39307327420854,59.43666036890781,nan,2550
lstm,1,0.4,0,lstm,0.0,nan,1.0,none,none,0,0,34,19907,34.243,1.0409,1,65.96015849286492,29.506702792256633,55.54045389498028,54.96721895069954,2.52,850
lstm,1,0.4,0,lstm,0.0,nan,1.0,none,none,0,0,34,19907,34.243,1.0409,2,90.78035082423705,39.20470593935426,60.85380431609037,61.00868406178817,3.12,850
lstm,1,0.4,0,lstm,0.0,nan,1.0,none,none,0,0,34,19907,34.243,1.0409,3,133.40833241051155,53.459549363305904,67.78496161155496,62.3019498973206,6.68,850
lstm,1,0.4,1,lstm,0.0,nan,1.0,none,none,0,0,34,19907,27.599,1.0985,0,104.13645942289332,41.197081808571376,60.9497946347262,59.512982592851515,nan,2550
lstm,1,0.4,1,lstm,0.0,nan,1.0,none,none,0,0,34,19907,27.599,1.0985,1,69.7880851409541,30.428157383245416,54.87955441406845,54.574793111689125,2.6,850
lstm,1,0.4,1,lstm,0.0,nan,1.0,none,none,0,0,34,19907,27.599,1.0985,2,100.57718132321385,41.19604025542298,61.343292385199035,61.877379698182025,2.96,850
lstm,1,0.4,1,lstm,0.0,nan,1.0,none,none,0,0,34,19907,27.599,1.0985,3,132.4653173960793,51.96704778704573,66.62653710491116,62.053553523638506,6.4,850
lstm,1,0.4,2,lstm,0.0,nan,1.0,none,none,0,0,34,19907,27.576,1.177,0,99.67880931475851,39.962797307004315,60.8295954435662,59.529851705065475,nan,2550
lstm,1,0.4,2,lstm,0.0,nan,1.0,none,none,0,0,34,19907,27.576,1.177,1,71.34790806451306,30.356517460444284,55.504761741112574,56.04716040107339,2.28,850
lstm,1,0.4,2,lstm,0.0,nan,1.0,none,none,0,0,34,19907,27.576,1.177,2,94.22453106727201,39.614109939433746,60.91769457368981,61.57154338672074,3.2,850
lstm,1,0.4,2,lstm,0.0,nan,1.0,none,none,0,0,34,19907,27.576,1.177,3,125.85232949450895,49.917764521134906,66.06633001589626,60.94877906128017,6.4,850
lstm,2,0.475,0,lstm,0.0,nan,1.0,none,none,0,0,34,19907,35.6,0.8387,0,125.90476026965214,43.55257879756464,45.12780214094925,54.67952694925845,nan,2550
lstm,2,0.475,0,lstm,0.0,nan,1.0,none,none,0,0,34,19907,35.6,0.8387,1,87.44606058412059,32.949105603714635,39.327482749420824,43.37171556302316,1.24,850
lstm,2,0.475,0,lstm,0.0,nan,1.0,none,none,0,0,34,19907,35.6,0.8387,2,128.75642997627597,45.396378770304075,44.21080457797194,52.25210891676889,2.16,850
lstm,2,0.475,0,lstm,0.0,nan,1.0,none,none,0,0,34,19907,35.6,0.8387,3,152.7448663744821,52.31225201867521,51.845119095454976,68.4147563679833,3.44,850
lstm,2,0.475,1,lstm,0.0,nan,1.0,none,none,0,0,34,19907,36.541,0.7954,0,147.90067484320846,47.62282392923465,45.096906893982876,53.55355989075973,nan,2550
lstm,2,0.475,1,lstm,0.0,nan,1.0,none,none,0,0,34,19907,36.541,0.7954,1,99.81007557343717,37.167038931855934,39.702587102211396,43.624086663264706,1.24,850
lstm,2,0.475,1,lstm,0.0,nan,1.0,none,none,0,0,34,19907,36.541,0.7954,2,127.08196046574876,46.01014709922868,44.0828989254345,51.376825092327024,2.2,850
lstm,2,0.475,1,lstm,0.0,nan,1.0,none,none,0,0,34,19907,36.541,0.7954,3,198.7761378924443,59.691285756619315,51.505234654302726,65.65976791668744,3.32,850
lstm,2,0.475,2,lstm,0.0,nan,1.0,none,none,0,0,34,19907,40.389,0.9666,0,125.06579188631949,45.19826756765262,44.72918438429953,51.58757136734779,nan,2550
lstm,2,0.475,2,lstm,0.0,nan,1.0,none,none,0,0,34,19907,40.389,0.9666,1,102.38730796570566,38.099981126849926,39.310993558106325,42.366707317299856,2.0,850
lstm,2,0.475,2,lstm,0.0,nan,1.0,none,none,0,0,34,19907,40.389,0.9666,2,131.25439631195627,45.51580422283972,43.762673971438204,48.50259775435163,2.52,850
lstm,2,0.475,2,lstm,0.0,nan,1.0,none,none,0,0,34,19907,40.389,0.9666,3,138.61269608797093,51.97901735326823,51.11388562335409,63.893409030391915,3.64,850
lstm,3,0.55,0,lstm,0.0,nan,1.0,none,none,0,0,34,19907,62.192,1.0568,0,22.964200584819658,12.444725197908268,55.31593044352412,65.55861092867113,nan,2550
lstm,3,0.55,0,lstm,0.0,nan,1.0,none,none,0,0,34,19907,62.192,1.0568,1,17.375456112576934,9.828958980112391,49.47272808408583,57.58157203586295,2.25,850
lstm,3,0.55,0,lstm,0.0,nan,1.0,none,none,0,0,34,19907,62.192,1.0568,2,22.81886418596874,12.596976721787497,56.24993484192235,68.5487069044017,3.75,850
lstm,3,0.55,0,lstm,0.0,nan,1.0,none,none,0,0,34,19907,62.192,1.0568,3,27.55823810844446,14.908239891824914,60.22512840456417,70.56122976087559,4.416666666666667,850
lstm,3,0.55,1,lstm,0.0,nan,1.0,none,none,0,0,34,19907,72.499,0.7043,0,23.842685200123565,12.810861504206471,55.42668061395653,64.47187371172546,nan,2550
lstm,3,0.55,1,lstm,0.0,nan,1.0,none,none,0,0,34,19907,72.499,0.7043,1,17.59782187793516,10.039978226230424,49.55436295797572,55.50653753723864,2.9583333333333335,850
lstm,3,0.55,1,lstm,0.0,nan,1.0,none,none,0,0,34,19907,72.499,0.7043,2,23.941719991042724,13.065981026804623,56.481424562293434,66.57218612401327,4.458333333333333,850
lstm,3,0.55,1,lstm,0.0,nan,1.0,none,none,0,0,34,19907,72.499,0.7043,3,28.679812092821415,15.326625259584365,60.2442543216004,71.35603938436785,4.75,850
lstm,3,0.55,2,lstm,0.0,nan,1.0,none,none,0,0,34,19907,72.492,0.989,0,22.617058525200466,12.590887263352965,54.29183797474867,71.22194108557808,nan,2550
lstm,3,0.55,2,lstm,0.0,nan,1.0,none,none,0,0,34,19907,72.492,0.989,1,16.861557073663427,9.908521078316605,48.90118454114488,61.35316277240045,3.25,850
lstm,3,0.55,2,lstm,0.0,nan,1.0,none,none,0,0,34,19907,72.492,0.989,2,22.808840724746386,12.830482237812351,55.09804667385689,73.42658654859069,4.75,850
lstm,3,0.55,2,lstm,0.0,nan,1.0,none,none,0,0,34,19907,72.492,0.989,3,27.01922809485442,15.033658473929938,58.87628270924425,78.90727455383663,5.541666666666667,850
lstm,4,0.625,0,lstm,0.0,nan,1.0,none,none,0,0,34,19907,34.391,1.0052,0,31.247321583110903,14.469760345479145,52.422717283733355,59.108839538486876,nan,2550
lstm,4,0.625,0,lstm,0.0,nan,1.0,none,none,0,0,34,19907,34.391,1.0052,1,26.648618007409247,12.657089965505635,50.76457318650039,57.41754456705422,2.0833333333333335,850
lstm,4,0.625,0,lstm,0.0,nan,1.0,none,none,0,0,34,19907,34.391,1.0052,2,29.610816429969187,14.16555987238884,51.81885179511572,58.190140978808216,2.75,850
lstm,4,0.625,0,lstm,0.0,nan,1.0,none,none,0,0,34,19907,34.391,1.0052,3,36.63653950635753,16.58663119854296,54.68472686958393,61.718833069598176,3.4583333333333335,850
lstm,4,0.625,1,lstm,0.0,nan,1.0,none,none,0,0,34,19907,34.595,1.0489,0,31.96774116176793,14.439692825912385,52.33557169409856,55.84642839124909,nan,2550
lstm,4,0.625,1,lstm,0.0,nan,1.0,none,none,0,0,34,19907,34.595,1.0489,1,26.585106347946734,12.542630231402375,50.70085251995033,56.71019255847531,2.0833333333333335,850
lstm,4,0.625,1,lstm,0.0,nan,1.0,none,none,0,0,34,19907,34.595,1.0489,2,30.00360488190875,14.0575080372363,51.50675048843326,55.75473325166165,2.75,850
lstm,4,0.625,1,lstm,0.0,nan,1.0,none,none,0,0,34,19907,34.595,1.0489,3,38.194570812041306,16.718940209098474,54.799112073912084,55.07435936361033,3.2916666666666665,850
lstm,4,0.625,2,lstm,0.0,nan,1.0,none,none,0,0,34,19907,108.33,0.9768,0,31.58544859012655,14.226542141782668,50.92340424213611,53.32464508077579,nan,2550
lstm,4,0.625,2,lstm,0.0,nan,1.0,none,none,0,0,34,19907,108.33,0.9768,1,26.224575594164595,12.23881137682125,48.85122333549646,50.95713224161922,4.958333333333333,850
lstm,4,0.625,2,lstm,0.0,nan,1.0,none,none,0,0,34,19907,108.33,0.9768,2,30.074714876418664,13.864961620689753,50.09279470724598,53.575522813589494,5.708333333333333,850
lstm,4,0.625,2,lstm,0.0,nan,1.0,none,none,0,0,34,19907,108.33,0.9768,3,37.425991609129746,16.575853427837,53.826194683665875,55.44128018711867,5.833333333333333,850
lstm,5,0.7,0,lstm,0.0,nan,1.0,none,none,0,0,34,19907,39.989,1.1792,0,56.98101289236402,28.67632331816242,50.439182818968106,57.451651974684495,nan,2550
lstm,5,0.7,0,lstm,0.0,nan,1.0,none,none,0,0,34,19907,39.989,1.1792,1,44.776638796636576,22.385311603809917,44.84545241462408,42.49579199247167,1.2,850
lstm,5,0.7,0,lstm,0.0,nan,1.0,none,none,0,0,34,19907,39.989,1.1792,2,54.79114008797693,28.032501180194977,47.85384125893774,51.922752268098634,2.16,850
lstm,5,0.7,0,lstm,0.0,nan,1.0,none,none,0,0,34,19907,39.989,1.1792,3,68.80037119561558,35.611157170482365,58.61825478334253,78.21077089160555,4.125,850
lstm,5,0.7,1,lstm,0.0,nan,1.0,none,none,0,0,34,19907,112.834,0.4423,0,56.414445783523405,29.371575074112044,53.446945988315754,58.723640634742544,nan,2550
lstm,5,0.7,1,lstm,0.0,nan,1.0,none,none,0,0,34,19907,112.834,0.4423,1,42.374052061574055,22.179377541397425,45.313287591003395,41.95471375410556,2.08,850
lstm,5,0.7,1,lstm,0.0,nan,1.0,none,none,0,0,34,19907,112.834,0.4423,2,55.50333148008884,29.861178116734305,52.670101418837845,55.788285731165935,2.76,850
lstm,5,0.7,1,lstm,0.0,nan,1.0,none,none,0,0,34,19907,112.834,0.4423,3,68.34902329719641,36.074169564204404,62.35744895510602,78.69793060054285,4.291666666666667,850
lstm,5,0.7,2,lstm,0.0,nan,1.0,none,none,0,0,34,19907,38.906,1.0217,0,55.90627851371808,28.604529519597474,52.090130249206545,59.87191519392332,nan,2550
lstm,5,0.7,2,lstm,0.0,nan,1.0,none,none,0,0,34,19907,38.906,1.0217,1,38.75912769152962,21.19410744910505,45.849351012749835,43.07946536621109,1.0,850
lstm,5,0.7,2,lstm,0.0,nan,1.0,none,none,0,0,34,19907,38.906,1.0217,2,55.91645952006119,28.67177020165234,49.93744653916086,54.457814196680424,2.16,850
lstm,5,0.7,2,lstm,0.0,nan,1.0,none,none,0,0,34,19907,38.906,1.0217,3,68.90294265917318,35.947710908035035,60.48359319570892,82.37736980515248,4.125,850
lstm,6,0.775,0,lstm,0.0,nan,1.0,none,none,0,0,34,19907,103.66,0.3264,0,11.383790183576396,5.707989580033429,95.82580824784318,92.28897116905453,nan,2550
lstm,6,0.775,0,lstm,0.0,nan,1.0,none,none,0,0,34,19907,103.66,0.3264,1,9.2263846582429,4.8329057071801715,91.17986616199703,76.16444512478388,4.642857142857143,850
lstm,6,0.775,0,lstm,0.0,nan,1.0,none,none,0,0,34,19907,103.66,0.3264,2,11.449454247006157,5.69876948273412,95.4769290904485,92.86031088138374,6.142857142857143,850
lstm,6,0.775,0,lstm,0.0,nan,1.0,none,none,0,0,34,19907,103.66,0.3264,3,13.136051934082925,6.592293550185996,100.82062949108396,107.89569922338025,5.428571428571429,850
lstm,6,0.775,1,lstm,0.0,nan,1.0,none,none,0,0,34,19907,44.547,0.8582,0,10.452617671703056,5.280656643433304,81.90272673706689,85.80537406073464,nan,2550
lstm,6,0.775,1,lstm,0.0,nan,1.0,none,none,0,0,34,19907,44.547,0.8582,1,8.425093481375832,4.4462920644708825,75.28447189420173,71.65834303424894,2.2142857142857144,850
lstm,6,0.775,1,lstm,0.0,nan,1.0,none,none,0,0,34,19907,44.547,0.8582,2,10.231308170508912,5.211032660183607,79.00013961194666,86.025183111412,4.214285714285714,850
lstm,6,0.775,1,lstm,0.0,nan,1.0,none,none,0,0,34,19907,44.547,0.8582,3,12.333279430976704,6.184645205645425,91.42356870505228,99.77782595631916,5.357142857142857,850
lstm,6,0.775,2,lstm,0.0,nan,1.0,none,none,0,0,34,19907,44.294,0.7484,0,10.449317495415848,5.287715477819016,88.33488742948056,86.73348557208206,nan,2550
lstm,6,0.775,2,lstm,0.0,nan,1.0,none,none,0,0,34,19907,44.294,0.7484,1,8.584885609251762,4.504304969077622,94.1712780099256,73.69434437794217,2.5714285714285716,850
lstm,6,0.775,2,lstm,0.0,nan,1.0,none,none,0,0,34,19907,44.294,0.7484,2,10.020751057811422,5.119692890752237,76.27871616424584,84.52207427362627,4.357142857142857,850
lstm,6,0.775,2,lstm,0.0,nan,1.0,none,none,0,0,34,19907,44.294,0.7484,3,12.387453155247227,6.2391485736271886,94.5546681142702,102.01075533164592,6.071428571428571,850
lstm,7,0.85,0,lstm,0.0,nan,1.0,none,none,0,0,34,19907,80.515,0.803,0,81.73699812194023,20.159813136722008,95.86027450035384,334.6223180218698,nan,2550
lstm,7,0.85,0,lstm,0.0,nan,1.0,none,none,0,0,34,19907,80.515,0.803,1,82.88388770296643,19.421545486348194,94.21445001679459,358.79089601538607,2.56,850
lstm,7,0.85,0,lstm,0.0,nan,1.0,none,none,0,0,34,19907,80.515,0.803,2,81.71550886671719,20.12609924534062,96.74854527011263,272.5327951457408,3.32,850
lstm,7,0.85,0,lstm,0.0,nan,1.0,none,none,0,0,34,19907,80.515,0.803,3,80.59557900935816,20.931794678477214,96.61782821415431,372.573324119791,3.88,850
lstm,7,0.85,1,lstm,0.0,nan,1.0,none,none,0,0,34,19907,73.112,0.5948,0,85.18648552863931,20.848586055529942,95.40404657433159,372.0179499432705,nan,2550
lstm,7,0.85,1,lstm,0.0,nan,1.0,none,none,0,0,34,19907,73.112,0.5948,1,86.14783829411373,20.029276252079427,94.8628866861046,396.94910257678134,2.56,850
lstm,7,0.85,1,lstm,0.0,nan,1.0,none,none,0,0,34,19907,73.112,0.5948,2,85.08703030448677,20.772948324448592,94.7911359300653,295.96819256861994,3.32,850
lstm,7,0.85,1,lstm,0.0,nan,1.0,none,none,0,0,34,19907,73.112,0.5948,3,84.31464393198732,21.74353359006181,96.55811710682492,423.1329290005023,4.16,850
lstm,7,0.85,2,lstm,0.0,nan,1.0,none,none,0,0,34,19907,67.112,0.4176,0,84.4712616722525,20.77553625904994,96.79784544036235,367.54331020003417,nan,2550
lstm,7,0.85,2,lstm,0.0,nan,1.0,none,none,0,0,34,19907,67.112,0.4176,1,86.32983840272901,20.12531808257192,97.06204772213722,401.56103503022854,2.76,850
lstm,7,0.85,2,lstm,0.0,nan,1.0,none,none,0,0,34,19907,67.112,0.4176,2,84.19424505994039,20.707343751411777,96.84854076618589,293.6833858806728,3.32,850
lstm,7,0.85,2,lstm,0.0,nan,1.0,none,none,0,0,34,19907,67.112,0.4176,3,82.85330558071813,21.49394694316612,96.48294783276393,407.4668754905613,4.16,850
lstm,8,0.925,0,lstm,0.0,nan,1.0,none,none,0,0,34,19907,88.991,0.2875,0,23.202811482378355,10.052192542814632,81.73212055527101,90.53627535936738,nan,2550
lstm,8,0.925,0,lstm,0.0,nan,1.0,none,none,0,0,34,19907,88.991,0.2875,1,21.984916728916392,8.803377905750976,77.691697603719,78.56923798102487,1.2380952380952381,850
lstm,8,0.925,0,lstm,0.0,nan,1.0,none,none,0,0,34,19907,88.991,0.2875,2,23.161810064739385,10.000166522242019,81.8551912687219,90.13407079495802,2.9523809523809526,850
lstm,8,0.925,0,lstm,0.0,nan,1.0,none,none,0,0,34,19907,88.991,0.2875,3,24.398880568745692,11.353033200450898,85.64947279337214,102.8224672332962,5.714285714285714,850
lstm,8,0.925,1,lstm,0.0,nan,1.0,none,none,0,0,34,19907,80.314,0.2798,0,23.693310620747425,10.156436717665455,80.1500978529448,89.76412584788704,nan,2550
lstm,8,0.925,1,lstm,0.0,nan,1.0,none,none,0,0,34,19907,80.314,0.2798,1,22.4278009434816,8.88440930059166,77.57883977324376,78.66715064599748,1.2380952380952381,850
lstm,8,0.925,1,lstm,0.0,nan,1.0,none,none,0,0,34,19907,80.314,0.2798,2,23.59639692499298,10.079824285456972,79.77474750302505,89.29832553254666,2.9523809523809526,850
lstm,8,0.925,1,lstm,0.0,nan,1.0,none,none,0,0,34,19907,80.314,0.2798,3,24.986450358372554,11.505076566947734,83.09670628256556,101.24951051211633,4.9523809523809526,850
lstm,8,0.925,2,lstm,0.0,nan,1.0,none,none,0,0,34,19907,83.667,0.2326,0,23.420169409507423,10.096559277162374,79.88189946932145,89.0835975040445,nan,2550
lstm,8,0.925,2,lstm,0.0,nan,1.0,none,none,0,0,34,19907,83.667,0.2326,1,22.09065649267325,8.785721131388975,75.96604904822458,76.6727333559531,2.142857142857143,850
lstm,8,0.925,2,lstm,0.0,nan,1.0,none,none,0,0,34,19907,83.667,0.2326,2,23.40822737274897,10.041825914621484,78.62091983128046,88.3829405557979,3.6666666666666665,850
lstm,8,0.925,2,lstm,0.0,nan,1.0,none,none,0,0,34,19907,83.667,0.2326,3,24.689487489587158,11.462130785476663,85.05872952845928,102.10783112883803,5.666666666666667,850
random_forest,1,0.4,0,random_forest,0.0,nan,1.0,none,none,0,0,34,619692,43.238,2.8807,0,100.82417881339146,40.88503591329444,59.650556395196254,52.45793103105788,nan,2550
random_forest,1,0.4,0,random_forest,0.0,nan,1.0,none,none,0,0,34,619692,43.238,2.8807,1,67.0266311853874,29.323050534655067,52.3186117200798,47.46855169085666,3.0,850
random_forest,1,0.4,0,random_forest,0.0,nan,1.0,none,none,0,0,34,619692,43.238,2.8807,2,92.34271932585243,39.86319234798936,60.13937768116677,53.94656362699135,3.84,850
random_forest,1,0.4,0,random_forest,0.0,nan,1.0,none,none,0,0,34,619692,43.238,2.8807,3,132.19984114827483,53.468864857238884,66.49367978434219,55.92184614582916,6.48,850
random_forest,1,0.4,1,random_forest,0.0,nan,1.0,none,none,0,0,34,619182,43.111,3.157,0,99.95790497198239,40.57905944583463,59.51692628971056,52.34773646450002,nan,2550
random_forest,1,0.4,1,random_forest,0.0,nan,1.0,none,none,0,0,34,619182,43.111,3.157,1,66.06388755736604,29.132568998897778,52.17800389094749,47.26336786763079,3.08,850
random_forest,1,0.4,1,random_forest,0.0,nan,1.0,none,none,0,0,34,619182,43.111,3.157,2,91.48398527977488,39.52212067758336,60.043210198504404,53.822082781773396,3.56,850
random_forest,1,0.4,1,random_forest,0.0,nan,1.0,none,none,0,0,34,619182,43.111,3.157,3,131.30495610334444,53.082488661022744,66.3295647796798,55.92007126981987,6.76,850
random_forest,1,0.4,2,random_forest,0.0,nan,1.0,none,none,0,0,34,619790,43.309,3.3609,0,101.97869462740854,41.08149419223561,59.5122463625742,52.29685615093438,nan,2550
random_forest,1,0.4,2,random_forest,0.0,nan,1.0,none,none,0,0,34,619790,43.309,3.3609,1,67.49326995993056,29.398473053259007,52.131608101400694,47.28605344714018,3.36,850
random_forest,1,0.4,2,random_forest,0.0,nan,1.0,none,none,0,0,34,619790,43.309,3.3609,2,93.08535730554689,39.80319859378478,59.779207617898656,53.5140440377305,3.44,850
random_forest,1,0.4,2,random_forest,0.0,nan,1.0,none,none,0,0,34,619790,43.309,3.3609,3,134.08481360372372,54.04281092966304,66.62592336842327,56.052473319484875,5.84,850
random_forest,2,0.475,0,random_forest,0.0,nan,1.0,none,none,0,0,34,758924,48.711,3.5042,0,125.29061848908982,43.34467895710001,43.90409988965453,47.34020353230271,nan,2550
random_forest,2,0.475,0,random_forest,0.0,nan,1.0,none,none,0,0,34,758924,48.711,3.5042,1,96.27230027299034,34.73522248618743,37.97110961502852,37.99821447522288,1.92,850
random_forest,2,0.475,0,random_forest,0.0,nan,1.0,none,none,0,0,34,758924,48.711,3.5042,2,129.68036025284394,45.035020075019666,43.86361911155952,46.82519867949059,3.6,850
random_forest,2,0.475,0,random_forest,0.0,nan,1.0,none,none,0,0,34,758924,48.711,3.5042,3,144.9409038504168,50.263794310092926,49.87757094237557,57.19719744219469,4.64,850
random_forest,2,0.475,1,random_forest,0.0,nan,1.0,none,none,0,0,34,759230,48.852,3.7749,0,125.66798541967817,43.127659432864654,43.97087071011978,47.254654379613434,nan,2550
random_forest,2,0.475,1,random_forest,0.0,nan,1.0,none,none,0,0,34,759230,48.852,3.7749,1,95.99658610461455,34.28525105977759,38.097315734671845,38.171903264366506,3.56,850
random_forest,2,0.475,1,random_forest,0.0,nan,1.0,none,none,0,0,34,759230,48.852,3.7749,2,129.90229078766959,45.07410411641878,43.867272079416544,46.627007609035736,3.6,850
random_forest,2,0.475,1,random_forest,0.0,nan,1.0,none,none,0,0,34,759230,48.852,3.7749,3,145.90194646644161,50.02362312239759,49.948024316270974,56.965052265438054,4.88,850
random_forest,2,0.475,2,random_forest,0.0,nan,1.0,none,none,0,0,34,759086,48.571,3.5025,0,126.3978677585205,43.41507682704458,43.936747470092726,47.245603224012974,nan,2550
random_forest,2,0.475,2,random_forest,0.0,nan,1.0,none,none,0,0,34,759086,48.571,3.5025,1,98.05021060822902,34.668628818813495,38.138891902557056,38.32393122360534,1.24,850
random_forest,2,0.475,2,random_forest,0.0,nan,1.0,none,none,0,0,34,759086,48.571,3.5025,2,131.56175329897965,45.338018128205746,43.67240958877075,46.33111499856429,3.04,850
random_forest,2,0.475,2,random_forest,0.0,nan,1.0,none,none,0,0,34,759086,48.571,3.5025,3,144.937656219085,50.238583534114504,49.998940918950375,57.08176344986931,4.56,850
random_forest,3,0.55,0,random_forest,0.0,nan,1.0,none,none,0,0,34,899232,61.601,3.8946,0,23.428045852436814,12.534447158119258,52.91066705062072,56.30307095587427,nan,2550
random_forest,3,0.55,0,random_forest,0.0,nan,1.0,none,none,0,0,34,899232,61.601,3.8946,1,16.41132080583142,9.448399842136046,46.60774204772587,48.67370440606666,2.625,850
random_forest,3,0.55,0,random_forest,0.0,nan,1.0,none,none,0,0,34,899232,61.601,3.8946,2,23.21962728340992,12.686784885841258,53.06951402554264,56.510968842952714,4.25,850
random_forest,3,0.55,0,random_forest,0.0,nan,1.0,none,none,0,0,34,899232,61.601,3.8946,3,28.950603717699146,15.468156746380469,59.05474507859362,63.742738935668164,5.291666666666667,850
random_forest,3,0.55,1,random_forest,0.0,nan,1.0,none,none,0,0,34,899636,61.552,3.5616,0,22.37032244486066,12.23693585171419,52.61546921527087,55.91209245232758,nan,2550
random_forest,3,0.55,1,random_forest,0.0,nan,1.0,none,none,0,0,34,899636,61.552,3.5616,1,16.285442489378962,9.427193794250488,46.53088147831552,48.56963533154962,2.75,850
random_forest,3,0.55,1,random_forest,0.0,nan,1.0,none,none,0,0,34,899636,61.552,3.5616,2,22.23260157693935,12.282942307065515,52.821014550619125,56.02360548219379,3.375,850
random_forest,3,0.55,1,random_forest,0.0,nan,1.0,none,none,0,0,34,899636,61.552,3.5616,3,27.235817757271654,15.000671453826568,58.494511616877965,63.16065855195965,4.5,850
random_forest,3,0.55,2,random_forest,0.0,nan,1.0,none,none,0,0,34,899536,61.584,3.5347,0,22.80979082586011,12.299200485862938,52.678099555052896,56.093005328549715,nan,2550
random_forest,3,0.55,2,random_forest,0.0,nan,1.0,none,none,0,0,34,899536,61.584,3.5347,1,16.25401430791122,9.344798150518361,46.53023920720533,48.37844477084859,2.75,850
random_forest,3,0.55,2,random_forest,0.0,nan,1.0,none,none,0,0,34,899536,61.584,3.5347,2,22.766682742621644,12.447936673620168,52.88431709540483,56.454045486270154,4.25,850
random_forest,3,0.55,2,random_forest,0.0,nan,1.0,none,none,0,0,34,899536,61.584,3.5347,3,27.898832382978096,15.104866633450284,58.6197423625485,63.464745898975025,4.75,850
random_forest,4,0.625,0,random_forest,0.0,nan,1.0,none,none,0,0,34,1039876,74.122,3.8034,0,32.076147771737666,14.169854743994918,49.26673415552052,47.88481448587007,nan,2550
random_forest,4,0.625,0,random_forest,0.0,nan,1.0,none,none,0,0,34,1039876,74.122,3.8034,1,26.847313865079755,12.178990466068774,46.17564962493272,44.46731960636121,2.0416666666666665,850
random_forest,4,0.625,0,random_forest,0.0,nan,1.0,none,none,0,0,34,1039876,74.122,3.8034,2,30.241014750824345,13.808824714878027,48.99817517913899,47.56295301297111,4.333333333333333,850
random_forest,4,0.625,0,random_forest,0.0,nan,1.0,none,none,0,0,34,1039876,74.122,3.8034,3,38.09646351951024,16.521749051037958,52.626377662489865,51.62417083827793,4.083333333333333,850
random_forest,4,0.625,1,random_forest,0.0,nan,1.0,none,none,0,0,34,1040036,74.365,3.5268,0,32.02649198423788,14.115972569503036,49.24240852250543,47.71177826348792,nan,2550
random_forest,4,0.625,1,random_forest,0.0,nan,1.0,none,none,0,0,34,1040036,74.365,3.5268,1,26.904011934855813,12.113949689514497,46.02762932581589,43.918867432609645,2.5,850
random_forest,4,0.625,1,random_forest,0.0,nan,1.0,none,none,0,0,34,1040036,74.365,3.5268,2,30.028128969617395,13.771495574151768,49.081059160255805,47.50119671959134,2.875,850
random_forest,4,0.625,1,random_forest,0.0,nan,1.0,none,none,0,0,34,1040036,74.365,3.5268,3,38.09952990316967,16.462472444842845,52.618537081444586,51.71527063826278,4.458333333333333,850
random_forest,4,0.625,2,random_forest,0.0,nan,1.0,none,none,0,0,34,1040066,74.413,3.5278,0,32.22990838228003,14.146400818906578,49.384810037574994,47.780075444708494,nan,2550
random_forest,4,0.625,2,random_forest,0.0,nan,1.0,none,none,0,0,34,1040066,74.413,3.5278,1,26.64231697809186,12.003843472179245,46.14040275226723,43.892386367378364,2.4166666666666665,850
random_forest,4,0.625,2,random_forest,0.0,nan,1.0,none,none,0,0,34,1040066,74.413,3.5278,2,30.23950112415381,13.763852068185805,49.22284232982859,47.66810692789253,3.875,850
random_forest,4,0.625,2,random_forest,0.0,nan,1.0,none,none,0,0,34,1040066,74.413,3.5278,3,38.627198976778935,16.671506916354684,52.79118503062917,51.77973303885458,3.9583333333333335,850
random_forest,5,0.7,0,random_forest,0.0,nan,1.0,none,none,0,0,34,1180926,86.403,3.7457,0,55.66127001528823,28.603790949694083,53.60649698061756,51.081955290347395,nan,2550
random_forest,5,0.7,0,random_forest,0.0,nan,1.0,none,none,0,0,34,1180926,86.403,3.7457,1,40.52716211562117,21.601410960081747,44.923552012342206,36.7852778081286,1.48,850
random_forest,5,0.7,0,random_forest,0.0,nan,1.0,none,none,0,0,34,1180926,86.403,3.7457,2,55.0448715961941,28.917131025791168,52.89061166574556,48.91303337230773,3.48,850
random_forest,5,0.7,0,random_forest,0.0,nan,1.0,none,none,0,0,34,1180926,86.403,3.7457,3,67.98633819347191,35.29283086320933,63.00532726376492,67.77391032385394,4.0,850
random_forest,5,0.7,1,random_forest,0.0,nan,1.0,none,none,0,0,34,1180234,86.201,3.7862,0,56.06014084716564,28.564325746449768,53.70468733163926,51.32526031771836,nan,2550
random_forest,5,0.7,1,random_forest,0.0,nan,1.0,none,none,0,0,34,1180234,86.201,3.7862,1,40.60843299484055,21.518822905140766,45.062133352505114,37.13844797416246,1.48,850
random_forest,5,0.7,1,random_forest,0.0,nan,1.0,none,none,0,0,34,1180234,86.201,3.7862,2,55.87018486063347,28.993341893553733,52.95258389237999,48.93929571065863,2.48,850
random_forest,5,0.7,1,random_forest,0.0,nan,1.0,none,none,0,0,34,1180234,86.201,3.7862,3,68.24731341785065,35.18081244065481,63.09934475003266,68.12534663740267,4.041666666666667,850
random_forest,5,0.7,2,random_forest,0.0,nan,1.0,none,none,0,0,34,1180230,86.282,3.4306,0,55.569859106705806,28.501845608114028,53.557813287080855,51.03775834241714,nan,2550
random_forest,5,0.7,2,random_forest,0.0,nan,1.0,none,none,0,0,34,1180230,86.282,3.4306,1,40.37252880188034,21.51988499629147,44.88313906752489,36.83349864858274,1.48,850
random_forest,5,0.7,2,random_forest,0.0,nan,1.0,none,none,0,0,34,1180230,86.282,3.4306,2,54.870304635114536,28.84686047932681,52.936287673612824,49.062441806013126,2.56,850
random_forest,5,0.7,2,random_forest,0.0,nan,1.0,none,none,0,0,34,1180230,86.282,3.4306,3,67.99511975729195,35.13879134872381,62.854013120104845,67.44015749898054,4.375,850
random_forest,6,0.775,0,random_forest,0.0,nan,1.0,none,none,0,0,34,1320218,101.302,3.8943,0,11.573566134089173,5.589146857144786,91.22392431350038,83.19357571207077,nan,2550
random_forest,6,0.775,0,random_forest,0.0,nan,1.0,none,none,0,0,34,1320218,101.302,3.8943,1,8.895907332429925,4.5453142196641245,86.94427892204548,67.1116987440668,5.142857142857143,850
random_forest,6,0.775,0,random_forest,0.0,nan,1.0,none,none,0,0,34,1320218,101.302,3.8943,2,11.432106878494498,5.571014949258636,92.03929288686203,83.85117308786604,6.071428571428571,850
random_forest,6,0.775,0,random_forest,0.0,nan,1.0,none,none,0,0,34,1320218,101.302,3.8943,3,13.856841784183931,6.651111402511597,94.6882011315936,98.67179971271231,5.785714285714286,850
random_forest,6,0.775,1,random_forest,0.0,nan,1.0,none,none,0,0,34,1319860,100.739,4.2433,0,11.649151740978786,5.605105391600553,91.14919966654962,82.23415291121282,nan,2550
random_forest,6,0.775,1,random_forest,0.0,nan,1.0,none,none,0,0,34,1319860,100.739,4.2433,1,8.904061944730545,4.497899977109012,86.62021888836071,66.31732255888679,5.142857142857143,850
random_forest,6,0.775,1,random_forest,0.0,nan,1.0,none,none,0,0,34,1319860,100.739,4.2433,2,11.517788231034704,5.603311411282595,91.89162529245569,82.80424683584869,6.071428571428571,850
random_forest,6,0.775,1,random_forest,0.0,nan,1.0,none,none,0,0,34,1319860,100.739,4.2433,3,13.970198423876697,6.714104786410052,94.93575481883244,97.63377931782267,7.5,850
random_forest,6,0.775,2,random_forest,0.0,nan,1.0,none,none,0,0,34,1320248,101.41,4.4519,0,11.66778663810195,5.595520187768281,91.18096016242993,82.20158216428278,nan,2550
random_forest,6,0.775,2,random_forest,0.0,nan,1.0,none,none,0,0,34,1320248,101.41,4.4519,1,8.978146222534079,4.536018233544686,87.00956660047159,66.8423470000695,5.071428571428571,850
random_forest,6,0.775,2,random_forest,0.0,nan,1.0,none,none,0,0,34,1320248,101.41,4.4519,2,11.566082619024144,5.59018037648762,91.86892863479561,82.73199762858798,6.071428571428571,850
random_forest,6,0.775,2,random_forest,0.0,nan,1.0,none,none,0,0,34,1320248,101.41,4.4519,3,13.929478035932137,6.660361953272539,94.66438525202261,97.08131679781201,5.642857142857143,850
random_forest,7,0.85,0,random_forest,0.0,nan,1.0,none,none,0,0,34,1454818,116.403,4.0995,0,76.45452126920907,18.793918672551712,87.92919951339003,274.0088416536297,nan,2550
random_forest,7,0.85,0,random_forest,0.0,nan,1.0,none,none,0,0,34,1454818,116.403,4.0995,1,76.28209325055875,17.785840368270875,85.40165519007171,275.7076829962076,2.56,850
random_forest,7,0.85,0,random_forest,0.0,nan,1.0,none,none,0,0,34,1454818,116.403,4.0995,2,75.91445329199938,18.682878833711147,87.11692117418183,225.74244266377806,3.32,850
random_forest,7,0.85,0,random_forest,0.0,nan,1.0,none,none,0,0,34,1454818,116.403,4.0995,3,77.16164525333636,19.913036815673113,91.26902217591652,320.4518109171745,4.16,850
random_forest,7,0.85,1,random_forest,0.0,nan,1.0,none,none,0,0,34,1455082,117.686,4.7549,0,76.56381128338751,18.82760810440808,87.80560864444779,275.58231996279534,nan,2550
random_forest,7,0.85,1,random_forest,0.0,nan,1.0,none,none,0,0,34,1455082,117.686,4.7549,1,75.78450699644443,17.653163713970606,85.1883708180984,268.96871887592084,2.56,850
random_forest,7,0.85,1,random_forest,0.0,nan,1.0,none,none,0,0,34,1455082,117.686,4.7549,2,76.3101663344921,18.782368595757905,86.91721870647613,224.6468487343994,3.32,850
random_forest,7,0.85,1,random_forest,0.0,nan,1.0,none,none,0,0,34,1455082,117.686,4.7549,3,77.58555669725226,20.047292003495727,91.31123640876882,332.9271317456298,4.16,850
random_forest,7,0.85,2,random_forest,0.0,nan,1.0,none,none,0,0,34,1455290,119.429,3.7974,0,75.94292521046832,18.650040367930835,87.91108113527866,269.12091235923026,nan,2550
random_forest,7,0.85,2,random_forest,0.0,nan,1.0,none,none,0,0,34,1455290,119.429,3.7974,1,75.01115063983514,17.50000754376983,85.64550362479156,262.65173053942357,2.56,850
random_forest,7,0.85,2,random_forest,0.0,nan,1.0,none,none,0,0,34,1455290,119.429,3.7974,2,75.96166905933494,18.6517097599147,86.81352122588784,224.87086959181525,3.32,850
random_forest,7,0.85,2,random_forest,0.0,nan,1.0,none,none,0,0,34,1455290,119.429,3.7974,3,76.84488129977424,19.798403800107977,91.27421855515662,319.65642096311353,4.16,850
random_forest,8,0.925,0,random_forest,0.0,nan,1.0,none,none,0,0,34,1586448,131.482,4.6304,0,25.093895676036865,10.43494814227609,77.9384149324716,81.96045020824553,nan,2550
random_forest,8,0.925,0,random_forest,0.0,nan,1.0,none,none,0,0,34,1586448,131.482,4.6304,1,22.994807867714734,8.970124322474003,73.02204217740896,68.79803196961576,1.5714285714285714,850
random_forest,8,0.925,0,random_forest,0.0,nan,1.0,none,none,0,0,34,1586448,131.482,4.6304,2,25.20141988287828,10.484084508436567,78.5536861742459,81.92337197220849,3.0476190476190474,850
random_forest,8,0.925,0,random_forest,0.0,nan,1.0,none,none,0,0,34,1586448,131.482,4.6304,3,26.930244106082977,11.850635595917701,82.23951644575995,95.07025508304666,4.476190476190476,850
random_forest,8,0.925,1,random_forest,0.0,nan,1.0,none,none,0,0,34,1586938,133.238,4.5777,0,25.237399032194052,10.446562639112566,78.09761475623756,82.46999223297718,nan,2550
random_forest,8,0.925,1,random_forest,0.0,nan,1.0,none,none,0,0,34,1586938,133.238,4.5777,1,23.116550362297087,8.983822171600426,73.0483479928022,69.06770402646008,1.5714285714285714,850
random_forest,8,0.925,1,random_forest,0.0,nan,1.0,none,none,0,0,34,1586938,133.238,4.5777,2,25.286653791386286,10.481605082171805,78.84657045729051,82.46712294475941,2.1904761904761907,850
random_forest,8,0.925,1,random_forest,0.0,nan,1.0,none,none,0,0,34,1586938,133.238,4.5777,3,27.14754443982954,11.874260663565467,82.39792581861997,95.78396598771582,4.0476190476190474,850
random_forest,8,0.925,2,random_forest,0.0,nan,1.0,none,none,0,0,34,1586354,134.136,4.9788,0,25.027344089034546,10.451324417707967,78.21225516959441,81.94320328206257,nan,2550
random_forest,8,0.925,2,random_forest,0.0,nan,1.0,none,none,0,0,34,1586354,134.136,4.9788,1,23.06896017378955,9.038245913456468,73.2582149648499,69.0940272341047,1.5238095238095237,850
random_forest,8,0.925,2,random_forest,0.0,nan,1.0,none,none,0,0,34,1586354,134.136,4.9788,2,25.019258380572875,10.446872915397671,78.78078494609326,81.62433175519256,2.3333333333333335,850
random_forest,8,0.925,2,random_forest,0.0,nan,1.0,none,none,0,0,34,1586354,134.136,4.9788,3,26.85076615366948,11.86885442426976,82.5977655978401,95.02253997958377,3.9523809523809526,850
ridge,1,0.4,0,ridge,0.0,nan,1.0,none,none,0,0,34,102,4.588,0.0112,0,141.23054143841884,50.793536866901846,63.09777356767425,60.01939690358241,nan,2550
ridge,1,0.4,0,ridge,0.0,nan,1.0,none,none,0,0,34,102,4.588,0.0112,1,107.04892907424666,38.97176190143643,56.17903827079412,55.07938319199476,3.6,850
ridge,1,0.4,0,ridge,0.0,nan,1.0,none,none,0,0,34,102,4.588,0.0112,2,134.87265949787349,49.23923173540765,62.27551608907679,60.49504847295005,5.36,850
ridge,1,0.4,0,ridge,0.0,nan,1.0,none,none,0,0,34,102,4.588,0.0112,3,173.74720144219418,64.16961696386146,70.83876634315187,64.44367060411801,7.84,850
ridge,2,0.475,0,ridge,0.0,nan,1.0,none,none,0,0,34,102,4.573,0.013,0,1959.7190079266222,173.18834149191667,53.44749020930155,79.981129816985,nan,2550
ridge,2,0.475,0,ridge,0.0,nan,1.0,none,none,0,0,34,102,4.573,0.013,1,2799.137609227467,226.17040356570308,47.18529029005048,71.5294570151428,2.4,850
ridge,2,0.475,0,ridge,0.0,nan,1.0,none,none,0,0,34,102,4.573,0.013,2,1684.9850027675986,170.3296404629617,53.43691876309515,81.75736628586426,3.48,850
ridge,2,0.475,0,ridge,0.0,nan,1.0,none,none,0,0,34,102,4.573,0.013,3,920.4074940716927,123.06498044708523,59.720261574759014,86.65656614994798,4.72,850
ridge,3,0.55,0,ridge,0.0,nan,1.0,none,none,0,0,34,102,4.671,0.0205,0,24.50512483511455,12.999407974705123,56.05257152234992,67.11690837960485,nan,2550
ridge,3,0.55,0,ridge,0.0,nan,1.0,none,none,0,0,34,102,4.671,0.0205,1,18.386303381766098,10.099904542150702,49.989554412410605,57.61712691672556,1.7083333333333333,850
ridge,3,0.55,0,ridge,0.0,nan,1.0,none,none,0,0,34,102,4.671,0.0205,2,24.545810370528024,13.10270121185657,56.803123149444446,68.80936937223477,3.375,850
ridge,3,0.55,0,ridge,0.0,nan,1.0,none,none,0,0,34,102,4.671,0.0205,3,29.341957514136293,15.795618170108098,61.3650370051947,74.94515642172016,4.208333333333333,850
ridge,4,0.625,0,ridge,0.0,nan,1.0,none,none,0,0,34,102,4.631,0.0222,0,32.32317638105652,14.49403244123027,51.51710982666171,54.434193448426704,nan,2550
ridge,4,0.625,0,ridge,0.0,nan,1.0,none,none,0,0,34,102,4.631,0.0222,1,27.073895463566082,12.557529611374417,49.479680976461154,53.116454100684805,5.25,850
ridge,4,0.625,0,ridge,0.0,nan,1.0,none,none,0,0,34,102,4.631,0.0222,2,31.15065739673926,14.07381850991453,50.53772891195485,54.26130638460145,3.9166666666666665,850
ridge,4,0.625,0,ridge,0.0,nan,1.0,none,none,0,0,34,102,4.631,0.0222,3,37.82861248131552,16.85074920240187,54.53391959156912,55.92481985999387,5.75,850
ridge,5,0.7,0,ridge,0.0,nan,1.0,none,none,0,0,34,102,4.543,0.0176,0,61.299794262648625,30.436466100200114,49.66867606133312,57.76926384864532,nan,2550
ridge,5,0.7,0,ridge,0.0,nan,1.0,none,none,0,0,34,102,4.543,0.0176,1,48.58509894451753,24.09202571452157,42.114310927119305,41.59605160414154,2.08,850
ridge,5,0.7,0,ridge,0.0,nan,1.0,none,none,0,0,34,102,4.543,0.0176,2,59.6822748399756,29.915027298831983,48.81996282447553,53.74726805371277,2.4,850
ridge,5,0.7,0,ridge,0.0,nan,1.0,none,none,0,0,34,102,4.543,0.0176,3,73.14717055639407,37.302345287246794,58.07175443240452,78.23861183282422,4.375,850
ridge,6,0.775,0,ridge,0.0,nan,1.0,none,none,0,0,34,102,4.492,0.0209,0,10.722912545771784,5.425546255870083,89.38271928785674,88.11876517513404,nan,2550
ridge,6,0.775,0,ridge,0.0,nan,1.0,none,none,0,0,34,102,4.492,0.0209,1,8.54393775606405,4.513913362273563,86.8751719381269,72.9741045443833,6.285714285714286,850
ridge,6,0.775,0,ridge,0.0,nan,1.0,none,none,0,0,34,102,4.492,0.0209,2,10.57644227532838,5.3870885663202905,88.29073494387161,88.41237114852156,5.5,850
ridge,6,0.775,0,ridge,0.0,nan,1.0,none,none,0,0,34,102,4.492,0.0209,3,12.652373564274791,6.375636839016395,92.98225098157168,103.01860083273763,4.571428571428571,850
ridge,7,0.85,0,ridge,0.0,nan,1.0,none,none,0,0,34,102,4.451,0.019,0,71.46390729305008,18.156274268172783,95.42595616419082,229.11487026367055,nan,2550
ridge,7,0.85,0,ridge,0.0,nan,1.0,none,none,0,0,34,102,4.451,0.019,1,69.78438154159565,16.709504354591072,95.06701253482626,222.98833122782295,2.6,850
ridge,7,0.85,0,ridge,0.0,nan,1.0,none,none,0,0,34,102,4.451,0.019,2,71.43475570348046,18.10997777368312,94.83228571595834,198.1243871448017,3.36,850
ridge,7,0.85,0,ridge,0.0,nan,1.0,none,none,0,0,34,102,4.451,0.019,3,73.13334333400903,19.649340676244158,96.3785702417879,266.08941016665125,3.92,850
ridge,8,0.925,0,ridge,0.0,nan,1.0,none,none,0,0,34,102,4.417,0.0179,0,25.21934200463986,10.698200207851762,78.13198719132836,93.20424570235258,nan,2550
ridge,8,0.925,0,ridge,0.0,nan,1.0,none,none,0,0,34,102,4.417,0.0179,1,22.858592959472563,9.136932285447358,73.59951092976853,79.3704589052777,3.0952380952380953,850
ridge,8,0.925,0,ridge,0.0,nan,1.0,none,none,0,0,34,102,4.417,0.0179,2,25.025595635718425,10.521092902591233,77.46925982956661,92.70699166088686,3.761904761904762,850
ridge,8,0.925,0,ridge,0.0,nan,1.0,none,none,0,0,34,102,4.417,0.0179,3,27.55449009565663,12.436575435516698,83.32719081464994,107.43914953938332,5.0,850
seasonal_naive,1,0.4,0,seasonal_naive,0.0,nan,1.0,none,none,0,0,34,0,0.0,0.0,0,177.2086827864311,75.91098039215686,120.82843884982996,76.0446716182122,nan,2550
seasonal_naive,1,0.4,0,seasonal_naive,0.0,nan,1.0,none,none,0,0,34,0,0.0,0.0,1,155.88593869349776,68.38117647058823,118.4217687929464,75.24830395748585,9.76,850
seasonal_naive,1,0.4,0,seasonal_naive,0.0,nan,1.0,none,none,0,0,34,0,0.0,0.0,2,171.64675765002002,74.22117647058823,121.1439635427246,76.27451062018605,10.24,850
seasonal_naive,1,0.4,0,seasonal_naive,0.0,nan,1.0,none,none,0,0,34,0,0.0,0.0,3,201.11120423931692,85.13058823529411,122.91958421381896,76.60529331611927,12.28,850
seasonal_naive,2,0.475,0,seasonal_naive,0.0,nan,1.0,none,none,0,0,34,0,0.0,0.0,0,249.46272934715785,101.22117647058823,117.23678291232171,115.85573578928599,nan,2550
seasonal_naive,2,0.475,0,seasonal_naive,0.0,nan,1.0,none,none,0,0,34,0,0.0,0.0,1,262.9940236404398,107.9364705882353,120.28113394343076,107.99434895187696,17.32,850
seasonal_naive,2,0.475,0,seasonal_naive,0.0,nan,1.0,none,none,0,0,34,0,0.0,0.0,2,253.39760433428123,103.02823529411765,117.28371919513529,117.50865087172815,17.32,850
seasonal_naive,2,0.475,0,seasonal_naive,0.0,nan,1.0,none,none,0,0,34,0,0.0,0.0,3,230.90854823297215,92.69882352941177,114.14549559839904,122.06420754425278,16.48,850
seasonal_naive,3,0.55,0,seasonal_naive,0.0,nan,1.0,none,none,0,0,34,0,0.0,0.0,0,282.5617399131473,130.05607843137255,115.73946948089461,573.1937875440138,nan,2550
seasonal_naive,3,0.55,0,seasonal_naive,0.0,nan,1.0,none,none,0,0,34,0,0.0,0.0,1,282.7614396708043,130.22,115.60993185893345,577.3604714425303,5.166666666666667,850
seasonal_naive,3,0.55,0,seasonal_naive,0.0,nan,1.0,none,none,0,0,34,0,0.0,0.0,2,282.46179335599066,129.82235294117646,115.55667401458443,570.7890597665727,5.416666666666667,850
seasonal_naive,3,0.55,0,seasonal_naive,0.0,nan,1.0,none,none,0,0,34,0,0.0,0.0,3,282.4618808222572,130.12588235294118,116.05180256916594,571.4246625716452,5.416666666666667,850
seasonal_naive,4,0.625,0,seasonal_naive,0.0,nan,1.0,none,none,0,0,34,0,0.0,0.0,0,53.93601874116274,29.862745098039216,74.62683587404804,135.1510783175275,nan,2550
seasonal_naive,4,0.625,0,seasonal_naive,0.0,nan,1.0,none,none,0,0,34,0,0.0,0.0,1,53.196207295146856,29.507058823529412,74.5060880921353,134.672705739151,19.625,850
seasonal_naive,4,0.625,0,seasonal_naive,0.0,nan,1.0,none,none,0,0,34,0,0.0,0.0,2,54.19718898723113,30.05529411764706,74.78318616025358,136.74325998105564,17.875,850
seasonal_naive,4,0.625,0,seasonal_naive,0.0,nan,1.0,none,none,0,0,34,0,0.0,0.0,3,54.406898351544484,30.025882352941178,74.59123336975529,134.03726923237576,16.708333333333332,850
seasonal_naive,5,0.7,0,seasonal_naive,0.0,nan,1.0,none,none,0,0,34,0,0.0,0.0,0,131.06292755921547,66.9356862745098,101.03355045086629,87.47812340849592,nan,2550
seasonal_naive,5,0.7,0,seasonal_naive,0.0,nan,1.0,none,none,0,0,34,0,0.0,0.0,1,131.44048530217236,67.54941176470588,99.93800303631063,83.37875797854062,16.36,850
seasonal_naive,5,0.7,0,seasonal_naive,0.0,nan,1.0,none,none,0,0,34,0,0.0,0.0,2,131.00308483121347,66.82470588235294,100.48678534767792,84.27620223458632,16.84,850
seasonal_naive,5,0.7,0,seasonal_naive,0.0,nan,1.0,none,none,0,0,34,0,0.0,0.0,3,130.74426767323973,66.43294117647059,102.6758629686103,94.87404549289184,13.916666666666666,850
seasonal_naive,6,0.775,0,seasonal_naive,0.0,nan,1.0,none,none,0,0,34,0,0.0,0.0,0,122.79210391679803,57.36745098039216,130.81931485528284,1064.9952439215267,nan,2550
seasonal_naive,6,0.775,0,seasonal_naive,0.0,nan,1.0,none,none,0,0,34,0,0.0,0.0,1,115.09067013855282,53.54235294117647,129.15256555367557,952.3930520123155,17.071428571428573,850
seasonal_naive,6,0.775,0,seasonal_naive,0.0,nan,1.0,none,none,0,0,34,0,0.0,0.0,2,122.04188769820458,57.06235294117647,131.33057595615338,1070.8143226934928,16.142857142857142,850
seasonal_naive,6,0.775,0,seasonal_naive,0.0,nan,1.0,none,none,0,0,34,0,0.0,0.0,3,130.74256249232238,61.49764705882353,131.97480305601965,1172.1635984524248,17.071428571428573,850
seasonal_naive,7,0.85,0,seasonal_naive,0.0,nan,1.0,none,none,0,0,34,0,0.0,0.0,0,134.38157699362705,58.25450980392157,130.8151620980285,1123.8684842131725,nan,2550
seasonal_naive,7,0.85,0,seasonal_naive,0.0,nan,1.0,none,none,0,0,34,0,0.0,0.0,1,140.96377089834945,62.10235294117647,133.23036304884855,1240.0188310526576,9.4,850
seasonal_naive,7,0.85,0,seasonal_naive,0.0,nan,1.0,none,none,0,0,34,0,0.0,0.0,2,135.1073647141413,58.64941176470588,130.93626075801814,1124.7449510368263,9.4,850
seasonal_naive,7,0.85,0,seasonal_naive,0.0,nan,1.0,none,none,0,0,34,0,0.0,0.0,3,126.69033112278143,54.01176470588236,128.27886248721887,1007.8498307443832,8.88,850
seasonal_naive,8,0.925,0,seasonal_naive,0.0,nan,1.0,none,none,0,0,34,0,0.0,0.0,0,73.93118421883962,25.81686274509804,115.2135368438919,218.7049306298677,nan,2550
seasonal_naive,8,0.925,0,seasonal_naive,0.0,nan,1.0,none,none,0,0,34,0,0.0,0.0,1,74.14451707149158,25.985882352941175,115.55686284171067,219.66975099945208,7.333333333333333,850
seasonal_naive,8,0.925,0,seasonal_naive,0.0,nan,1.0,none,none,0,0,34,0,0.0,0.0,2,73.91841289358074,25.76235294117647,114.65083361677367,218.5522072938474,7.285714285714286,850
seasonal_naive,8,0.925,0,seasonal_naive,0.0,nan,1.0,none,none,0,0,34,0,0.0,0.0,3,73.73004017040417,25.70235294117647,115.43291407319136,217.89877363962313,6.333333333333333,850
xgboost,1,0.4,0,xgboost,0.0,nan,1.0,none,none,0,0,34,66926,8.695,0.8329,0,102.81454995094202,41.73815301345844,61.612964174068395,53.43403765721384,nan,2550
xgboost,1,0.4,0,xgboost,0.0,nan,1.0,none,none,0,0,34,66926,8.695,0.8329,1,64.74892406862352,29.133113792188027,54.129340888220824,49.36157441737979,3.64,850
xgboost,1,0.4,0,xgboost,0.0,nan,1.0,none,none,0,0,34,66926,8.695,0.8329,2,92.62931609976586,40.669009334935865,62.22123646430777,55.08643273911363,4.92,850
xgboost,1,0.4,0,xgboost,0.0,nan,1.0,none,none,0,0,34,66926,8.695,0.8329,3,137.62224266334832,55.412335913251425,68.48831516967657,55.82562932490246,5.16,850
xgboost,1,0.4,1,xgboost,0.0,nan,1.0,none,none,0,0,34,67004,8.587,0.8685,0,101.54524421017237,41.27935479387349,60.871668893019844,52.820013743896595,nan,2550
xgboost,1,0.4,1,xgboost,0.0,nan,1.0,none,none,0,0,34,67004,8.587,0.8685,1,65.63226156439391,29.433660051472046,53.71239130359145,48.65624170801072,3.0,850
xgboost,1,0.4,1,xgboost,0.0,nan,1.0,none,none,0,0,34,67004,8.587,0.8685,2,89.63754247756967,39.59753731103505,60.88396144835918,53.80540917146984,4.48,850
xgboost,1,0.4,1,xgboost,0.0,nan,1.0,none,none,0,0,34,67004,8.587,0.8685,3,136.35185031980868,54.80686701911337,68.0186539271089,55.96672140666089,6.2,850
xgboost,1,0.4,2,xgboost,0.0,nan,1.0,none,none,0,0,34,67158,8.693,0.9393,0,102.02450789531676,41.19652628156484,61.37903066018055,52.89524271340469,nan,2550
xgboost,1,0.4,2,xgboost,0.0,nan,1.0,none,none,0,0,34,67158,8.693,0.9393,1,61.7271760957873,28.085299361418276,53.806801888008984,48.70672180307288,2.68,850
xgboost,1,0.4,2,xgboost,0.0,nan,1.0,none,none,0,0,34,67158,8.693,0.9393,2,90.84510292738544,39.56504051271607,61.168119781674946,53.827282155966884,3.52,850
xgboost,1,0.4,2,xgboost,0.0,nan,1.0,none,none,0,0,34,67158,8.693,0.9393,3,138.43382404310395,55.93923897056018,69.16217031085773,56.11965220046737,6.6,850
xgboost,2,0.475,0,xgboost,0.0,nan,1.0,none,none,0,0,34,67584,9.326,0.836,0,134.87711256560917,46.58256143067982,45.89908225989487,49.83818795509951,nan,2550
xgboost,2,0.475,0,xgboost,0.0,nan,1.0,none,none,0,0,34,67584,9.326,0.836,1,97.02369433587772,36.567947980393384,39.8734144131548,40.97112284403967,2.48,850
xgboost,2,0.475,0,xgboost,0.0,nan,1.0,none,none,0,0,34,67584,9.326,0.836,2,141.66850672609047,48.56717362936805,45.40688511275122,48.17596160658805,2.6,850
xgboost,2,0.475,0,xgboost,0.0,nan,1.0,none,none,0,0,34,67584,9.326,0.836,3,158.4043668006847,54.61256268227802,52.4169472537786,60.36747941467081,3.4,850
xgboost,2,0.475,1,xgboost,0.0,nan,1.0,none,none,0,0,34,67792,9.376,0.7587,0,132.24543879521977,46.1565308449432,45.803929966694305,49.99301571915559,nan,2550
xgboost,2,0.475,1,xgboost,0.0,nan,1.0,none,none,0,0,34,67792,9.376,0.7587,1,103.61965894209908,37.30853205063764,39.481472710316076,40.62717928427393,3.32,850
xgboost,2,0.475,1,xgboost,0.0,nan,1.0,none,none,0,0,34,67792,9.376,0.7587,2,134.26042634193638,46.3287200436522,45.617794256968544,48.90500282744525,3.48,850
xgboost,2,0.475,1,xgboost,0.0,nan,1.0,none,none,0,0,34,67792,9.376,0.7587,3,153.959970270279,54.83234044053975,52.31252293279828,60.446865045747565,4.16,850
xgboost,2,0.475,2,xgboost,0.0,nan,1.0,none,none,0,0,34,67502,9.593,0.9709,0,128.2026717689505,45.35812217923648,45.86725595760288,50.06951858912686,nan,2550
xgboost,2,0.475,2,xgboost,0.0,nan,1.0,none,none,0,0,34,67502,9.593,0.9709,1,100.02517683523433,35.80957359214916,39.14878011977264,40.338421025189895,3.88,850
xgboost,2,0.475,2,xgboost,0.0,nan,1.0,none,none,0,0,34,67502,9.593,0.9709,2,125.33052463625803,45.481077462785386,45.59443177536791,48.70874992774405,3.32,850
xgboost,2,0.475,2,xgboost,0.0,nan,1.0,none,none,0,0,34,67502,9.593,0.9709,3,153.6066363786805,54.7837154827749,52.8585559776681,61.16138481444665,3.68,850
xgboost,3,0.55,0,xgboost,0.0,nan,1.0,none,none,0,0,34,69022,10.007,0.8489,0,25.038011655791276,13.064842106989202,54.29717677726998,58.11820493797977,nan,2550
xgboost,3,0.55,0,xgboost,0.0,nan,1.0,none,none,0,0,34,69022,10.007,0.8489,1,18.184224180856898,10.023200000910197,47.98008156476278,50.97738871959265,2.9166666666666665,850
xgboost,3,0.55,0,xgboost,0.0,nan,1.0,none,none,0,0,34,69022,10.007,0.8489,2,22.942207166948386,12.839341403684195,54.13513314305223,57.09886822133995,4.583333333333333,850
xgboost,3,0.55,0,xgboost,0.0,nan,1.0,none,none,0,0,34,69022,10.007,0.8489,3,31.995237212369297,16.331984916373212,60.77631562399494,66.2968596494921,4.583333333333333,850
xgboost,3,0.55,1,xgboost,0.0,nan,1.0,none,none,0,0,34,69324,10.008,0.9614,0,24.607958166935575,12.991641125600127,54.20218541463932,58.281382927503856,nan,2550
xgboost,3,0.55,1,xgboost,0.0,nan,1.0,none,none,0,0,34,69324,10.008,0.9614,1,17.854056668931914,9.945763185418704,47.90994455435122,50.45352320506795,3.1666666666666665,850
xgboost,3,0.55,1,xgboost,0.0,nan,1.0,none,none,0,0,34,69324,10.008,0.9614,2,23.935874456909787,13.138498489786597,54.74221909923246,58.23978352107437,4.833333333333333,850
xgboost,3,0.55,1,xgboost,0.0,nan,1.0,none,none,0,0,34,69324,10.008,0.9614,3,30.413177898446833,15.890661701595082,59.95439259033428,66.16982309488353,4.875,850
xgboost,3,0.55,2,xgboost,0.0,nan,1.0,none,none,0,0,34,68932,9.895,0.9227,0,24.97737247453831,13.104921865819716,54.264402474592174,58.71414924268381,nan,2550
xgboost,3,0.55,2,xgboost,0.0,nan,1.0,none,none,0,0,34,68932,9.895,0.9227,1,17.828217333652915,9.851532157256322,47.622307794831976,50.79148086515699,3.0416666666666665,850
xgboost,3,0.55,2,xgboost,0.0,nan,1.0,none,none,0,0,34,68932,9.895,0.9227,2,24.516283658044994,13.219703022662332,54.76716862693743,58.31936658145287,4.708333333333333,850
xgboost,3,0.55,2,xgboost,0.0,nan,1.0,none,none,0,0,34,68932,9.895,0.9227,3,30.86606404285758,16.243530417540494,60.403731002007135,67.0512376688857,4.375,850
xgboost,4,0.625,0,xgboost,0.0,nan,1.0,none,none,0,0,34,69258,10.291,0.8779,0,32.094562763338566,14.255947966590963,49.75715302365049,48.81234808134247,nan,2550
xgboost,4,0.625,0,xgboost,0.0,nan,1.0,none,none,0,0,34,69258,10.291,0.8779,1,26.70124756607059,12.091030889293727,46.24038727087457,45.044475602100434,4.791666666666667,850
xgboost,4,0.625,0,xgboost,0.0,nan,1.0,none,none,0,0,34,69258,10.291,0.8779,2,29.006426423489575,13.304184038571137,49.18327151285666,47.68202930593966,2.625,850
xgboost,4,0.625,0,xgboost,0.0,nan,1.0,none,none,0,0,34,69258,10.291,0.8779,3,39.18996659176593,17.37262897190802,53.847800287220224,53.71053933598733,4.291666666666667,850
xgboost,4,0.625,1,xgboost,0.0,nan,1.0,none,none,0,0,34,69216,10.35,0.8828,0,32.75718349368816,14.530571437432778,50.17456811541386,48.9451158588574,nan,2550
xgboost,4,0.625,1,xgboost,0.0,nan,1.0,none,none,0,0,34,69216,10.35,0.8828,1,28.409898562924816,12.517187759139958,46.70400074285774,46.0364278061884,4.208333333333333,850
xgboost,4,0.625,1,xgboost,0.0,nan,1.0,none,none,0,0,34,69216,10.35,0.8828,2,30.072180730628514,13.848657088980955,49.65568488535938,47.9056911703511,4.0,850
xgboost,4,0.625,1,xgboost,0.0,nan,1.0,none,none,0,0,34,69216,10.35,0.8828,3,38.82835073842572,17.225869464177418,54.16401871802449,52.89322860003269,3.5,850
xgboost,4,0.625,2,xgboost,0.0,nan,1.0,none,none,0,0,34,69332,10.442,0.8673,0,32.71139467998026,14.625099475143806,49.770300355360625,49.05108871886295,nan,2550
xgboost,4,0.625,2,xgboost,0.0,nan,1.0,none,none,0,0,34,69332,10.442,0.8673,1,27.97102684896511,12.538534920794122,46.15317363521604,45.64223335219942,4.083333333333333,850
xgboost,4,0.625,2,xgboost,0.0,nan,1.0,none,none,0,0,34,69332,10.442,0.8673,2,30.69351464752499,14.173868637785096,49.92258110935771,48.4410458101487,3.75,850
xgboost,4,0.625,2,xgboost,0.0,nan,1.0,none,none,0,0,34,69332,10.442,0.8673,3,38.543946883070554,17.1628948668522,53.23514632150812,53.069986994240736,3.875,850
xgboost,5,0.7,0,xgboost,0.0,nan,1.0,none,none,0,0,34,69912,10.676,0.9579,0,59.516599991406686,29.59686718366602,54.81440540588426,52.52806069083873,nan,2550
xgboost,5,0.7,0,xgboost,0.0,nan,1.0,none,none,0,0,34,69912,10.676,0.9579,1,43.932615241156164,22.77210858580821,46.60942682169335,38.64827685626186,2.6,850
xgboost,5,0.7,0,xgboost,0.0,nan,1.0,none,none,0,0,34,69912,10.676,0.9579,2,58.292682870126875,29.497862387720275,54.06824274169581,50.09719311733719,3.28,850
xgboost,5,0.7,0,xgboost,0.0,nan,1.0,none,none,0,0,34,69912,10.676,0.9579,3,72.79124580254609,36.520630577469575,63.76554665426358,69.06221457054565,4.375,850
xgboost,5,0.7,1,xgboost,0.0,nan,1.0,none,none,0,0,34,69614,10.643,0.8912,0,59.51796787040928,29.532260548873055,54.82684157771393,52.796224816377205,nan,2550
xgboost,5,0.7,1,xgboost,0.0,nan,1.0,none,none,0,0,34,69614,10.643,0.8912,1,43.34579771922674,22.838521778014872,46.51161178455973,38.47147274801798,1.6,850
xgboost,5,0.7,1,xgboost,0.0,nan,1.0,none,none,0,0,34,69614,10.643,0.8912,2,58.324404853314974,29.324376682200853,53.88026844334951,49.68613626550416,3.08,850
xgboost,5,0.7,1,xgboost,0.0,nan,1.0,none,none,0,0,34,69614,10.643,0.8912,3,73.12025107218723,36.43388318640344,64.08864450523254,70.46866219580127,3.6666666666666665,850
xgboost,5,0.7,2,xgboost,0.0,nan,1.0,none,none,0,0,34,69778,10.886,0.9681,0,59.430801105478814,29.535424462025073,54.811459198061286,52.69576815529281,nan,2550
xgboost,5,0.7,2,xgboost,0.0,nan,1.0,none,none,0,0,34,69778,10.886,0.9681,1,44.64500973636888,23.079055414480322,46.68197816287824,38.71778718653072,2.48,850
xgboost,5,0.7,2,xgboost,0.0,nan,1.0,none,none,0,0,34,69778,10.886,0.9681,2,59.03820946225578,29.61717006807818,54.318505505306945,50.58581069968756,3.84,850
xgboost,5,0.7,2,xgboost,0.0,nan,1.0,none,none,0,0,34,69778,10.886,0.9681,3,71.53581822588797,35.91004790351671,63.43389392599865,69.0048940415767,4.083333333333333,850
xgboost,6,0.775,0,xgboost,0.0,nan,1.0,none,none,0,0,34,69590,11.31,0.9541,0,12.511830448756264,5.923679733000623,92.11939069844249,88.31672068132099,nan,2550
xgboost,6,0.775,0,xgboost,0.0,nan,1.0,none,none,0,0,34,69590,11.31,0.9541,1,9.238395507283222,4.767603579934906,87.32054916206134,70.36837415373068,8.571428571428571,850
xgboost,6,0.775,0,xgboost,0.0,nan,1.0,none,none,0,0,34,69590,11.31,0.9541,2,12.087576133844205,5.883878187972176,93.3905395733335,88.50501073521991,5.714285714285714,850
xgboost,6,0.775,0,xgboost,0.0,nan,1.0,none,none,0,0,34,69590,11.31,0.9541,3,15.433089619217608,7.119557431094787,95.64708335993264,106.13359863295156,6.928571428571429,850
xgboost,6,0.775,1,xgboost,0.0,nan,1.0,none,none,0,0,34,69654,11.575,1.0051,0,12.433428703978652,5.8703241220759415,91.90503471846526,87.67471017867763,nan,2550
xgboost,6,0.775,1,xgboost,0.0,nan,1.0,none,none,0,0,34,69654,11.575,1.0051,1,8.916847293417486,4.680535743306665,87.17141773094622,70.10147221307248,8.571428571428571,850
xgboost,6,0.775,1,xgboost,0.0,nan,1.0,none,none,0,0,34,69654,11.575,1.0051,2,12.287081000664452,5.863715143116082,93.08852963533191,88.58881294493852,6.571428571428571,850
xgboost,6,0.775,1,xgboost,0.0,nan,1.0,none,none,0,0,34,69654,11.575,1.0051,3,15.273765836876795,7.066721479805077,95.45515678911767,104.39400489274475,7.857142857142857,850
xgboost,6,0.775,2,xgboost,0.0,nan,1.0,none,none,0,0,34,69546,11.753,0.9654,0,12.114058323176188,5.834235679413758,91.96498347626239,87.68064128810987,nan,2550
xgboost,6,0.775,2,xgboost,0.0,nan,1.0,none,none,0,0,34,69546,11.753,0.9654,1,9.095779255917174,4.662520054508658,86.87501874941545,70.11026341071555,6.642857142857143,850
xgboost,6,0.775,2,xgboost,0.0,nan,1.0,none,none,0,0,34,69546,11.753,0.9654,2,11.995625412162426,5.849131816371399,93.16324731078197,88.00530240958034,6.071428571428571,850
xgboost,6,0.775,2,xgboost,0.0,nan,1.0,none,none,0,0,34,69546,11.753,0.9654,3,14.615847490674383,6.991055167361218,95.85668436858971,104.98285323820531,6.857142857142857,850
xgboost,7,0.85,0,xgboost,0.0,nan,1.0,none,none,0,0,34,69712,11.887,0.9519,0,70.95336484667219,17.30012609287658,89.02328228137813,197.6290958927505,nan,2550
xgboost,7,0.85,0,xgboost,0.0,nan,1.0,none,none,0,0,34,69712,11.887,0.9519,1,71.1573520725204,16.28302186802468,86.58029624524218,196.27763436774032,2.56,850
xgboost,7,0.85,0,xgboost,0.0,nan,1.0,none,none,0,0,34,69712,11.887,0.9519,2,71.86184388618518,17.910876283593037,88.67418709874072,196.35488820834834,3.32,850
xgboost,7,0.85,0,xgboost,0.0,nan,1.0,none,none,0,0,34,69712,11.887,0.9519,3,69.82583038174236,17.70648012701203,91.81536350015152,200.23938676952372,3.88,850
xgboost,7,0.85,1,xgboost,0.0,nan,1.0,none,none,0,0,34,69892,12.081,0.9706,0,71.2469596566604,17.407883485780626,88.70535536022273,195.81599341988084,nan,2550
xgboost,7,0.85,1,xgboost,0.0,nan,1.0,none,none,0,0,34,69892,12.081,0.9706,1,71.34760842227301,16.38937608895933,85.3383191759643,198.36108204022233,2.56,850
xgboost,7,0.85,1,xgboost,0.0,nan,1.0,none,none,0,0,34,69892,12.081,0.9706,2,71.8206075505435,17.793481823460144,88.5916862357725,186.86890837934936,3.32,850
xgboost,7,0.85,1,xgboost,0.0,nan,1.0,none,none,0,0,34,69892,12.081,0.9706,3,70.56703822923413,18.040792544922407,92.18606066893138,202.21420392613285,4.08,850
xgboost,7,0.85,2,xgboost,0.0,nan,1.0,none,none,0,0,34,69706,12.305,0.9795,0,71.14999635613472,17.305726787192636,88.67028949401163,196.77303261210156,nan,2550
xgboost,7,0.85,2,xgboost,0.0,nan,1.0,none,none,0,0,34,69706,12.305,0.9795,1,71.20724911663358,16.34037119020434,85.99384050255094,201.26192655182987,2.56,850
xgboost,7,0.85,2,xgboost,0.0,nan,1.0,none,none,0,0,34,69706,12.305,0.9795,2,72.4212632800139,17.92028210300733,88.32032389489153,190.23663930757792,3.32,850
xgboost,7,0.85,2,xgboost,0.0,nan,1.0,none,none,0,0,34,69706,12.305,0.9795,3,69.7972366401604,17.65652706836624,91.69670408459241,198.84053280955095,4.08,850
xgboost,8,0.925,0,xgboost,0.0,nan,1.0,none,none,0,0,34,70474,12.313,0.9023,0,25.094473882771275,10.608379588051534,80.01951774269969,85.72476452883984,nan,2550
xgboost,8,0.925,0,xgboost,0.0,nan,1.0,none,none,0,0,34,70474,12.313,0.9023,1,23.33514736975418,9.303635535638998,75.38257100189809,72.21005613537207,1.5238095238095237,850
xgboost,8,0.925,0,xgboost,0.0,nan,1.0,none,none,0,0,34,70474,12.313,0.9023,2,25.084551995869603,10.45610983095625,80.12128165488114,85.42717440782937,3.5714285714285716,850
xgboost,8,0.925,0,xgboost,0.0,nan,1.0,none,none,0,0,34,70474,12.313,0.9023,3,26.747598149322457,12.065393397559356,84.55470057131983,99.44391159797058,5.9523809523809526,850
xgboost,8,0.925,1,xgboost,0.0,nan,1.0,none,none,0,0,34,70202,12.233,0.9336,0,25.14598863586869,10.641469163160004,80.15401834359884,85.52475507860143,nan,2550
xgboost,8,0.925,1,xgboost,0.0,nan,1.0,none,none,0,0,34,70202,12.233,0.9336,1,23.328967114410037,9.339224314637043,75.69609526287955,72.64741576656604,1.619047619047619,850
xgboost,8,0.925,1,xgboost,0.0,nan,1.0,none,none,0,0,34,70202,12.233,0.9336,2,25.3537525840746,10.521868369368946,80.09844904410377,84.31724361301914,3.0952380952380953,850
xgboost,8,0.925,1,xgboost,0.0,nan,1.0,none,none,0,0,34,70202,12.233,0.9336,3,26.644112984034905,12.063314805474024,84.66751072381318,99.51707629029133,6.0476190476190474,850
xgboost,8,0.925,2,xgboost,0.0,nan,1.0,none,none,0,0,34,70064,11.774,0.9,0,24.905816480824228,10.620535961919483,79.94516771654494,85.35506175886279,nan,2550
xgboost,8,0.925,2,xgboost,0.0,nan,1.0,none,none,0,0,34,70064,11.774,0.9,1,22.926671085253396,9.313990591449992,75.3559162902466,72.38902436442824,1.5238095238095237,850
xgboost,8,0.925,2,xgboost,0.0,nan,1.0,none,none,0,0,34,70064,11.774,0.9,2,25.416201767440494,10.531802050800009,79.82230224555039,85.20207122459598,3.142857142857143,850
xgboost,8,0.925,2,xgboost,0.0,nan,1.0,none,none,0,0,34,70064,11.774,0.9,3,26.25420965092737,12.015815243508447,84.65728461383783,98.38526090038731,6.095238095238095,850
