label,fold,origin,seed,model,lambda_phys,gate_sigma,shrink_gamma,temporal,spatial,window,hidden,lr,augment,n_train_windows,n_real_windows,n_test_weeks,n_params,train_seconds,infer_ms_per_window,horizon,rmse,mae,smape,mape,peak_week_err,n_obs
X_gat_h1,1,0.4,0,AdaptiveGCN,0.0,0.8175744414329529,1.0,none,gat,3,64,0.001,none,151,151,34,7160,28.228,1.3457,0,102.35442338075664,40.46547470770192,63.887520672413714,61.615224132545286,nan,2550
X_gat_h1,1,0.4,0,AdaptiveGCN,0.0,0.8175744414329529,1.0,none,gat,3,64,0.001,none,151,151,34,7160,28.228,1.3457,1,70.10333189401372,31.59895902379909,56.37227429958153,61.48563311025935,3.56,850
X_gat_h1,1,0.4,0,AdaptiveGCN,0.0,0.8175744414329529,1.0,none,gat,3,64,0.001,none,151,151,34,7160,28.228,1.3457,2,65.7767713339848,31.040613710599786,57.99947020727427,59.134388297801756,3.04,850
X_gat_h1,1,0.4,0,AdaptiveGCN,0.0,0.8175744414329529,1.0,none,gat,3,64,0.001,none,151,151,34,7160,28.228,1.3457,3,148.95711855113194,58.75685138870688,77.29081751038531,64.21555468406058,9.28,850
X_gat_h1,1,0.4,1,AdaptiveGCN,0.0,0.8175744414329529,1.0,none,gat,3,64,0.001,none,151,151,34,7160,31.161,1.5711,0,91.85004775638717,37.74409579340734,61.67287474428625,57.80547644917584,nan,2550
X_gat_h1,1,0.4,1,AdaptiveGCN,0.0,0.8175744414329529,1.0,none,gat,3,64,0.001,none,151,151,34,7160,31.161,1.5711,1,59.48962667575198,26.961788648220107,53.873216166532934,53.78359548863205,2.52,850
X_gat_h1,1,0.4,1,AdaptiveGCN,0.0,0.8175744414329529,1.0,none,gat,3,64,0.001,none,151,151,34,7160,31.161,1.5711,2,86.52220582805778,37.9038527299157,62.13997393572349,58.89955787677405,3.76,850
X_gat_h1,1,0.4,1,AdaptiveGCN,0.0,0.8175744414329529,1.0,none,gat,3,64,0.001,none,151,151,34,7160,31.161,1.5711,3,119.5164676317815,48.366646002086206,69.00543413060228,60.70320231532459,7.4,850
X_gat_h1,1,0.4,2,AdaptiveGCN,0.0,0.8175744414329529,1.0,none,gat,3,64,0.001,none,151,151,34,7160,38.489,1.1963,0,126.41845411428345,49.99655589287571,74.07693174372018,61.42603186962216,nan,2550
X_gat_h1,1,0.4,2,AdaptiveGCN,0.0,0.8175744414329529,1.0,none,gat,3,64,0.001,none,151,151,34,7160,38.489,1.1963,1,76.79971119760432,32.900488027639355,59.05237029433684,53.92601755831156,3.72,850
X_gat_h1,1,0.4,2,AdaptiveGCN,0.0,0.8175744414329529,1.0,none,gat,3,64,0.001,none,151,151,34,7160,38.489,1.1963,2,128.28765796164626,53.13612005449831,79.51172647499646,65.21739888869651,6.24,850
X_gat_h1,1,0.4,2,AdaptiveGCN,0.0,0.8175744414329529,1.0,none,gat,3,64,0.001,none,151,151,34,7160,38.489,1.1963,3,159.96548939260555,63.95305959648946,83.66669846182722,65.0849500214449,8.16,850
X_gat_h1,2,0.475,0,AdaptiveGCN,0.0,0.8175744414329529,1.0,none,gat,3,64,0.001,none,185,185,34,7160,37.817,1.2589,0,300.0521722703147,92.37795834551511,58.876290485361395,86.39916247284492,nan,2550
X_gat_h1,2,0.475,0,AdaptiveGCN,0.0,0.8175744414329529,1.0,none,gat,3,64,0.001,none,185,185,34,7160,37.817,1.2589,1,179.3059355226068,57.07332129979397,42.67071192700349,55.47627131673989,1.12,850
X_gat_h1,2,0.475,0,AdaptiveGCN,0.0,0.8175744414329529,1.0,none,gat,3,64,0.001,none,185,185,34,7160,37.817,1.2589,2,405.4626218231765,119.21352978503003,60.32809222933042,98.5758277195794,4.36,850
X_gat_h1,2,0.475,0,AdaptiveGCN,0.0,0.8175744414329529,1.0,none,gat,3,64,0.001,none,185,185,34,7160,37.817,1.2589,3,271.1887940956307,100.84702395172133,73.63006729975025,105.14538838221542,6.96,850
X_gat_h1,2,0.475,1,AdaptiveGCN,0.0,0.8175744414329529,1.0,none,gat,3,64,0.001,none,185,185,34,7160,36.04,1.6669,0,119.3917982279448,43.673315472630236,44.96843382426285,53.581090548025486,nan,2550
X_gat_h1,2,0.475,1,AdaptiveGCN,0.0,0.8175744414329529,1.0,none,gat,3,64,0.001,none,185,185,34,7160,36.04,1.6669,1,78.0994510169531,31.189486776523513,37.73299553969518,41.58304850633615,1.24,850
X_gat_h1,2,0.475,1,AdaptiveGCN,0.0,0.8175744414329529,1.0,none,gat,3,64,0.001,none,185,185,34,7160,36.04,1.6669,2,137.99599268014722,49.913938518622345,46.31527153507591,55.801410781756374,4.48,850
X_gat_h1,2,0.475,1,AdaptiveGCN,0.0,0.8175744414329529,1.0,none,gat,3,64,0.001,none,185,185,34,7160,36.04,1.6669,3,132.74330946370952,49.916521122744854,50.85703439801746,63.35881235598395,4.44,850
X_gat_h1,2,0.475,2,AdaptiveGCN,0.0,0.8175744414329529,1.0,none,gat,3,64,0.001,none,185,185,34,7160,34.536,1.1046,0,196.44078239574114,59.77578336486301,46.84458333907621,58.00197084724428,nan,2550
X_gat_h1,2,0.475,2,AdaptiveGCN,0.0,0.8175744414329529,1.0,none,gat,3,64,0.001,none,185,185,34,7160,34.536,1.1046,1,280.30728508663896,82.20435555926689,47.23269282910586,64.2324457300047,2.88,850
X_gat_h1,2,0.475,2,AdaptiveGCN,0.0,0.8175744414329529,1.0,none,gat,3,64,0.001,none,185,185,34,7160,34.536,1.1046,2,130.76432148947865,45.90242167716736,43.62967760021041,48.91812174425414,6.12,850
X_gat_h1,2,0.475,2,AdaptiveGCN,0.0,0.8175744414329529,1.0,none,gat,3,64,0.001,none,185,185,34,7160,34.536,1.1046,3,141.75846047946047,51.220572858154775,49.67137958791239,60.85534506747399,5.08,850
X_gat_h1,3,0.55,0,AdaptiveGCN,0.0,0.8175744414329529,1.0,none,gat,3,64,0.001,none,219,219,34,7160,47.959,1.2083,0,20.945613606870115,11.800603800632365,54.93759586976047,62.226843666730446,nan,2550
X_gat_h1,3,0.55,0,AdaptiveGCN,0.0,0.8175744414329529,1.0,none,gat,3,64,0.001,none,219,219,34,7160,47.959,1.2083,1,16.186160475417132,9.57396352506188,50.474239012225475,55.28016436217587,1.7916666666666667,850
X_gat_h1,3,0.55,0,AdaptiveGCN,0.0,0.8175744414329529,1.0,none,gat,3,64,0.001,none,219,219,34,7160,47.959,1.2083,2,20.100851250505865,11.493129653166157,55.60281531140379,63.5263196632951,3.0416666666666665,850
X_gat_h1,3,0.55,0,AdaptiveGCN,0.0,0.8175744414329529,1.0,none,gat,3,64,0.001,none,219,219,34,7160,47.959,1.2083,3,25.497454307714502,14.334718223669059,58.73573328565216,67.88927536965696,3.875,850
X_gat_h1,3,0.55,1,AdaptiveGCN,0.0,0.8175744414329529,1.0,none,gat,3,64,0.001,none,219,219,34,7160,75.287,1.3046,0,24.15112430200686,13.006052591149494,57.929152456215874,66.8925140430045,nan,2550
X_gat_h1,3,0.55,1,AdaptiveGCN,0.0,0.8175744414329529,1.0,none,gat,3,64,0.001,none,219,219,34,7160,75.287,1.3046,1,19.265129192210907,10.898585033351008,53.361918602972395,61.716920379209675,2.5833333333333335,850
X_gat_h1,3,0.55,1,AdaptiveGCN,0.0,0.8175744414329529,1.0,none,gat,3,64,0.001,none,219,219,34,7160,75.287,1.3046,2,24.771215122403657,13.19880404925193,58.39062035855359,71.00210958056692,3.875,850
X_gat_h1,3,0.55,1,AdaptiveGCN,0.0,0.8175744414329529,1.0,none,gat,3,64,0.001,none,219,219,34,7160,75.287,1.3046,3,27.659936979682055,14.920768690845545,62.034918407121644,67.96605943863231,5.25,850
X_gat_h1,3,0.55,2,AdaptiveGCN,0.0,0.8175744414329529,1.0,none,gat,3,64,0.001,none,219,219,34,7160,46.399,1.3713,0,21.749542231963144,12.093256729633238,55.91130204024133,63.09949008771962,nan,2550
X_gat_h1,3,0.55,2,AdaptiveGCN,0.0,0.8175744414329529,1.0,none,gat,3,64,0.001,none,219,219,34,7160,46.399,1.3713,1,16.011281646945285,9.49567309555488,50.76199649926545,53.45411546993971,1.4166666666666667,850
X_gat_h1,3,0.55,2,AdaptiveGCN,0.0,0.8175744414329529,1.0,none,gat,3,64,0.001,none,219,219,34,7160,46.399,1.3713,2,20.484726752083045,11.800289184731596,55.95868050946441,65.84917785581081,3.4583333333333335,850
X_gat_h1,3,0.55,2,AdaptiveGCN,0.0,0.8175744414329529,1.0,none,gat,3,64,0.001,none,219,219,34,7160,46.399,1.3713,3,27.26064180855856,14.983807908613235,61.013229111994136,70.01517822092401,4.333333333333333,850
X_gat_h1,4,0.625,0,AdaptiveGCN,0.0,0.8175744414329529,1.0,none,gat,3,64,0.001,none,253,253,34,7160,58.131,1.5448,0,32.61029750630287,15.179163515999932,52.38576118118547,56.58853342861773,nan,2550
X_gat_h1,4,0.625,0,AdaptiveGCN,0.0,0.8175744414329529,1.0,none,gat,3,64,0.001,none,253,253,34,7160,58.131,1.5448,1,27.164002745904867,13.018263815450757,50.25275525914296,55.23737945153617,6.0,850
X_gat_h1,4,0.625,0,AdaptiveGCN,0.0,0.8175744414329529,1.0,none,gat,3,64,0.001,none,253,253,34,7160,58.131,1.5448,2,31.47555373542594,14.963713439472075,51.83109195149977,55.78993624304408,7.0,850
X_gat_h1,4,0.625,0,AdaptiveGCN,0.0,0.8175744414329529,1.0,none,gat,3,64,0.001,none,253,253,34,7160,58.131,1.5448,3,38.23219823940989,17.555513293076963,55.07343633291371,58.73828459127294,7.416666666666667,850
X_gat_h1,4,0.625,1,AdaptiveGCN,0.0,0.8175744414329529,1.0,none,gat,3,64,0.001,none,253,253,34,7160,56.398,1.311,0,32.86585996070696,14.909166975282863,52.48688228085647,53.37991230574593,nan,2550
X_gat_h1,4,0.625,1,AdaptiveGCN,0.0,0.8175744414329529,1.0,none,gat,3,64,0.001,none,253,253,34,7160,56.398,1.311,1,27.607338456362125,12.911436399602715,50.14050317630044,54.29923824557738,3.625,850
X_gat_h1,4,0.625,1,AdaptiveGCN,0.0,0.8175744414329529,1.0,none,gat,3,64,0.001,none,253,253,34,7160,56.398,1.311,2,31.627408825888608,14.789566929712892,51.897238295234125,52.789374040878236,3.2083333333333335,850
X_gat_h1,4,0.625,1,AdaptiveGCN,0.0,0.8175744414329529,1.0,none,gat,3,64,0.001,none,253,253,34,7160,56.398,1.311,3,38.44523542893679,17.026497596532984,55.42290537103486,53.05112463078218,6.208333333333333,850
X_gat_h1,4,0.625,2,AdaptiveGCN,0.0,0.8175744414329529,1.0,none,gat,3,64,0.001,none,253,253,34,7160,68.07,1.5471,0,35.082156020773105,16.17364649245223,53.60143822794476,57.03182057315856,nan,2550
X_gat_h1,4,0.625,2,AdaptiveGCN,0.0,0.8175744414329529,1.0,none,gat,3,64,0.001,none,253,253,34,7160,68.07,1.5471,1,28.8853559436672,13.555188054427067,49.67287767357128,53.595990281285935,6.791666666666667,850
X_gat_h1,4,0.625,2,AdaptiveGCN,0.0,0.8175744414329529,1.0,none,gat,3,64,0.001,none,253,253,34,7160,68.07,1.5471,2,33.75379869731273,15.972190136401093,53.008479597278665,57.2993465778868,9.291666666666666,850
X_gat_h1,4,0.625,2,AdaptiveGCN,0.0,0.8175744414329529,1.0,none,gat,3,64,0.001,none,253,253,34,7160,68.07,1.5471,3,41.45588376463032,18.99356128652854,58.12295741298434,60.20012486030295,9.458333333333334,850
X_gat_h1,5,0.7,0,AdaptiveGCN,0.0,0.8175744414329529,1.0,none,gat,3,64,0.001,none,287,287,34,7160,53.25,1.4178,0,53.78551794184719,28.189303866263444,44.92363167371352,53.011160586929726,nan,2550
X_gat_h1,5,0.7,0,AdaptiveGCN,0.0,0.8175744414329529,1.0,none,gat,3,64,0.001,none,287,287,34,7160,53.25,1.4178,1,41.95023134506882,22.172015192555264,38.10348854759899,40.02376044300635,1.4,850
X_gat_h1,5,0.7,0,AdaptiveGCN,0.0,0.8175744414329529,1.0,none,gat,3,64,0.001,none,287,287,34,7160,53.25,1.4178,2,53.57667554893561,28.574987140030544,44.12339680218528,48.59469457343642,2.16,850
X_gat_h1,5,0.7,0,AdaptiveGCN,0.0,0.8175744414329529,1.0,none,gat,3,64,0.001,none,287,287,34,7160,53.25,1.4178,3,63.626753398531875,33.82090926620452,52.544009671356285,70.64884184768138,3.0416666666666665,850
X_gat_h1,5,0.7,1,AdaptiveGCN,0.0,0.8175744414329529,1.0,none,gat,3,64,0.001,none,287,287,34,7160,62.413,1.6349,0,58.126926051826025,29.06458898391611,47.43976828095987,53.79273119289927,nan,2550
X_gat_h1,5,0.7,1,AdaptiveGCN,0.0,0.8175744414329529,1.0,none,gat,3,64,0.001,none,287,287,34,7160,62.413,1.6349,1,45.642030800731746,22.958759568149553,40.62735027609218,39.65428998676062,1.4,850
X_gat_h1,5,0.7,1,AdaptiveGCN,0.0,0.8175744414329529,1.0,none,gat,3,64,0.001,none,287,287,34,7160,62.413,1.6349,2,60.31714793495255,30.187493315297452,47.36382725882195,50.13761532697719,2.24,850
X_gat_h1,5,0.7,1,AdaptiveGCN,0.0,0.8175744414329529,1.0,none,gat,3,64,0.001,none,287,287,34,7160,62.413,1.6349,3,66.44445263587816,34.04751406830133,54.32812730796546,71.82754165300204,2.9583333333333335,850
X_gat_h1,5,0.7,2,AdaptiveGCN,0.0,0.8175744414329529,1.0,none,gat,3,64,0.001,none,287,287,34,7160,54.837,1.4482,0,56.242967257810164,29.148691110798232,47.40892748620531,56.691151515417005,nan,2550
X_gat_h1,5,0.7,2,AdaptiveGCN,0.0,0.8175744414329529,1.0,none,gat,3,64,0.001,none,287,287,34,7160,54.837,1.4482,1,41.51422939794555,22.36679015881519,40.65248975185567,40.91379277557887,1.72,850
X_gat_h1,5,0.7,2,AdaptiveGCN,0.0,0.8175744414329529,1.0,none,gat,3,64,0.001,none,287,287,34,7160,54.837,1.4482,2,56.02684383863684,29.586825239689034,45.813054107457965,51.70965283163337,2.28,850
X_gat_h1,5,0.7,2,AdaptiveGCN,0.0,0.8175744414329529,1.0,none,gat,3,64,0.001,none,287,287,34,7160,54.837,1.4482,3,68.02481624278799,35.49245793389047,55.76123859930227,77.7296304938304,3.0,850
X_gat_h1,6,0.775,0,AdaptiveGCN,0.0,0.8175744414329529,1.0,none,gat,3,64,0.001,none,321,321,34,7160,65.112,1.349,0,11.973946265555519,5.991695712653683,93.95992929550651,96.53700936221713,nan,2550
X_gat_h1,6,0.775,0,AdaptiveGCN,0.0,0.8175744414329529,1.0,none,gat,3,64,0.001,none,321,321,34,7160,65.112,1.349,1,9.025981250488515,4.663139497510924,87.48857763738869,74.48096787568032,3.357142857142857,850
X_gat_h1,6,0.775,0,AdaptiveGCN,0.0,0.8175744414329529,1.0,none,gat,3,64,0.001,none,321,321,34,7160,65.112,1.349,2,11.978985606328916,6.021376075203366,95.65697293376286,97.9236489034827,4.0,850
X_gat_h1,6,0.775,0,AdaptiveGCN,0.0,0.8175744414329529,1.0,none,gat,3,64,0.001,none,321,321,34,7160,65.112,1.349,3,14.323467939728399,7.290571565246758,98.73423731536802,117.2834014487878,4.642857142857143,850
X_gat_h1,6,0.775,1,AdaptiveGCN,0.0,0.8175744414329529,1.0,none,gat,3,64,0.001,none,321,321,34,7160,61.132,1.4618,0,11.827436678645332,5.830453534868452,92.06334868262672,95.94849324546476,nan,2550
X_gat_h1,6,0.775,1,AdaptiveGCN,0.0,0.8175744414329529,1.0,none,gat,3,64,0.001,none,321,321,34,7160,61.132,1.4618,1,9.209002400948064,4.65951947517693,87.31749947861147,75.45671039034917,3.9285714285714284,850
X_gat_h1,6,0.775,1,AdaptiveGCN,0.0,0.8175744414329529,1.0,none,gat,3,64,0.001,none,321,321,34,7160,61.132,1.4618,2,11.416671940679525,5.778258925288477,93.32580374986891,95.98854351289164,6.714285714285714,850
X_gat_h1,6,0.775,1,AdaptiveGCN,0.0,0.8175744414329529,1.0,none,gat,3,64,0.001,none,321,321,34,7160,61.132,1.4618,3,14.301001774013184,7.053582204139949,95.54674281939978,116.46401461885884,7.5,850
X_gat_h1,6,0.775,2,AdaptiveGCN,0.0,0.8175744414329529,1.0,none,gat,3,64,0.001,none,321,321,34,7160,61.382,1.408,0,10.929754943381415,5.411765738026075,88.52800563598936,87.99741363467317,nan,2550
X_gat_h1,6,0.775,2,AdaptiveGCN,0.0,0.8175744414329529,1.0,none,gat,3,64,0.001,none,321,321,34,7160,61.382,1.408,1,8.508378440630302,4.415464656570488,80.99906664535807,71.3135116811941,2.5,850
X_gat_h1,6,0.775,2,AdaptiveGCN,0.0,0.8175744414329529,1.0,none,gat,3,64,0.001,none,321,321,34,7160,61.382,1.408,2,10.788585236414876,5.363672552511972,90.69948052855325,87.82258881854781,4.285714285714286,850
X_gat_h1,6,0.775,2,AdaptiveGCN,0.0,0.8175744414329529,1.0,none,gat,3,64,0.001,none,321,321,34,7160,61.382,1.408,3,13.022770606700396,6.4561600049957635,93.88546973405677,104.90678924868449,5.857142857142857,850
X_gat_h1,7,0.85,0,AdaptiveGCN,0.0,0.8175744414329529,1.0,none,gat,3,64,0.001,none,355,355,34,7160,57.763,1.5315,0,87.53967115341288,21.256889626359722,94.30606196740733,385.30285768427825,nan,2550
X_gat_h1,7,0.85,0,AdaptiveGCN,0.0,0.8175744414329529,1.0,none,gat,3,64,0.001,none,355,355,34,7160,57.763,1.5315,1,95.82236263427995,21.74804667402497,86.27171973644366,473.6949881500691,2.76,850
X_gat_h1,7,0.85,0,AdaptiveGCN,0.0,0.8175744414329529,1.0,none,gat,3,64,0.001,none,355,355,34,7160,57.763,1.5315,2,84.20166019086847,20.625949268928483,96.5929866003232,293.52332484800627,3.76,850
X_gat_h1,7,0.85,0,AdaptiveGCN,0.0,0.8175744414329529,1.0,none,gat,3,64,0.001,none,355,355,34,7160,57.763,1.5315,3,81.9618040139983,21.396672936125714,100.05347956545509,389.19068388899075,4.4,850
X_gat_h1,7,0.85,1,AdaptiveGCN,0.0,0.8175744414329529,1.0,none,gat,3,64,0.001,none,355,355,34,7160,62.363,1.6099,0,87.73263656267696,21.364583152471678,89.44430231649423,388.46938862616264,nan,2550
X_gat_h1,7,0.85,1,AdaptiveGCN,0.0,0.8175744414329529,1.0,none,gat,3,64,0.001,none,355,355,34,7160,62.363,1.6099,1,85.11307420937584,19.82046862892697,85.52188949474484,381.25954813278065,2.76,850
X_gat_h1,7,0.85,1,AdaptiveGCN,0.0,0.8175744414329529,1.0,none,gat,3,64,0.001,none,355,355,34,7160,62.363,1.6099,2,88.93021300543543,21.57392190231476,90.5973299102348,322.1533866822293,3.32,850
X_gat_h1,7,0.85,1,AdaptiveGCN,0.0,0.8175744414329529,1.0,none,gat,3,64,0.001,none,355,355,34,7160,62.363,1.6099,3,89.09673601290594,22.6993589261733,92.21368754450302,461.741420029065,4.36,850
X_gat_h1,7,0.85,2,AdaptiveGCN,0.0,0.8175744414329529,1.0,none,gat,3,64,0.001,none,355,355,34,7160,59.89,1.2037,0,90.76824112173017,21.830548625628456,95.33152860509007,417.091426474431,nan,2550
X_gat_h1,7,0.85,2,AdaptiveGCN,0.0,0.8175744414329529,1.0,none,gat,3,64,0.001,none,355,355,34,7160,59.89,1.2037,1,95.52772457895743,21.63416930085596,91.5693781435564,472.33590705241346,2.76,850
X_gat_h1,7,0.85,2,AdaptiveGCN,0.0,0.8175744414329529,1.0,none,gat,3,64,0.001,none,355,355,34,7160,59.89,1.2037,2,88.62513600719991,21.421174515329493,97.74440390106885,324.9817299934994,3.32,850
X_gat_h1,7,0.85,2,AdaptiveGCN,0.0,0.8175744414329529,1.0,none,gat,3,64,0.001,none,355,355,34,7160,59.89,1.2037,3,87.95828496207629,22.436302060699912,96.68080377064499,454.16912071865863,4.36,850
X_gat_h1,8,0.925,0,AdaptiveGCN,0.0,0.8175744414329529,1.0,none,gat,3,64,0.001,none,389,389,34,7160,61.939,1.1358,0,26.461693267856752,10.902421187312735,74.83860064535328,88.57906777721023,nan,2550
X_gat_h1,8,0.925,0,AdaptiveGCN,0.0,0.8175744414329529,1.0,none,gat,3,64,0.001,none,389,389,34,7160,61.939,1.1358,1,25.046249867842185,9.398139928447849,67.61981878751027,76.09225791930707,2.0952380952380953,850
X_gat_h1,8,0.925,0,AdaptiveGCN,0.0,0.8175744414329529,1.0,none,gat,3,64,0.001,none,389,389,34,7160,61.939,1.1358,2,26.06713806490766,10.653376959774452,75.98502642773165,89.09085341366603,1.9523809523809523,850
X_gat_h1,8,0.925,0,AdaptiveGCN,0.0,0.8175744414329529,1.0,none,gat,3,64,0.001,none,389,389,34,7160,61.939,1.1358,3,28.17540261414313,12.655746673715903,80.91095672081798,100.47123663487505,5.523809523809524,850
X_gat_h1,8,0.925,1,AdaptiveGCN,0.0,0.8175744414329529,1.0,none,gat,3,64,0.001,none,389,389,34,7160,73.96,1.1957,0,26.28846379206126,10.889491681846009,76.4329006241121,89.44984909517929,nan,2550
X_gat_h1,8,0.925,1,AdaptiveGCN,0.0,0.8175744414329529,1.0,none,gat,3,64,0.001,none,389,389,34,7160,73.96,1.1957,1,24.477094454490327,9.385156342270236,69.69217369617616,77.44480669798564,2.142857142857143,850
X_gat_h1,8,0.925,1,AdaptiveGCN,0.0,0.8175744414329529,1.0,none,gat,3,64,0.001,none,389,389,34,7160,73.96,1.1957,2,26.158992144088785,10.689178947928047,75.5260628486601,89.02757149405855,3.4285714285714284,850
X_gat_h1,8,0.925,1,AdaptiveGCN,0.0,0.8175744414329529,1.0,none,gat,3,64,0.001,none,389,389,34,7160,73.96,1.1957,3,28.103895863581045,12.594139755339745,84.08046532750004,101.79377855636531,5.095238095238095,850
X_gat_h1,8,0.925,2,AdaptiveGCN,0.0,0.8175744414329529,1.0,none,gat,3,64,0.001,none,389,389,34,7160,225.569,1.5712,0,28.243287521867106,12.378403345955645,80.54927244794806,101.05038951772,nan,2550
X_gat_h1,8,0.925,2,AdaptiveGCN,0.0,0.8175744414329529,1.0,none,gat,3,64,0.001,none,389,389,34,7160,225.569,1.5712,1,25.59322260341728,10.618896647967837,75.45238929221053,86.63799383732184,4.523809523809524,850
X_gat_h1,8,0.925,2,AdaptiveGCN,0.0,0.8175744414329529,1.0,none,gat,3,64,0.001,none,389,389,34,7160,225.569,1.5712,2,27.44349806641263,12.239966116806164,81.34791173838028,102.62143269035455,5.333333333333333,850
X_gat_h1,8,0.925,2,AdaptiveGCN,0.0,0.8175744414329529,1.0,none,gat,3,64,0.001,none,389,389,34,7160,225.569,1.5712,3,31.38297692666041,14.276347273092936,84.84751631325338,113.8001109385665,5.428571428571429,850
X_gat_h2,1,0.4,0,AdaptiveGCN,0.0,0.8175744414329529,1.0,none,gat,3,64,0.001,none,151,151,34,13624,27.554,1.151,0,94.48981828823511,37.60044277280825,61.64011278073173,59.13180303081004,nan,2550
X_gat_h2,1,0.4,0,AdaptiveGCN,0.0,0.8175744414329529,1.0,none,gat,3,64,0.001,none,151,151,34,13624,27.554,1.151,1,54.68883514426125,25.637614475912688,53.52455427013727,55.03527924940469,2.28,850
X_gat_h2,1,0.4,0,AdaptiveGCN,0.0,0.8175744414329529,1.0,none,gat,3,64,0.001,none,151,151,34,13624,27.554,1.151,2,62.49637168461649,31.332776095656786,57.21003214709513,61.52833960903116,2.88,850
X_gat_h2,1,0.4,0,AdaptiveGCN,0.0,0.8175744414329529,1.0,none,gat,3,64,0.001,none,151,151,34,13624,27.554,1.151,3,141.02592711006426,55.83093774685526,74.18575192496279,60.80580951242817,8.2,850
X_gat_h2,1,0.4,1,AdaptiveGCN,0.0,0.8175744414329529,1.0,none,gat,3,64,0.001,none,151,151,34,13624,28.372,1.9954,0,94.34014940180204,39.166248311780976,63.20696448256341,59.80089160901586,nan,2550
X_gat_h2,1,0.4,1,AdaptiveGCN,0.0,0.8175744414329529,1.0,none,gat,3,64,0.001,none,151,151,34,13624,28.372,1.9954,1,75.28640901489287,32.25886027803316,58.49831459585534,56.96319842335251,4.36,850
X_gat_h2,1,0.4,1,AdaptiveGCN,0.0,0.8175744414329529,1.0,none,gat,3,64,0.001,none,151,151,34,13624,28.372,1.9954,2,96.58836601914305,40.98711660978549,65.3541226880813,62.60625592684045,5.0,850
X_gat_h2,1,0.4,1,AdaptiveGCN,0.0,0.8175744414329529,1.0,none,gat,3,64,0.001,none,151,151,34,13624,28.372,1.9954,3,108.17964473438293,44.252768047524285,65.76845616375361,59.81937796253035,6.2,850
X_gat_h2,1,0.4,2,AdaptiveGCN,0.0,0.8175744414329529,1.0,none,gat,3,64,0.001,none,151,151,34,13624,35.41,1.9617,0,131.83058643449513,52.98911254204079,78.12387982744251,62.16940981989768,nan,2550
X_gat_h2,1,0.4,2,AdaptiveGCN,0.0,0.8175744414329529,1.0,none,gat,3,64,0.001,none,151,151,34,13624,35.41,1.9617,1,81.70451171517949,35.37080311505233,61.08429947621236,53.56789989525189,3.52,850
X_gat_h2,1,0.4,2,AdaptiveGCN,0.0,0.8175744414329529,1.0,none,gat,3,64,0.001,none,151,151,34,13624,35.41,1.9617,2,127.37244097763107,53.77913338509553,80.61733812010735,65.41360118017371,4.72,850
X_gat_h2,1,0.4,2,AdaptiveGCN,0.0,0.8175744414329529,1.0,none,gat,3,64,0.001,none,151,151,34,13624,35.41,1.9617,3,170.99282032814318,69.81740112597451,92.6700018860078,67.4656909049546,9.96,850
X_gat_h2,2,0.475,0,AdaptiveGCN,0.0,0.8175744414329529,1.0,none,gat,3,64,0.001,none,185,185,34,13624,51.839,1.9214,0,143.00237823545956,53.05517761848173,48.11227283632794,62.36928727433866,nan,2550
X_gat_h2,2,0.475,0,AdaptiveGCN,0.0,0.8175744414329529,1.0,none,gat,3,64,0.001,none,185,185,34,13624,51.839,1.9214,1,101.70626719643593,38.88576813395847,40.68720802458827,45.70245172686587,1.28,850
X_gat_h2,2,0.475,0,AdaptiveGCN,0.0,0.8175744414329529,1.0,none,gat,3,64,0.001,none,185,185,34,13624,51.839,1.9214,2,174.27629289214735,64.22695291872411,49.41429446618019,69.9879148030563,1.76,850
X_gat_h2,2,0.475,0,AdaptiveGCN,0.0,0.8175744414329529,1.0,none,gat,3,64,0.001,none,185,185,34,13624,51.839,1.9214,3,143.64069580634163,56.05281180276261,54.23531601821535,71.41749529309384,6.96,850
X_gat_h2,2,0.475,1,AdaptiveGCN,0.0,0.8175744414329529,1.0,none,gat,3,64,0.001,none,185,185,34,13624,33.468,1.6899,0,151.87651227825654,52.69586924011217,47.96315085362168,58.96981778503114,nan,2550
X_gat_h2,2,0.475,1,AdaptiveGCN,0.0,0.8175744414329529,1.0,none,gat,3,64,0.001,none,185,185,34,13624,33.468,1.6899,1,111.03311665354722,41.232100935179524,42.04073815970413,47.57598731187655,5.64,850
X_gat_h2,2,0.475,1,AdaptiveGCN,0.0,0.8175744414329529,1.0,none,gat,3,64,0.001,none,185,185,34,13624,33.468,1.6899,2,146.23219859230701,51.46551562279901,47.9471064921927,51.989299990126625,7.52,850
X_gat_h2,2,0.475,1,AdaptiveGCN,0.0,0.8175744414329529,1.0,none,gat,3,64,0.001,none,185,185,34,13624,33.468,1.6899,3,188.38050866924132,65.38999116235796,53.90160790896819,77.34416605309026,3.92,850
X_gat_h2,2,0.475,2,AdaptiveGCN,0.0,0.8175744414329529,1.0,none,gat,3,64,0.001,none,185,185,34,13624,33.579,1.5532,0,116.91390612675185,42.53981567365647,43.79789421349705,50.0805294158829,nan,2550
X_gat_h2,2,0.475,2,AdaptiveGCN,0.0,0.8175744414329529,1.0,none,gat,3,64,0.001,none,185,185,34,13624,33.579,1.5532,1,96.22057917784262,36.03569703824599,39.436296983400524,43.83451815133457,1.36,850
X_gat_h2,2,0.475,2,AdaptiveGCN,0.0,0.8175744414329529,1.0,none,gat,3,64,0.001,none,185,185,34,13624,33.579,1.5532,2,118.49199977053539,43.82125963369713,43.572100973673926,50.013071722389235,4.2,850
X_gat_h2,2,0.475,2,AdaptiveGCN,0.0,0.8175744414329529,1.0,none,gat,3,64,0.001,none,185,185,34,13624,33.579,1.5532,3,133.07077241267066,47.76249034902629,48.38528468341669,56.393998373924916,5.56,850
X_gat_h2,3,0.55,0,AdaptiveGCN,0.0,0.8175744414329529,1.0,none,gat,3,64,0.001,none,219,219,34,13624,89.298,1.5549,0,22.54081341386574,12.493924432919936,56.59680852163093,65.616497030625,nan,2550
X_gat_h2,3,0.55,0,AdaptiveGCN,0.0,0.8175744414329529,1.0,none,gat,3,64,0.001,none,219,219,34,13624,89.298,1.5549,1,18.142687414037646,10.362527644822702,51.382599047947586,59.01867175826491,2.2083333333333335,850
X_gat_h2,3,0.55,0,AdaptiveGCN,0.0,0.8175744414329529,1.0,none,gat,3,64,0.001,none,219,219,34,13624,89.298,1.5549,2,22.887502756604142,12.552817223462249,57.98238630782239,67.50274014556284,3.375,850
X_gat_h2,3,0.55,0,AdaptiveGCN,0.0,0.8175744414329529,1.0,none,gat,3,64,0.001,none,219,219,34,13624,89.298,1.5549,3,25.90887722459403,14.566428430474856,60.42544020912284,70.34175440863947,4.458333333333333,850
X_gat_h2,3,0.55,1,AdaptiveGCN,0.0,0.8175744414329529,1.0,none,gat,3,64,0.001,none,219,219,34,13624,62.541,1.6095,0,21.367991864678153,11.811867037066989,55.73235412278795,61.162862108968994,nan,2550
X_gat_h2,3,0.55,1,AdaptiveGCN,0.0,0.8175744414329529,1.0,none,gat,3,64,0.001,none,219,219,34,13624,62.541,1.6095,1,16.067863169133606,9.324805745196475,50.411605539955694,53.49938221844018,1.3333333333333333,850
X_gat_h2,3,0.55,1,AdaptiveGCN,0.0,0.8175744414329529,1.0,none,gat,3,64,0.001,none,219,219,34,13624,62.541,1.6095,2,21.3742836990319,11.827772120331305,56.759680175166814,62.803430811458725,2.7083333333333335,850
X_gat_h2,3,0.55,1,AdaptiveGCN,0.0,0.8175744414329529,1.0,none,gat,3,64,0.001,none,219,219,34,13624,62.541,1.6095,3,25.587829109132223,14.283023245673188,60.025776653241344,67.20232274208493,3.6666666666666665,850
X_gat_h2,3,0.55,2,AdaptiveGCN,0.0,0.8175744414329529,1.0,none,gat,3,64,0.001,none,219,219,34,13624,59.197,1.7837,0,22.79094104094257,12.403928722302593,57.13941851841611,61.08759175905735,nan,2550
X_gat_h2,3,0.55,2,AdaptiveGCN,0.0,0.8175744414329529,1.0,none,gat,3,64,0.001,none,219,219,34,13624,59.197,1.7837,1,16.225596192295047,9.519242734628564,50.65836493473248,53.79853428204662,1.125,850
X_gat_h2,3,0.55,2,AdaptiveGCN,0.0,0.8175744414329529,1.0,none,gat,3,64,0.001,none,219,219,34,13624,59.197,1.7837,2,22.97429080233949,12.590610030648463,58.73954602295255,62.879881619723555,3.5833333333333335,850
X_gat_h2,3,0.55,2,AdaptiveGCN,0.0,0.8175744414329529,1.0,none,gat,3,64,0.001,none,219,219,34,13624,59.197,1.7837,3,27.698248517357204,15.101933401630752,62.02034459756328,66.59981986523664,4.333333333333333,850
X_gat_h2,4,0.625,0,AdaptiveGCN,0.0,0.8175744414329529,1.0,none,gat,3,64,0.001,none,253,253,34,13624,61.364,1.8725,0,32.35606005222048,14.899984676097976,51.079072384281744,56.108759150338386,nan,2550
X_gat_h2,4,0.625,0,AdaptiveGCN,0.0,0.8175744414329529,1.0,none,gat,3,64,0.001,none,253,253,34,13624,61.364,1.8725,1,27.047572276064678,12.687562515352141,49.41365061863477,53.43034558487876,2.625,850
X_gat_h2,4,0.625,0,AdaptiveGCN,0.0,0.8175744414329529,1.0,none,gat,3,64,0.001,none,253,253,34,13624,61.364,1.8725,2,31.11369109201258,14.66806401131346,50.18133498194434,55.76857940344983,5.5,850
X_gat_h2,4,0.625,0,AdaptiveGCN,0.0,0.8175744414329529,1.0,none,gat,3,64,0.001,none,253,253,34,13624,61.364,1.8725,3,37.96196684723498,17.344327501628328,53.6422315522661,59.12735246268658,6.333333333333333,850
X_gat_h2,4,0.625,1,AdaptiveGCN,0.0,0.8175744414329529,1.0,none,gat,3,64,0.001,none,253,253,34,13624,65.824,1.9775,0,31.870487533963427,15.103808289771425,53.016316760460946,61.175528872916665,nan,2550
X_gat_h2,4,0.625,1,AdaptiveGCN,0.0,0.8175744414329529,1.0,none,gat,3,64,0.001,none,253,253,34,13624,65.824,1.9775,1,27.218711994439435,12.976653338968754,50.9612350133251,57.35399381063871,2.6666666666666665,850
X_gat_h2,4,0.625,1,AdaptiveGCN,0.0,0.8175744414329529,1.0,none,gat,3,64,0.001,none,253,253,34,13624,65.824,1.9775,2,30.132019121935528,14.588215270265938,52.354153090680946,60.50584856019891,3.5416666666666665,850
X_gat_h2,4,0.625,1,AdaptiveGCN,0.0,0.8175744414329529,1.0,none,gat,3,64,0.001,none,253,253,34,13624,65.824,1.9775,3,37.395013945132106,17.746556260079583,55.73356217737684,65.66674424791233,4.5,850
X_gat_h2,4,0.625,2,AdaptiveGCN,0.0,0.8175744414329529,1.0,none,gat,3,64,0.001,none,253,253,34,13624,70.888,1.8382,0,31.42770588937708,14.54585989633648,52.04527158266683,55.11488199125347,nan,2550
X_gat_h2,4,0.625,2,AdaptiveGCN,0.0,0.8175744414329529,1.0,none,gat,3,64,0.001,none,253,253,34,13624,70.888,1.8382,1,26.834037791675023,12.465102946117302,49.63849979511992,51.62744071565698,2.6666666666666665,850
X_gat_h2,4,0.625,2,AdaptiveGCN,0.0,0.8175744414329529,1.0,none,gat,3,64,0.001,none,253,253,34,13624,70.888,1.8382,2,29.747262059282335,14.016687113254823,51.3580568125747,53.354507942503595,3.25,850
X_gat_h2,4,0.625,2,AdaptiveGCN,0.0,0.8175744414329529,1.0,none,gat,3,64,0.001,none,253,253,34,13624,70.888,1.8382,3,36.852909087057135,17.15578962963732,55.139258140305856,60.362697315599846,3.75,850
X_gat_h2,5,0.7,0,AdaptiveGCN,0.0,0.8175744414329529,1.0,none,gat,3,64,0.001,none,287,287,34,13624,83.403,1.5376,0,55.897755261715844,28.674257060778785,46.09696248186875,54.18348462265461,nan,2550
X_gat_h2,5,0.7,0,AdaptiveGCN,0.0,0.8175744414329529,1.0,none,gat,3,64,0.001,none,287,287,34,13624,83.403,1.5376,1,40.420387768943336,21.200681851282717,37.96632532904603,39.83258138249281,1.16,850
X_gat_h2,5,0.7,0,AdaptiveGCN,0.0,0.8175744414329529,1.0,none,gat,3,64,0.001,none,287,287,34,13624,83.403,1.5376,2,55.515262036169545,29.392050568452653,45.478943683803244,50.911685650721694,2.24,850
X_gat_h2,5,0.7,0,AdaptiveGCN,0.0,0.8175744414329529,1.0,none,gat,3,64,0.001,none,287,287,34,13624,83.403,1.5376,3,68.24899313220476,35.43003876260098,54.84561843275698,72.0460154216753,3.0,850
X_gat_h2,5,0.7,1,AdaptiveGCN,0.0,0.8175744414329529,1.0,none,gat,3,64,0.001,none,287,287,34,13624,74.27,1.4239,0,57.63592416426164,29.790459915764412,46.71025172422137,52.65060648326819,nan,2550
X_gat_h2,5,0.7,1,AdaptiveGCN,0.0,0.8175744414329529,1.0,none,gat,3,64,0.001,none,287,287,34,13624,74.27,1.4239,1,42.19182683140482,22.04109874531298,38.98349310166107,38.51334251139773,1.24,850
X_gat_h2,5,0.7,1,AdaptiveGCN,0.0,0.8175744414329529,1.0,none,gat,3,64,0.001,none,287,287,34,13624,74.27,1.4239,2,57.23120494781566,30.55655313595472,46.0526161631787,49.67079140934809,3.16,850
X_gat_h2,5,0.7,1,AdaptiveGCN,0.0,0.8175744414329529,1.0,none,gat,3,64,0.001,none,287,287,34,13624,74.27,1.4239,3,70.07237823604551,36.77372786602553,55.09464590782437,70.00114038098687,4.375,850
X_gat_h2,5,0.7,2,AdaptiveGCN,0.0,0.8175744414329529,1.0,none,gat,3,64,0.001,none,287,287,34,13624,72.144,1.8133,0,54.72677448423927,28.33815160686059,44.98528052024231,52.595937232431744,nan,2550
X_gat_h2,5,0.7,2,AdaptiveGCN,0.0,0.8175744414329529,1.0,none,gat,3,64,0.001,none,287,287,34,13624,72.144,1.8133,1,41.298361966106185,21.582301500146002,37.40724929988064,38.746118634034715,1.2,850
X_gat_h2,5,0.7,2,AdaptiveGCN,0.0,0.8175744414329529,1.0,none,gat,3,64,0.001,none,287,287,34,13624,72.144,1.8133,2,53.34135466265765,28.45457333820543,44.06206670287753,48.88921022497897,2.36,850
X_gat_h2,5,0.7,2,AdaptiveGCN,0.0,0.8175744414329529,1.0,none,gat,3,64,0.001,none,287,287,34,13624,72.144,1.8133,3,66.5898244329822,34.97757998223033,53.486525557968754,70.39026586984292,4.041666666666667,850
X_gat_h2,6,0.775,0,AdaptiveGCN,0.0,0.8175744414329529,1.0,none,gat,3,64,0.001,none,321,321,34,13624,69.82,2.005,0,11.089360467045239,5.547693868131176,86.75455867471426,91.14262736995656,nan,2550
X_gat_h2,6,0.775,0,AdaptiveGCN,0.0,0.8175744414329529,1.0,none,gat,3,64,0.001,none,321,321,34,13624,69.82,2.005,1,8.688091528975953,4.542256854356212,83.57048469521399,73.16921363925528,3.357142857142857,850
X_gat_h2,6,0.775,0,AdaptiveGCN,0.0,0.8175744414329529,1.0,none,gat,3,64,0.001,none,321,321,34,13624,69.82,2.005,2,10.918837819310554,5.512657602177385,84.0306813634596,91.77505914721641,5.714285714285714,850
X_gat_h2,6,0.775,0,AdaptiveGCN,0.0,0.8175744414329529,1.0,none,gat,3,64,0.001,none,321,321,34,13624,69.82,2.005,3,13.199158797587335,6.588167147859931,92.66250996546917,108.54326289637544,5.928571428571429,850
X_gat_h2,6,0.775,1,AdaptiveGCN,0.0,0.8175744414329529,1.0,none,gat,3,64,0.001,none,321,321,34,13624,82.45,1.5101,0,12.29073674659244,6.081232500775699,94.12683165420964,99.4352497207628,nan,2550
X_gat_h2,6,0.775,1,AdaptiveGCN,0.0,0.8175744414329529,1.0,none,gat,3,64,0.001,none,321,321,34,13624,82.45,1.5101,1,9.543987301337234,4.881410239195342,91.67508024083149,78.05655461150555,3.9285714285714284,850
X_gat_h2,6,0.775,1,AdaptiveGCN,0.0,0.8175744414329529,1.0,none,gat,3,64,0.001,none,321,321,34,13624,82.45,1.5101,2,12.322235160872916,6.144870103019126,93.97306349164485,101.7690051460872,5.785714285714286,850
X_gat_h2,6,0.775,1,AdaptiveGCN,0.0,0.8175744414329529,1.0,none,gat,3,64,0.001,none,321,321,34,13624,82.45,1.5101,3,14.500395041314356,7.21741716011263,96.73235123015263,118.56095283402873,5.928571428571429,850
X_gat_h2,6,0.775,2,AdaptiveGCN,0.0,0.8175744414329529,1.0,none,gat,3,64,0.001,none,321,321,34,13624,78.464,1.5276,0,11.716928732712686,5.8376727547558644,97.06596406353644,95.27336895724765,nan,2550
X_gat_h2,6,0.775,2,AdaptiveGCN,0.0,0.8175744414329529,1.0,none,gat,3,64,0.001,none,321,321,34,13624,78.464,1.5276,1,8.952829491792592,4.614756244117504,87.8945332633411,74.59856979614197,3.357142857142857,850
X_gat_h2,6,0.775,2,AdaptiveGCN,0.0,0.8175744414329529,1.0,none,gat,3,64,0.001,none,321,321,34,13624,78.464,1.5276,2,11.549547458640921,5.857092869485564,100.38526881715102,96.98724693591618,4.285714285714286,850
X_gat_h2,6,0.775,2,AdaptiveGCN,0.0,0.8175744414329529,1.0,none,gat,3,64,0.001,none,321,321,34,13624,78.464,1.5276,3,14.082402294136257,7.041169150664526,102.91809011011719,114.30902674470325,5.785714285714286,850
X_gat_h2,7,0.85,0,AdaptiveGCN,0.0,0.8175744414329529,1.0,none,gat,3,64,0.001,none,355,355,34,13624,68.637,1.7309,0,91.71891497010078,22.06164308336472,92.11932653345463,422.686597628475,nan,2550
X_gat_h2,7,0.85,0,AdaptiveGCN,0.0,0.8175744414329529,1.0,none,gat,3,64,0.001,none,355,355,34,13624,68.637,1.7309,1,92.5033841793387,21.093277105857783,90.52711829868855,448.2667298142852,2.56,850
X_gat_h2,7,0.85,0,AdaptiveGCN,0.0,0.8175744414329529,1.0,none,gat,3,64,0.001,none,355,355,34,13624,68.637,1.7309,2,92.64990136678867,22.2185805616221,91.97053330652898,346.889506070689,3.32,850
X_gat_h2,7,0.85,0,AdaptiveGCN,0.0,0.8175744414329529,1.0,none,gat,3,64,0.001,none,355,355,34,13624,68.637,1.7309,3,89.97887408704187,22.87307158261428,93.86032799514635,472.9062793814022,4.36,850
X_gat_h2,7,0.85,1,AdaptiveGCN,0.0,0.8175744414329529,1.0,none,gat,3,64,0.001,none,355,355,34,13624,70.022,2.0078,0,90.82020299217484,21.92262045679833,95.60656510348994,417.98889934755056,nan,2550
X_gat_h2,7,0.85,1,AdaptiveGCN,0.0,0.8175744414329529,1.0,none,gat,3,64,0.001,none,355,355,34,13624,70.022,2.0078,1,90.70529670349265,20.879818991938443,95.64579685303885,434.7235660668045,2.56,850
X_gat_h2,7,0.85,1,AdaptiveGCN,0.0,0.8175744414329529,1.0,none,gat,3,64,0.001,none,355,355,34,13624,70.022,2.0078,2,90.62102483051642,21.861800015801563,95.9906219320795,335.34132670327807,3.32,850
X_gat_h2,7,0.85,1,AdaptiveGCN,0.0,0.8175744414329529,1.0,none,gat,3,64,0.001,none,355,355,34,13624,70.022,2.0078,3,91.13345611364589,23.026242362654987,95.18327652535153,483.8081730287404,4.16,850
X_gat_h2,7,0.85,2,AdaptiveGCN,0.0,0.8175744414329529,1.0,none,gat,3,64,0.001,none,355,355,34,13624,72.444,1.7938,0,87.45621899100813,21.31777659683123,91.52581816462019,387.6972342723465,nan,2550
X_gat_h2,7,0.85,2,AdaptiveGCN,0.0,0.8175744414329529,1.0,none,gat,3,64,0.001,none,355,355,34,13624,72.444,1.7938,1,87.46229471269008,20.272885221383152,82.52746156952938,402.8531083432807,2.76,850
X_gat_h2,7,0.85,2,AdaptiveGCN,0.0,0.8175744414329529,1.0,none,gat,3,64,0.001,none,355,355,34,13624,72.444,1.7938,2,87.41123070288452,21.2593242134362,92.94022549860222,312.99765588931996,3.52,850
X_gat_h2,7,0.85,2,AdaptiveGCN,0.0,0.8175744414329529,1.0,none,gat,3,64,0.001,none,355,355,34,13624,72.444,1.7938,3,87.4951111274633,22.42112035567434,99.10976742572889,447.15657507456814,4.36,850
X_gat_h2,8,0.925,0,AdaptiveGCN,0.0,0.8175744414329529,1.0,none,gat,3,64,0.001,none,389,389,34,13624,282.909,1.7826,0,32.885498489218136,14.397458269406183,83.56031123921919,120.50948014746656,nan,2550
X_gat_h2,8,0.925,0,AdaptiveGCN,0.0,0.8175744414329529,1.0,none,gat,3,64,0.001,none,389,389,34,13624,282.909,1.7826,1,27.363966778282297,11.458658393698416,77.46819370183556,95.6629832726114,3.4285714285714284,850
X_gat_h2,8,0.925,0,AdaptiveGCN,0.0,0.8175744414329529,1.0,none,gat,3,64,0.001,none,389,389,34,13624,282.909,1.7826,2,32.83797807737238,14.630482513915254,83.23245099028955,123.51360824778979,6.142857142857143,850
X_gat_h2,8,0.925,0,AdaptiveGCN,0.0,0.8175744414329529,1.0,none,gat,3,64,0.001,none,389,389,34,13624,282.909,1.7826,3,37.64636171796923,17.10323390060488,89.98028902553247,142.19508688108243,4.857142857142857,850
X_gat_h2,8,0.925,1,AdaptiveGCN,0.0,0.8175744414329529,1.0,none,gat,3,64,0.001,none,389,389,34,13624,182.378,1.7579,0,28.01755534952312,11.8023106846973,81.30406031084595,97.82411052891004,nan,2550
X_gat_h2,8,0.925,1,AdaptiveGCN,0.0,0.8175744414329529,1.0,none,gat,3,64,0.001,none,389,389,34,13624,182.378,1.7579,1,25.398824992396143,9.664989329545813,73.71662115841559,79.58601121632536,2.761904761904762,850
X_gat_h2,8,0.925,1,AdaptiveGCN,0.0,0.8175744414329529,1.0,none,gat,3,64,0.001,none,389,389,34,13624,182.378,1.7579,2,27.24353390259886,11.71388960168204,82.33683721145508,96.32528795879519,3.761904761904762,850
X_gat_h2,8,0.925,1,AdaptiveGCN,0.0,0.8175744414329529,1.0,none,gat,3,64,0.001,none,389,389,34,13624,182.378,1.7579,3,31.106908763076323,14.02805312286405,87.85872256266717,117.43084606565957,5.428571428571429,850
X_gat_h2,8,0.925,2,AdaptiveGCN,0.0,0.8175744414329529,1.0,none,gat,3,64,0.001,none,389,389,34,13624,88.941,1.8579,0,27.537152678564915,11.08631706165128,77.18316871974305,93.45346711191699,nan,2550
X_gat_h2,8,0.925,2,AdaptiveGCN,0.0,0.8175744414329529,1.0,none,gat,3,64,0.001,none,389,389,34,13624,88.941,1.8579,1,25.349960655635538,9.485439358312425,69.44607751651499,79.92392192174627,0.9523809523809523,850
X_gat_h2,8,0.925,2,AdaptiveGCN,0.0,0.8175744414329529,1.0,none,gat,3,64,0.001,none,389,389,34,13624,88.941,1.8579,2,27.3452034512581,10.925397716826376,78.08948134357249,93.3154243752945,2.9047619047619047,850
X_gat_h2,8,0.925,2,AdaptiveGCN,0.0,0.8175744414329529,1.0,none,gat,3,64,0.001,none,389,389,34,13624,88.941,1.8579,3,29.740606515248093,12.848114109815043,84.01394729914166,107.02845387658675,4.904761904761905,850
X_gcn_h128,1,0.4,0,AdaptiveGCN,0.0,0.7529520988464355,1.0,none,gcn,3,128,0.001,none,151,151,34,21752,44.356,0.9129,0,94.9130778436086,38.33495338113291,60.38711129868671,58.09077149984543,nan,2550
X_gcn_h128,1,0.4,0,AdaptiveGCN,0.0,0.7529520988464355,1.0,none,gcn,3,128,0.001,none,151,151,34,21752,44.356,0.9129,1,73.72840992912002,30.699310267126076,54.40932273925399,54.06708983814894,2.68,850
X_gcn_h128,1,0.4,0,AdaptiveGCN,0.0,0.7529520988464355,1.0,none,gcn,3,128,0.001,none,151,151,34,21752,44.356,0.9129,2,77.88335499634773,34.87957410856924,59.55863896851877,59.98824111868395,3.2,850
X_gcn_h128,1,0.4,0,AdaptiveGCN,0.0,0.7529520988464355,1.0,none,gcn,3,128,0.001,none,151,151,34,21752,44.356,0.9129,3,124.59446866164339,49.42597576770343,67.19337218828736,60.189808980701756,6.2,850
X_gcn_h128,1,0.4,1,AdaptiveGCN,0.0,0.7270872592926025,1.0,none,gcn,3,128,0.001,none,151,151,34,21752,21.068,0.6895,0,102.66168124320217,40.43144593970585,61.95650967960075,58.382159708164295,nan,2550
X_gcn_h128,1,0.4,1,AdaptiveGCN,0.0,0.7270872592926025,1.0,none,gcn,3,128,0.001,none,151,151,34,21752,21.068,0.6895,1,62.03401836296407,27.54042662678944,54.557040753650874,56.270329614882975,3.08,850
X_gcn_h128,1,0.4,1,AdaptiveGCN,0.0,0.7270872592926025,1.0,none,gcn,3,128,0.001,none,151,151,34,21752,21.068,0.6895,2,92.11633523705925,39.11681627214037,61.447057647753645,58.940958087671405,3.56,850
X_gcn_h128,1,0.4,1,AdaptiveGCN,0.0,0.7270872592926025,1.0,none,gcn,3,128,0.001,none,151,151,34,21752,21.068,0.6895,3,138.86908848004904,54.63709492018775,69.86543063739774,59.91934327742284,7.16,850
X_gcn_h128,1,0.4,2,AdaptiveGCN,0.0,0.7139909267425537,1.0,none,gcn,3,128,0.001,none,151,151,34,21752,23.344,0.6112,0,125.57320677199505,48.43101700166989,67.08162988536515,58.62842847502665,nan,2550
X_gcn_h128,1,0.4,2,AdaptiveGCN,0.0,0.7139909267425537,1.0,none,gcn,3,128,0.001,none,151,151,34,21752,23.344,0.6112,1,89.35757134344716,35.714592973377336,57.94698505093029,54.39517673573435,4.04,850
X_gcn_h128,1,0.4,2,AdaptiveGCN,0.0,0.7139909267425537,1.0,none,gcn,3,128,0.001,none,151,151,34,21752,23.344,0.6112,2,122.57262533394649,48.854989484802765,68.4271264964527,60.58735815505637,5.28,850
X_gcn_h128,1,0.4,2,AdaptiveGCN,0.0,0.7139909267425537,1.0,none,gcn,3,128,0.001,none,151,151,34,21752,23.344,0.6112,3,155.8751639593409,60.72346854682957,74.87077810871246,60.87402505286848,8.2,850
X_gcn_h128,2,0.475,0,AdaptiveGCN,0.0,0.5719133019447327,1.0,none,gcn,3,128,0.001,none,185,185,34,21752,200.063,1.3693,0,191.18906228490732,50.83437773241881,46.226198918638595,58.57569617548898,nan,2550
X_gcn_h128,2,0.475,0,AdaptiveGCN,0.0,0.5719133019447327,1.0,none,gcn,3,128,0.001,none,185,185,34,21752,200.063,1.3693,1,76.85253504590308,31.10193896350067,39.77787248292862,45.849354840163684,1.92,850
X_gcn_h128,2,0.475,0,AdaptiveGCN,0.0,0.5719133019447327,1.0,none,gcn,3,128,0.001,none,185,185,34,21752,200.063,1.3693,2,112.20004104864245,38.09632094276521,43.78064564117315,49.941475159108315,1.76,850
X_gcn_h128,2,0.475,0,AdaptiveGCN,0.0,0.5719133019447327,1.0,none,gcn,3,128,0.001,none,185,185,34,21752,200.063,1.3693,3,301.9347798082356,83.30487329099053,55.12007863181402,79.93625852719491,3.84,850
X_gcn_h128,2,0.475,1,AdaptiveGCN,0.0,0.6291715502738953,1.0,none,gcn,3,128,0.001,none,185,185,34,21752,108.761,1.6657,0,250.42413922054612,65.53179510252149,49.68009840525307,65.63492687081889,nan,2550
X_gcn_h128,2,0.475,1,AdaptiveGCN,0.0,0.6291715502738953,1.0,none,gcn,3,128,0.001,none,185,185,34,21752,108.761,1.6657,1,124.87715423911794,44.67963206677752,43.0515981470618,52.17041008297365,2.84,850
X_gcn_h128,2,0.475,1,AdaptiveGCN,0.0,0.6291715502738953,1.0,none,gcn,3,128,0.001,none,185,185,34,21752,108.761,1.6657,2,129.3671751936822,49.83383432676687,48.27234260589645,57.653927123935404,4.44,850
X_gcn_h128,2,0.475,1,AdaptiveGCN,0.0,0.6291715502738953,1.0,none,gcn,3,128,0.001,none,185,185,34,21752,108.761,1.6657,3,394.7234206942896,102.08191891402006,57.71635446280096,87.08044340554764,3.4,850
X_gcn_h128,2,0.475,2,AdaptiveGCN,0.0,0.5437117218971252,1.0,none,gcn,3,128,0.001,none,185,185,34,21752,136.175,1.192,0,123.86579952345845,43.54405177069499,44.38214888681355,49.454593469254945,nan,2550
X_gcn_h128,2,0.475,2,AdaptiveGCN,0.0,0.5437117218971252,1.0,none,gcn,3,128,0.001,none,185,185,34,21752,136.175,1.192,1,115.81583662422949,40.83140371719923,40.47710067455641,44.96367757770898,3.52,850
X_gcn_h128,2,0.475,2,AdaptiveGCN,0.0,0.5437117218971252,1.0,none,gcn,3,128,0.001,none,185,185,34,21752,136.175,1.192,2,128.91938558460356,45.260364780035964,44.15642967342236,49.473050638123226,3.36,850
X_gcn_h128,2,0.475,2,AdaptiveGCN,0.0,0.5437117218971252,1.0,none,gcn,3,128,0.001,none,185,185,34,21752,136.175,1.192,3,126.47012644207682,44.54038681484978,48.512916312461876,53.927052191932624,2.72,850
X_gcn_h128,3,0.55,0,AdaptiveGCN,0.0,0.682041347026825,1.0,none,gcn,3,128,0.001,none,219,219,34,21752,46.841,0.6837,0,21.242891666707536,11.702357927409238,55.31603270982782,61.15090816982924,nan,2550
X_gcn_h128,3,0.55,0,AdaptiveGCN,0.0,0.682041347026825,1.0,none,gcn,3,128,0.001,none,219,219,34,21752,46.841,0.6837,1,16.93201476488956,9.749698858829763,50.45597637547004,55.90030033830624,1.5,850
X_gcn_h128,3,0.55,0,AdaptiveGCN,0.0,0.682041347026825,1.0,none,gcn,3,128,0.001,none,219,219,34,21752,46.841,0.6837,2,21.323004423033144,11.74889089184868,56.14999799679998,63.708121981682595,3.125,850
X_gcn_h128,3,0.55,0,AdaptiveGCN,0.0,0.682041347026825,1.0,none,gcn,3,128,0.001,none,219,219,34,21752,46.841,0.6837,3,24.74707452341161,13.60848403154927,59.34212375721347,63.853907995848594,3.625,850
X_gcn_h128,3,0.55,1,AdaptiveGCN,0.0,0.49003487825393677,1.0,none,gcn,3,128,0.001,none,219,219,34,21752,51.701,1.1316,0,22.85394319874288,12.45659370504758,57.36981377309775,62.02676211445664,nan,2550
X_gcn_h128,3,0.55,1,AdaptiveGCN,0.0,0.49003487825393677,1.0,none,gcn,3,128,0.001,none,219,219,34,21752,51.701,1.1316,1,17.05013577109005,9.880704694793504,50.51032788416558,56.91351929801477,1.625,850
X_gcn_h128,3,0.55,1,AdaptiveGCN,0.0,0.49003487825393677,1.0,none,gcn,3,128,0.001,none,219,219,34,21752,51.701,1.1316,2,23.400734772767652,12.780939344904002,59.52476214122656,62.872665290967,3.0,850
X_gcn_h128,3,0.55,1,AdaptiveGCN,0.0,0.49003487825393677,1.0,none,gcn,3,128,0.001,none,219,219,34,21752,51.701,1.1316,3,26.992714599981905,14.708137075445231,62.07435129390112,66.305444659414,3.7083333333333335,850
X_gcn_h128,3,0.55,2,AdaptiveGCN,0.0,0.6883620023727417,1.0,none,gcn,3,128,0.001,none,219,219,34,21752,80.558,0.8077,0,21.427186332280947,12.057788840255748,55.69310040088591,64.7781574993256,nan,2550
X_gcn_h128,3,0.55,2,AdaptiveGCN,0.0,0.6883620023727417,1.0,none,gcn,3,128,0.001,none,219,219,34,21752,80.558,0.8077,1,15.840196085663703,9.616675177533727,50.046965700053484,58.08994259371419,1.1666666666666667,850
X_gcn_h128,3,0.55,2,AdaptiveGCN,0.0,0.6883620023727417,1.0,none,gcn,3,128,0.001,none,219,219,34,21752,80.558,0.8077,2,21.434404138261268,12.02823461289384,56.773480495810055,65.50661397004556,2.7916666666666665,850
X_gcn_h128,3,0.55,2,AdaptiveGCN,0.0,0.6883620023727417,1.0,none,gcn,3,128,0.001,none,219,219,34,21752,80.558,0.8077,3,25.82687456043171,14.528456730339677,60.25885500679421,70.75320973511245,4.125,850
X_gcn_h128,4,0.625,0,AdaptiveGCN,0.0,0.6978844404220581,1.0,none,gcn,3,128,0.001,none,253,253,34,21752,115.097,0.9062,0,31.285277316419315,14.915598285252265,52.404629762503774,62.01657423881384,nan,2550
X_gcn_h128,4,0.625,0,AdaptiveGCN,0.0,0.6978844404220581,1.0,none,gcn,3,128,0.001,none,253,253,34,21752,115.097,0.9062,1,27.258343017439866,12.890597595318276,50.23454317714532,55.94692480123913,2.6666666666666665,850
X_gcn_h128,4,0.625,0,AdaptiveGCN,0.0,0.6978844404220581,1.0,none,gcn,3,128,0.001,none,253,253,34,21752,115.097,0.9062,2,29.307918046723753,14.431576614520129,52.12781703667565,62.70364876522159,5.083333333333333,850
X_gcn_h128,4,0.625,0,AdaptiveGCN,0.0,0.6978844404220581,1.0,none,gcn,3,128,0.001,none,253,253,34,21752,115.097,0.9062,3,36.5285423471276,17.42462064591839,54.85152907369035,67.39914914998077,5.041666666666667,850
X_gcn_h128,4,0.625,1,AdaptiveGCN,0.0,0.6299582123756409,1.0,none,gcn,3,128,0.001,none,253,253,34,21752,39.931,0.8014,0,31.30375054559979,14.485874181104432,51.209745566195,56.543791865176686,nan,2550
X_gcn_h128,4,0.625,1,AdaptiveGCN,0.0,0.6299582123756409,1.0,none,gcn,3,128,0.001,none,253,253,34,21752,39.931,0.8014,1,27.26967922358655,12.882398029850275,50.15985038549867,56.58874211179572,2.6666666666666665,850
X_gcn_h128,4,0.625,1,AdaptiveGCN,0.0,0.6299582123756409,1.0,none,gcn,3,128,0.001,none,253,253,34,21752,39.931,0.8014,2,29.502349394591125,13.885801233292064,50.1287033419207,54.74049966892331,4.5,850
X_gcn_h128,4,0.625,1,AdaptiveGCN,0.0,0.6299582123756409,1.0,none,gcn,3,128,0.001,none,253,253,34,21752,39.931,0.8014,3,36.41085511088113,16.689423280170953,53.340682971165634,58.30213381481101,4.708333333333333,850
X_gcn_h128,4,0.625,2,AdaptiveGCN,0.0,0.5915706157684326,1.0,none,gcn,3,128,0.001,none,253,253,34,21752,42.609,0.8717,0,31.81290706408385,15.052396131031438,53.09717663897383,60.88186813127664,nan,2550
X_gcn_h128,4,0.625,2,AdaptiveGCN,0.0,0.5915706157684326,1.0,none,gcn,3,128,0.001,none,253,253,34,21752,42.609,0.8717,1,27.593200072901972,12.962635595322697,50.97841165737565,56.173914277929484,2.5,850
X_gcn_h128,4,0.625,2,AdaptiveGCN,0.0,0.5915706157684326,1.0,none,gcn,3,128,0.001,none,253,253,34,21752,42.609,0.8717,2,29.960980437373248,14.661584236191256,53.00868732562433,61.45721019149517,4.75,850
X_gcn_h128,4,0.625,2,AdaptiveGCN,0.0,0.5915706157684326,1.0,none,gcn,3,128,0.001,none,253,253,34,21752,42.609,0.8717,3,37.10981175608747,17.532968561580365,55.30443093392151,65.0144799244053,5.25,850
X_gcn_h128,5,0.7,0,AdaptiveGCN,0.0,0.5736381411552429,1.0,none,gcn,3,128,0.001,none,287,287,34,21752,137.705,1.6743,0,61.089371096209355,29.99853250654661,46.614865704166284,52.33941557272958,nan,2550
X_gcn_h128,5,0.7,0,AdaptiveGCN,0.0,0.5736381411552429,1.0,none,gcn,3,128,0.001,none,287,287,34,21752,137.705,1.6743,1,43.87511391167697,22.884777669887715,39.146936600610815,40.16009199367327,1.4,850
X_gcn_h128,5,0.7,0,AdaptiveGCN,0.0,0.5736381411552429,1.0,none,gcn,3,128,0.001,none,287,287,34,21752,137.705,1.6743,2,60.98343473768727,30.497968580372195,45.580999537304386,47.71247716891814,3.36,850
X_gcn_h128,5,0.7,0,AdaptiveGCN,0.0,0.5736381411552429,1.0,none,gcn,3,128,0.001,none,287,287,34,21752,137.705,1.6743,3,74.50992450420777,36.61285126937992,55.11666097458367,69.37053671693396,4.333333333333333,850
X_gcn_h128,5,0.7,1,AdaptiveGCN,0.0,0.5009640455245972,1.0,none,gcn,3,128,0.001,none,287,287,34,21752,120.074,8.0225,0,59.87649950141164,29.906643591888578,46.23815430368584,52.645059828964136,nan,2550
X_gcn_h128,5,0.7,1,AdaptiveGCN,0.0,0.5009640455245972,1.0,none,gcn,3,128,0.001,none,287,287,34,21752,120.074,8.0225,1,44.608220484069236,22.825947263845627,39.146093864429865,39.54088826028227,1.6,850
X_gcn_h128,5,0.7,1,AdaptiveGCN,0.0,0.5009640455245972,1.0,none,gcn,3,128,0.001,none,287,287,34,21752,120.074,8.0225,2,59.68847134227958,30.46984373338685,45.458879134278426,47.980995001931994,3.44,850
X_gcn_h128,5,0.7,1,AdaptiveGCN,0.0,0.5009640455245972,1.0,none,gcn,3,128,0.001,none,287,287,34,21752,120.074,8.0225,3,72.13167564734773,36.42413977843326,54.109489912349204,70.65160924733985,4.166666666666667,850
X_gcn_h128,5,0.7,2,AdaptiveGCN,0.0,0.6437565088272095,1.0,none,gcn,3,128,0.001,none,287,287,34,21752,44.992,1.0602,0,56.464676835307415,29.163862258451214,47.178296431673076,54.031390923952415,nan,2550
X_gcn_h128,5,0.7,2,AdaptiveGCN,0.0,0.6437565088272095,1.0,none,gcn,3,128,0.001,none,287,287,34,21752,44.992,1.0602,1,41.49521370355315,22.280207170562218,41.93744111074338,41.50310598130878,2.0,850
X_gcn_h128,5,0.7,2,AdaptiveGCN,0.0,0.6437565088272095,1.0,none,gcn,3,128,0.001,none,287,287,34,21752,44.992,1.0602,2,54.60494641627418,28.990080517648774,45.07128288954676,50.42830864914284,2.88,850
X_gcn_h128,5,0.7,2,AdaptiveGCN,0.0,0.6437565088272095,1.0,none,gcn,3,128,0.001,none,287,287,34,21752,44.992,1.0602,3,69.72249462633553,36.221299087142654,54.526165294729104,70.38073365336767,3.7083333333333335,850
X_gcn_h128,6,0.775,0,AdaptiveGCN,0.0,0.789574146270752,1.0,none,gcn,3,128,0.001,none,321,321,34,21752,63.573,0.5893,0,10.788469466885505,5.36213741460835,85.20612280713496,86.60183396434942,nan,2550
X_gcn_h128,6,0.775,0,AdaptiveGCN,0.0,0.789574146270752,1.0,none,gcn,3,128,0.001,none,321,321,34,21752,63.573,0.5893,1,8.43997634263362,4.375776619804348,75.7727008307376,71.02780857786973,2.4285714285714284,850
X_gcn_h128,6,0.775,0,AdaptiveGCN,0.0,0.789574146270752,1.0,none,gcn,3,128,0.001,none,321,321,34,21752,63.573,0.5893,2,10.803600285096888,5.4815443264375965,90.41607424126198,89.32894158266008,4.142857142857143,850
X_gcn_h128,6,0.775,0,AdaptiveGCN,0.0,0.789574146270752,1.0,none,gcn,3,128,0.001,none,321,321,34,21752,63.573,0.5893,3,12.697332024067176,6.229091297583107,89.42959334940531,99.51395557941177,4.642857142857143,850
X_gcn_h128,6,0.775,1,AdaptiveGCN,0.0,0.7894025444984436,1.0,none,gcn,3,128,0.001,none,321,321,34,21752,96.425,0.723,0,10.552728005764088,5.253283322715057,77.69012930489912,84.36477459670337,nan,2550
X_gcn_h128,6,0.775,1,AdaptiveGCN,0.0,0.7894025444984436,1.0,none,gcn,3,128,0.001,none,321,321,34,21752,96.425,0.723,1,8.291506989123135,4.283782675897374,70.90110660554798,68.7090732569242,2.5,850
X_gcn_h128,6,0.775,1,AdaptiveGCN,0.0,0.7894025444984436,1.0,none,gcn,3,128,0.001,none,321,321,34,21752,96.425,0.723,2,10.224478640381763,5.164599414379473,75.30336284522124,83.60341580980514,4.142857142857143,850
X_gcn_h128,6,0.775,1,AdaptiveGCN,0.0,0.7894025444984436,1.0,none,gcn,3,128,0.001,none,321,321,34,21752,96.425,0.723,3,12.680345163780537,6.311467877868323,86.86591846392815,100.82565792885663,4.642857142857143,850
X_gcn_h128,6,0.775,2,AdaptiveGCN,0.0,0.7659565806388855,1.0,none,gcn,3,128,0.001,none,321,321,34,21752,41.752,0.5893,0,10.52625812067576,5.22496014538826,79.924994896238,84.38073312967987,nan,2550
X_gcn_h128,6,0.775,2,AdaptiveGCN,0.0,0.7659565806388855,1.0,none,gcn,3,128,0.001,none,321,321,34,21752,41.752,0.5893,1,8.429907983978948,4.370366801268709,82.28885476045149,71.0000046493679,2.2142857142857144,850
X_gcn_h128,6,0.775,2,AdaptiveGCN,0.0,0.7659565806388855,1.0,none,gcn,3,128,0.001,none,321,321,34,21752,41.752,0.5893,2,10.302957857826156,5.191887902977246,75.57555164311005,84.62592177513051,4.0,850
X_gcn_h128,6,0.775,2,AdaptiveGCN,0.0,0.7659565806388855,1.0,none,gcn,3,128,0.001,none,321,321,34,21752,41.752,0.5893,3,12.457609755919604,6.112625731918824,81.91057828515245,97.55928414522712,4.571428571428571,850
X_gcn_h128,7,0.85,0,AdaptiveGCN,0.0,0.7879717946052551,1.0,none,gcn,3,128,0.001,none,355,355,34,21752,82.092,0.502,0,90.88129352948778,21.96331520728279,94.1926042060128,419.4976780787695,nan,2550
X_gcn_h128,7,0.85,0,AdaptiveGCN,0.0,0.7879717946052551,1.0,none,gcn,3,128,0.001,none,355,355,34,21752,82.092,0.502,1,90.68860432603375,20.873838156276634,91.75039508301604,432.5889720627316,2.76,850
X_gcn_h128,7,0.85,0,AdaptiveGCN,0.0,0.7879717946052551,1.0,none,gcn,3,128,0.001,none,355,355,34,21752,82.092,0.502,2,90.24097932047043,21.770134160226036,91.60638692031871,332.62397828158095,3.52,850
X_gcn_h128,7,0.85,0,AdaptiveGCN,0.0,0.7879717946052551,1.0,none,gcn,3,128,0.001,none,355,355,34,21752,82.092,0.502,3,91.70807618447391,23.245973305345704,99.22103061470371,493.1427106803214,4.36,850
X_gcn_h128,7,0.85,1,AdaptiveGCN,0.0,0.762967050075531,1.0,none,gcn,3,128,0.001,none,355,355,34,21752,87.9,0.2725,0,86.97540387873376,21.19367770526826,92.00298681034216,384.16801892556236,nan,2550
X_gcn_h128,7,0.85,1,AdaptiveGCN,0.0,0.762967050075531,1.0,none,gcn,3,128,0.001,none,355,355,34,21752,87.9,0.2725,1,88.14115077354937,20.392370760974284,93.35942067736795,411.7402008458514,2.56,850
X_gcn_h128,7,0.85,1,AdaptiveGCN,0.0,0.762967050075531,1.0,none,gcn,3,128,0.001,none,355,355,34,21752,87.9,0.2725,2,86.70394474666345,21.079476397436878,89.98769766526806,306.25877253499505,3.32,850
X_gcn_h128,7,0.85,1,AdaptiveGCN,0.0,0.762967050075531,1.0,none,gcn,3,128,0.001,none,355,355,34,21752,87.9,0.2725,3,86.0681482622261,22.10918595739362,92.66184208839053,434.5189572756972,4.16,850
X_gcn_h128,7,0.85,2,AdaptiveGCN,0.0,0.7851150631904602,1.0,none,gcn,3,128,0.001,none,355,355,34,21752,73.155,0.2878,0,93.20200739843763,22.385504494890316,98.02661189252242,440.28057831278534,nan,2550
X_gcn_h128,7,0.85,2,AdaptiveGCN,0.0,0.7851150631904602,1.0,none,gcn,3,128,0.001,none,355,355,34,21752,73.155,0.2878,1,96.9514293856606,22.068059018981806,98.61941332605944,488.5170365381942,2.76,850
X_gcn_h128,7,0.85,2,AdaptiveGCN,0.0,0.7851150631904602,1.0,none,gcn,3,128,0.001,none,355,355,34,21752,73.155,0.2878,2,90.3725371099007,21.77899689480717,97.98149128160624,335.38491728261846,3.32,850
X_gcn_h128,7,0.85,2,AdaptiveGCN,0.0,0.7851150631904602,1.0,none,gcn,3,128,0.001,none,355,355,34,21752,73.155,0.2878,3,92.15783974080638,23.309457570881968,97.47893106990163,497.0546836100286,4.16,850
X_gcn_h128,8,0.925,0,AdaptiveGCN,0.0,0.5778632164001465,1.0,none,gcn,3,128,0.001,none,389,389,34,21752,95.708,2.5082,0,27.875683320502176,11.745696687882152,78.80932600447078,98.64594325969529,nan,2550
X_gcn_h128,8,0.925,0,AdaptiveGCN,0.0,0.5778632164001465,1.0,none,gcn,3,128,0.001,none,389,389,34,21752,95.708,2.5082,1,25.1257753503661,9.563336542105842,72.03435173611348,79.18572169016409,2.5238095238095237,850
X_gcn_h128,8,0.925,0,AdaptiveGCN,0.0,0.5778632164001465,1.0,none,gcn,3,128,0.001,none,389,389,34,21752,95.708,2.5082,2,26.889523720369667,11.438690515809748,77.63828648306439,96.94578487662035,3.4761904761904763,850
X_gcn_h128,8,0.925,0,AdaptiveGCN,0.0,0.5778632164001465,1.0,none,gcn,3,128,0.001,none,389,389,34,21752,95.708,2.5082,3,31.25396117117608,14.235063005730867,86.75533979423444,119.66700133067295,5.238095238095238,850
X_gcn_h128,8,0.925,1,AdaptiveGCN,0.0,0.43157678842544556,1.0,none,gcn,3,128,0.001,none,389,389,34,21752,99.019,0.8178,0,28.25258958748075,12.330835963045795,79.90144421018135,104.86504543802995,nan,2550
X_gcn_h128,8,0.925,1,AdaptiveGCN,0.0,0.43157678842544556,1.0,none,gcn,3,128,0.001,none,389,389,34,21752,99.019,0.8178,1,25.9517995662808,10.307905451919446,72.49130442116592,85.98498609805561,2.9523809523809526,850
X_gcn_h128,8,0.925,1,AdaptiveGCN,0.0,0.43157678842544556,1.0,none,gcn,3,128,0.001,none,389,389,34,21752,99.019,0.8178,2,28.15757983070418,12.47185788021149,80.10499652128105,108.05583134906946,3.857142857142857,850
X_gcn_h128,8,0.925,1,AdaptiveGCN,0.0,0.43157678842544556,1.0,none,gcn,3,128,0.001,none,389,389,34,21752,99.019,0.8178,3,30.467708357291755,14.212744557006449,87.10803168809709,120.4389067051052,5.571428571428571,850
X_gcn_h128,8,0.925,2,AdaptiveGCN,0.0,0.4192689061164856,1.0,none,gcn,3,128,0.001,none,389,389,34,21752,103.049,0.6411,0,27.872298202476905,11.913994699897069,78.29794118069437,97.27593048655564,nan,2550
X_gcn_h128,8,0.925,2,AdaptiveGCN,0.0,0.4192689061164856,1.0,none,gcn,3,128,0.001,none,389,389,34,21752,103.049,0.6411,1,24.671245294219187,9.759684903934454,70.58575444081676,78.76156954073022,2.7142857142857144,850
X_gcn_h128,8,0.925,2,AdaptiveGCN,0.0,0.4192689061164856,1.0,none,gcn,3,128,0.001,none,389,389,34,21752,103.049,0.6411,2,26.868175013059147,11.731232391357805,77.6855478537172,94.08113816302978,3.4761904761904763,850
X_gcn_h128,8,0.925,2,AdaptiveGCN,0.0,0.4192689061164856,1.0,none,gcn,3,128,0.001,none,389,389,34,21752,103.049,0.6411,3,31.623185297554762,14.251066804398947,86.62252124754912,118.8460957535944,4.904761904761905,850
X_gcn_h96,1,0.4,0,AdaptiveGCN,0.0,0.8041146993637085,1.0,none,gcn,3,96,0.001,none,151,151,34,13368,29.75,0.9289,0,99.62482580277519,38.48297522469109,61.272019507993114,59.08129426792228,nan,2550
X_gcn_h96,1,0.4,0,AdaptiveGCN,0.0,0.8041146993637085,1.0,none,gcn,3,96,0.001,none,151,151,34,13368,29.75,0.9289,1,52.2947219570466,24.934833727815626,53.94538203543385,55.59756490995396,2.6,850
X_gcn_h96,1,0.4,0,AdaptiveGCN,0.0,0.8041146993637085,1.0,none,gcn,3,96,0.001,none,151,151,34,13368,29.75,0.9289,2,79.5269496612729,35.2942278090433,59.71429264188427,59.83928659333453,3.2,850
X_gcn_h96,1,0.4,0,AdaptiveGCN,0.0,0.8041146993637085,1.0,none,gcn,3,96,0.001,none,151,151,34,13368,29.75,0.9289,3,143.93069193785064,55.21986413721434,70.1563838466612,61.780293539257656,8.36,850
X_gcn_h96,1,0.4,1,AdaptiveGCN,0.0,0.7906351685523987,1.0,none,gcn,3,96,0.001,none,151,151,34,13368,33.236,0.9173,0,89.47628640973501,36.88189640980972,59.79301845404179,58.86772433252019,nan,2550
X_gcn_h96,1,0.4,1,AdaptiveGCN,0.0,0.7906351685523987,1.0,none,gcn,3,96,0.001,none,151,151,34,13368,33.236,0.9173,1,65.4405668666057,28.531497994224843,54.21488409321037,54.269895854870796,2.36,850
X_gcn_h96,1,0.4,1,AdaptiveGCN,0.0,0.7906351685523987,1.0,none,gcn,3,96,0.001,none,151,151,34,13368,33.236,0.9173,2,88.55443450862396,37.62953162716989,60.44151617840813,60.722801606964275,3.16,850
X_gcn_h96,1,0.4,1,AdaptiveGCN,0.0,0.7906351685523987,1.0,none,gcn,3,96,0.001,none,151,151,34,13368,33.236,0.9173,3,109.05806630445052,44.48465960803442,64.72265509050689,61.57828742506018,6.08,850
X_gcn_h96,1,0.4,2,AdaptiveGCN,0.0,0.7474929690361023,1.0,none,gcn,3,96,0.001,none,151,151,34,13368,22.027,0.6632,0,119.27673057750629,45.42886755681177,64.80155091616598,58.270474565169,nan,2550
X_gcn_h96,1,0.4,2,AdaptiveGCN,0.0,0.7474929690361023,1.0,none,gcn,3,96,0.001,none,151,151,34,13368,22.027,0.6632,1,71.64091600708646,30.511188747219688,55.231369935593314,52.98441724640611,3.16,850
X_gcn_h96,1,0.4,2,AdaptiveGCN,0.0,0.7474929690361023,1.0,none,gcn,3,96,0.001,none,151,151,34,13368,22.027,0.6632,2,112.32371832480113,45.3917939407792,65.19702893390271,59.96279536391339,4.44,850
X_gcn_h96,1,0.4,2,AdaptiveGCN,0.0,0.7474929690361023,1.0,none,gcn,3,96,0.001,none,151,151,34,13368,22.027,0.6632,3,157.8979950066922,60.38361998243641,73.97625387900192,61.825607168821016,8.6,850
X_gcn_h96,2,0.475,0,AdaptiveGCN,0.0,0.5572620034217834,1.0,none,gcn,3,96,0.001,none,185,185,34,13368,122.628,1.3433,0,141.04256042105797,45.97946657790273,46.81264769792529,53.514060570229425,nan,2550
X_gcn_h96,2,0.475,0,AdaptiveGCN,0.0,0.5572620034217834,1.0,none,gcn,3,96,0.001,none,185,185,34,13368,122.628,1.3433,1,93.42667157447258,34.82405363111812,39.34983734113154,41.83578997982102,1.76,850
X_gcn_h96,2,0.475,0,AdaptiveGCN,0.0,0.5572620034217834,1.0,none,gcn,3,96,0.001,none,185,185,34,13368,122.628,1.3433,2,106.16034200944748,41.53774204576717,46.73226665127736,49.93179002342493,4.24,850
X_gcn_h96,2,0.475,0,AdaptiveGCN,0.0,0.5572620034217834,1.0,none,gcn,3,96,0.001,none,185,185,34,13368,122.628,1.3433,3,199.1995240288895,61.5766040568229,54.35583910136695,68.7746017074423,3.0,850
X_gcn_h96,2,0.475,1,AdaptiveGCN,0.0,0.5598404407501221,1.0,none,gcn,3,96,0.001,none,185,185,34,13368,57.82,0.9221,0,135.12483131722465,45.498155884176185,45.9909146444439,48.84938838051879,nan,2550
X_gcn_h96,2,0.475,1,AdaptiveGCN,0.0,0.5598404407501221,1.0,none,gcn,3,96,0.001,none,185,185,34,13368,57.82,0.9221,1,96.53625926021849,33.739692728562446,38.030335250785555,40.461558957163874,2.48,850
X_gcn_h96,2,0.475,1,AdaptiveGCN,0.0,0.5598404407501221,1.0,none,gcn,3,96,0.001,none,185,185,34,13368,57.82,0.9221,2,172.3069392192736,55.85076620728435,48.76011681354375,47.593559075593774,6.32,850
X_gcn_h96,2,0.475,1,AdaptiveGCN,0.0,0.5598404407501221,1.0,none,gcn,3,96,0.001,none,185,185,34,13368,57.82,0.9221,3,125.5676290309516,46.90400871668175,51.182291869002384,58.4930471087987,2.96,850
X_gcn_h96,2,0.475,2,AdaptiveGCN,0.0,0.5869606733322144,1.0,none,gcn,3,96,0.001,none,185,185,34,13368,177.941,5.8581,0,376.02687376035516,86.89768168395969,48.875407917459476,65.88404631689552,nan,2550
X_gcn_h96,2,0.475,2,AdaptiveGCN,0.0,0.5869606733322144,1.0,none,gcn,3,96,0.001,none,185,185,34,13368,177.941,5.8581,1,210.67687345249308,60.87352600682637,43.512838700147455,51.88499137846191,1.84,850
X_gcn_h96,2,0.475,2,AdaptiveGCN,0.0,0.5869606733322144,1.0,none,gcn,3,96,0.001,none,185,185,34,13368,177.941,5.8581,2,405.67097253721147,91.72547368076137,47.35988071079373,61.598890463709644,2.4,850
X_gcn_h96,2,0.475,2,AdaptiveGCN,0.0,0.5869606733322144,1.0,none,gcn,3,96,0.001,none,185,185,34,13368,177.941,5.8581,3,463.93420482106455,108.09404536429135,55.75350434143728,84.16825710851495,2.76,850
X_gcn_h96,3,0.55,0,AdaptiveGCN,0.0,0.6700491309165955,1.0,none,gcn,3,96,0.001,none,219,219,34,13368,32.466,0.6088,0,20.78940122937957,11.613126661891286,55.44645922397075,61.438709697882445,nan,2550
X_gcn_h96,3,0.55,0,AdaptiveGCN,0.0,0.6700491309165955,1.0,none,gcn,3,96,0.001,none,219,219,34,13368,32.466,0.6088,1,16.01180696355093,9.303413862214589,50.022200263722794,54.0066142801512,1.125,850
X_gcn_h96,3,0.55,0,AdaptiveGCN,0.0,0.6700491309165955,1.0,none,gcn,3,96,0.001,none,219,219,34,13368,32.466,0.6088,2,21.072161905741254,11.779573969804368,56.561619230257854,63.83424237477765,3.2083333333333335,850
X_gcn_h96,3,0.55,0,AdaptiveGCN,0.0,0.6700491309165955,1.0,none,gcn,3,96,0.001,none,219,219,34,13368,32.466,0.6088,3,24.416872052099457,13.756392153654906,59.7555581779316,66.49034941351722,4.5,850
X_gcn_h96,3,0.55,1,AdaptiveGCN,0.0,0.7511590719223022,1.0,none,gcn,3,96,0.001,none,219,219,34,13368,29.51,0.6267,0,21.322787964824048,12.0002830287968,55.716366383332364,63.88933486969771,nan,2550
X_gcn_h96,3,0.55,1,AdaptiveGCN,0.0,0.7511590719223022,1.0,none,gcn,3,96,0.001,none,219,219,34,13368,29.51,0.6267,1,16.158476435142482,9.638507632523474,50.565862508989,57.45312019431077,1.1666666666666667,850
X_gcn_h96,3,0.55,1,AdaptiveGCN,0.0,0.7511590719223022,1.0,none,gcn,3,96,0.001,none,219,219,34,13368,29.51,0.6267,2,21.039063704509765,11.805501516356188,56.440327195376994,63.79972302457091,2.9166666666666665,850
X_gcn_h96,3,0.55,1,AdaptiveGCN,0.0,0.7511590719223022,1.0,none,gcn,3,96,0.001,none,219,219,34,13368,29.51,0.6267,3,25.69523881015821,14.556839937510736,60.14290944563109,70.43083495876756,3.8333333333333335,850
X_gcn_h96,3,0.55,2,AdaptiveGCN,0.0,0.6453049182891846,1.0,none,gcn,3,96,0.001,none,219,219,34,13368,33.027,0.6514,0,21.447089534742656,11.709499157336266,55.305529938268585,62.23334403762858,nan,2550
X_gcn_h96,3,0.55,2,AdaptiveGCN,0.0,0.6453049182891846,1.0,none,gcn,3,96,0.001,none,219,219,34,13368,33.027,0.6514,1,16.528753276844544,9.409909672560719,50.16731656227639,53.83884688305653,2.4166666666666665,850
X_gcn_h96,3,0.55,2,AdaptiveGCN,0.0,0.6453049182891846,1.0,none,gcn,3,96,0.001,none,219,219,34,13368,33.027,0.6514,2,21.814270034967507,11.828165934407973,56.187735801140114,64.70147848929018,3.1666666666666665,850
X_gcn_h96,3,0.55,2,AdaptiveGCN,0.0,0.6453049182891846,1.0,none,gcn,3,96,0.001,none,219,219,34,13368,33.027,0.6514,3,25.117143278815025,13.890421865040107,59.561537451389256,68.17702337881892,4.291666666666667,850
X_gcn_h96,4,0.625,0,AdaptiveGCN,0.0,0.5324599742889404,1.0,none,gcn,3,96,0.001,none,253,253,34,13368,95.633,3.3996,0,32.413408641376606,15.454813335833013,54.091491552975576,63.1465584927065,nan,2550
X_gcn_h96,4,0.625,0,AdaptiveGCN,0.0,0.5324599742889404,1.0,none,gcn,3,96,0.001,none,253,253,34,13368,95.633,3.3996,1,28.35071771402643,13.570787268026786,51.35546305443414,60.52036157713536,2.7083333333333335,850
X_gcn_h96,4,0.625,0,AdaptiveGCN,0.0,0.5324599742889404,1.0,none,gcn,3,96,0.001,none,253,253,34,13368,95.633,3.3996,2,30.7197082902841,14.891933899407878,53.83390107260134,60.52348368994747,4.041666666666667,850
X_gcn_h96,4,0.625,0,AdaptiveGCN,0.0,0.5324599742889404,1.0,none,gcn,3,96,0.001,none,253,253,34,13368,95.633,3.3996,3,37.47563884602959,17.901718840064373,57.08511053189127,68.3958302110366,5.166666666666667,850
X_gcn_h96,4,0.625,1,AdaptiveGCN,0.0,0.550822377204895,1.0,none,gcn,3,96,0.001,none,253,253,34,13368,43.382,0.6232,0,30.844928697413746,14.285580607508674,51.209954208494004,55.765083577082564,nan,2550
X_gcn_h96,4,0.625,1,AdaptiveGCN,0.0,0.550822377204895,1.0,none,gcn,3,96,0.001,none,253,253,34,13368,43.382,0.6232,1,26.952392765883985,12.609790962372413,49.4768395264779,54.124451772916395,2.125,850
X_gcn_h96,4,0.625,1,AdaptiveGCN,0.0,0.550822377204895,1.0,none,gcn,3,96,0.001,none,253,253,34,13368,43.382,0.6232,2,28.96650519401957,13.809531063047675,50.69575069668634,55.228569138858234,2.7083333333333335,850
X_gcn_h96,4,0.625,1,AdaptiveGCN,0.0,0.550822377204895,1.0,none,gcn,3,96,0.001,none,253,253,34,13368,43.382,0.6232,3,35.89901085105237,16.437419797105935,53.457272402317756,57.942229819473056,3.375,850
X_gcn_h96,4,0.625,2,AdaptiveGCN,0.0,0.5712558031082153,1.0,none,gcn,3,96,0.001,none,253,253,34,13368,43.551,0.7459,0,31.78199590188064,14.85806667653369,52.94468468159186,60.38451386381849,nan,2550
X_gcn_h96,4,0.625,2,AdaptiveGCN,0.0,0.5712558031082153,1.0,none,gcn,3,96,0.001,none,253,253,34,13368,43.551,0.7459,1,27.135163185886697,12.797508786161814,50.93544709563025,57.26044074616959,2.5416666666666665,850
X_gcn_h96,4,0.625,2,AdaptiveGCN,0.0,0.5712558031082153,1.0,none,gcn,3,96,0.001,none,253,253,34,13368,43.551,0.7459,2,30.79123950728136,14.843976607820128,52.90337296197782,62.1364040064433,3.2916666666666665,850
X_gcn_h96,4,0.625,2,AdaptiveGCN,0.0,0.5712558031082153,1.0,none,gcn,3,96,0.001,none,253,253,34,13368,43.551,0.7459,3,36.68607745456045,16.932714635619128,54.99523398716748,61.75669683884259,3.5416666666666665,850
X_gcn_h96,5,0.7,0,AdaptiveGCN,0.0,0.5654260516166687,1.0,none,gcn,3,96,0.001,none,287,287,34,13368,112.47,2.4203,0,59.58900853385607,29.92622834082784,46.34903011486635,53.1733701639497,nan,2550
X_gcn_h96,5,0.7,0,AdaptiveGCN,0.0,0.5654260516166687,1.0,none,gcn,3,96,0.001,none,287,287,34,13368,112.47,2.4203,1,42.395087182667766,21.95779209231629,38.208415088658725,39.23080075403579,1.4,850
X_gcn_h96,5,0.7,0,AdaptiveGCN,0.0,0.5654260516166687,1.0,none,gcn,3,96,0.001,none,287,287,34,13368,112.47,2.4203,2,59.180231599206536,30.50890897874337,45.567471177176095,49.62618900118516,2.8,850
X_gcn_h96,5,0.7,0,AdaptiveGCN,0.0,0.5654260516166687,1.0,none,gcn,3,96,0.001,none,287,287,34,13368,112.47,2.4203,3,73.16356049825752,37.31198395142386,55.271204078764235,70.90037156117863,4.0,850
X_gcn_h96,5,0.7,1,AdaptiveGCN,0.0,0.5473927855491638,1.0,none,gcn,3,96,0.001,none,287,287,34,13368,53.446,0.8374,0,56.92949408442835,28.836637966817623,45.48359771858242,52.5171541524864,nan,2550
X_gcn_h96,5,0.7,1,AdaptiveGCN,0.0,0.5473927855491638,1.0,none,gcn,3,96,0.001,none,287,287,34,13368,53.446,0.8374,1,39.99576416705601,21.205251870294408,38.540060298056176,40.100266093632634,1.56,850
X_gcn_h96,5,0.7,1,AdaptiveGCN,0.0,0.5473927855491638,1.0,none,gcn,3,96,0.001,none,287,287,34,13368,53.446,0.8374,2,56.53838799752659,29.49226708100999,44.32344351044237,48.74266171769591,3.24,850
X_gcn_h96,5,0.7,1,AdaptiveGCN,0.0,0.5473927855491638,1.0,none,gcn,3,96,0.001,none,287,287,34,13368,53.446,0.8374,3,70.19010914267955,35.81239494914846,53.58728934724872,68.92691646503015,4.375,850
X_gcn_h96,5,0.7,2,AdaptiveGCN,0.0,0.6327922344207764,1.0,none,gcn,3,96,0.001,none,287,287,34,13368,56.01,0.7964,0,57.653535329266646,28.89553618195083,45.16610596576424,51.13455806591779,nan,2550
X_gcn_h96,5,0.7,2,AdaptiveGCN,0.0,0.6327922344207764,1.0,none,gcn,3,96,0.001,none,287,287,34,13368,56.01,0.7964,1,42.516657146670575,22.080798134308527,38.195261024916,38.75173151113678,1.24,850
X_gcn_h96,5,0.7,2,AdaptiveGCN,0.0,0.6327922344207764,1.0,none,gcn,3,96,0.001,none,287,287,34,13368,56.01,0.7964,2,56.67828537072654,29.044223601978054,43.738904922831054,46.6335779065542,3.44,850
X_gcn_h96,5,0.7,2,AdaptiveGCN,0.0,0.6327922344207764,1.0,none,gcn,3,96,0.001,none,287,287,34,13368,56.01,0.7964,3,70.36829002040581,35.56158680956592,53.56415194954569,68.24463867703659,4.083333333333333,850
X_gcn_h96,6,0.775,0,AdaptiveGCN,0.0,0.7580569386482239,1.0,none,gcn,3,96,0.001,none,321,321,34,13368,45.88,0.9008,0,10.931810123521098,5.509562097662516,94.23222010146367,90.56643388335543,nan,2550
X_gcn_h96,6,0.775,0,AdaptiveGCN,0.0,0.7580569386482239,1.0,none,gcn,3,96,0.001,none,321,321,34,13368,45.88,0.9008,1,8.923404099836972,4.681784748963272,97.10982368541238,76.36145585765941,2.5,850
X_gcn_h96,6,0.775,0,AdaptiveGCN,0.0,0.7580569386482239,1.0,none,gcn,3,96,0.001,none,321,321,34,13368,45.88,0.9008,2,10.787554894275901,5.458383287746452,92.31154387816754,91.4026378943525,6.285714285714286,850
X_gcn_h96,6,0.775,0,AdaptiveGCN,0.0,0.7580569386482239,1.0,none,gcn,3,96,0.001,none,321,321,34,13368,45.88,0.9008,3,12.748134624491215,6.388518256277825,93.27529274081111,103.9844401028534,4.857142857142857,850
X_gcn_h96,6,0.775,1,AdaptiveGCN,0.0,0.7086150646209717,1.0,none,gcn,3,96,0.001,none,321,321,34,13368,103.321,0.8491,0,10.766841730510938,5.371818609217013,88.31756141525268,86.91279256150301,nan,2550
X_gcn_h96,6,0.775,1,AdaptiveGCN,0.0,0.7086150646209717,1.0,none,gcn,3,96,0.001,none,321,321,34,13368,103.321,0.8491,1,8.640425100691914,4.501094763317378,89.70310667916223,73.1244036267502,2.5,850
X_gcn_h96,6,0.775,1,AdaptiveGCN,0.0,0.7086150646209717,1.0,none,gcn,3,96,0.001,none,321,321,34,13368,103.321,0.8491,2,10.525178472280643,5.334563978498609,87.22561906181767,87.3300188494343,4.142857142857143,850
X_gcn_h96,6,0.775,1,AdaptiveGCN,0.0,0.7086150646209717,1.0,none,gcn,3,96,0.001,none,321,321,34,13368,103.321,0.8491,3,12.741205388643126,6.2797970858350505,88.02395850477815,100.32929735254348,4.571428571428571,850
X_gcn_h96,6,0.775,2,AdaptiveGCN,0.0,0.7882960438728333,1.0,none,gcn,3,96,0.001,none,321,321,34,13368,37.593,0.6395,0,11.210821681981923,5.65136649448703,97.19130440803218,92.64343790888053,nan,2550
X_gcn_h96,6,0.775,2,AdaptiveGCN,0.0,0.7882960438728333,1.0,none,gcn,3,96,0.001,none,321,321,34,13368,37.593,0.6395,1,8.739481348357588,4.565113723804997,92.16799509632762,74.23265610825875,3.357142857142857,850
X_gcn_h96,6,0.775,2,AdaptiveGCN,0.0,0.7882960438728333,1.0,none,gcn,3,96,0.001,none,321,321,34,13368,37.593,0.6395,2,10.767617757308201,5.4842347498926305,94.59325201623682,91.24392688340647,5.428571428571429,850
X_gcn_h96,6,0.775,2,AdaptiveGCN,0.0,0.7882960438728333,1.0,none,gcn,3,96,0.001,none,321,321,34,13368,37.593,0.6395,3,13.591447382446026,6.904751009763465,104.81266611153215,112.50213929233968,4.571428571428571,850
X_gcn_h96,7,0.85,0,AdaptiveGCN,0.0,0.7589392066001892,1.0,none,gcn,3,96,0.001,none,355,355,34,13368,89.872,0.6357,0,88.27864732050962,21.419057698626837,96.6990652588935,395.8177423525143,nan,2550
X_gcn_h96,7,0.85,0,AdaptiveGCN,0.0,0.7589392066001892,1.0,none,gcn,3,96,0.001,none,355,355,34,13368,89.872,0.6357,1,91.34253060481919,20.989891835008542,97.03920681340803,440.6704255308524,2.56,850
X_gcn_h96,7,0.85,0,AdaptiveGCN,0.0,0.7589392066001892,1.0,none,gcn,3,96,0.001,none,355,355,34,13368,89.872,0.6357,2,87.93875228781609,21.284442524695905,94.90254599723383,316.1878940808903,3.32,850
X_gcn_h96,7,0.85,0,AdaptiveGCN,0.0,0.7589392066001892,1.0,none,gcn,3,96,0.001,none,355,355,34,13368,89.872,0.6357,3,85.4557000263092,21.982838736176063,98.1554429660386,430.7534303931692,4.36,850
X_gcn_h96,7,0.85,1,AdaptiveGCN,0.0,0.7846187949180603,1.0,none,gcn,3,96,0.001,none,355,355,34,13368,41.546,0.6754,0,92.96245098794147,22.334266483226823,94.07663311662012,437.87442743449566,nan,2550
X_gcn_h96,7,0.85,1,AdaptiveGCN,0.0,0.7846187949180603,1.0,none,gcn,3,96,0.001,none,355,355,34,13368,41.546,0.6754,1,92.2749113886219,21.114131849553853,89.11065785836492,446.29247637333157,2.76,850
X_gcn_h96,7,0.85,1,AdaptiveGCN,0.0,0.7846187949180603,1.0,none,gcn,3,96,0.001,none,355,355,34,13368,41.546,0.6754,2,92.63028199006469,22.222449439213534,95.65637450812947,346.6088716991226,3.32,850
X_gcn_h96,7,0.85,1,AdaptiveGCN,0.0,0.7846187949180603,1.0,none,gcn,3,96,0.001,none,355,355,34,13368,41.546,0.6754,3,93.97352535538575,23.66621816091308,97.46286698336593,520.5314251143841,4.36,850
X_gcn_h96,7,0.85,2,AdaptiveGCN,0.0,0.722726047039032,1.0,none,gcn,3,96,0.001,none,355,355,34,13368,45.46,0.5721,0,90.38694504070497,21.85745704998657,93.00091310606251,415.7344018208376,nan,2550
X_gcn_h96,7,0.85,2,AdaptiveGCN,0.0,0.722726047039032,1.0,none,gcn,3,96,0.001,none,355,355,34,13368,45.46,0.5721,1,89.46269225374877,20.594811175824347,90.56953658381853,422.25687676865374,2.56,850
X_gcn_h96,7,0.85,2,AdaptiveGCN,0.0,0.722726047039032,1.0,none,gcn,3,96,0.001,none,355,355,34,13368,45.46,0.5721,2,89.65835074596477,21.65852683183463,91.7693698474314,327.04088219755016,3.32,850
X_gcn_h96,7,0.85,2,AdaptiveGCN,0.0,0.722726047039032,1.0,none,gcn,3,96,0.001,none,355,355,34,13368,45.46,0.5721,3,92.0174240978243,23.319033142300732,96.6638328869376,497.7059483872766,4.16,850
X_gcn_h96,8,0.925,0,AdaptiveGCN,0.0,0.5163914561271667,1.0,none,gcn,3,96,0.001,none,389,389,34,13368,169.874,0.8741,0,28.272485605044285,11.879018169545406,81.63644712509996,102.3185411146763,nan,2550
X_gcn_h96,8,0.925,0,AdaptiveGCN,0.0,0.5163914561271667,1.0,none,gcn,3,96,0.001,none,389,389,34,13368,169.874,0.8741,1,25.546190383861404,9.993571694655214,75.92520978942187,84.27244873934282,2.761904761904762,850
X_gcn_h96,8,0.925,0,AdaptiveGCN,0.0,0.5163914561271667,1.0,none,gcn,3,96,0.001,none,389,389,34,13368,169.874,0.8741,2,27.479802505171314,11.583442513109048,80.16627332633105,100.18317254060773,3.6666666666666665,850
X_gcn_h96,8,0.925,0,AdaptiveGCN,0.0,0.5163914561271667,1.0,none,gcn,3,96,0.001,none,389,389,34,13368,169.874,0.8741,3,31.468284637243844,14.060040300871957,88.81785825954698,122.36852374081455,5.666666666666667,850
X_gcn_h96,8,0.925,1,AdaptiveGCN,0.0,0.3837083876132965,1.0,none,gcn,3,96,0.001,none,389,389,34,13368,286.781,0.5026,0,27.136038551593327,12.066503308130583,81.70191006830458,103.86491473718567,nan,2550
X_gcn_h96,8,0.925,1,AdaptiveGCN,0.0,0.3837083876132965,1.0,none,gcn,3,96,0.001,none,389,389,34,13368,286.781,0.5026,1,24.704755896437145,9.876386121312047,73.98299898124289,83.46137596322548,2.8095238095238093,850
X_gcn_h96,8,0.925,1,AdaptiveGCN,0.0,0.3837083876132965,1.0,none,gcn,3,96,0.001,none,389,389,34,13368,286.781,0.5026,2,26.416302926783064,11.953064081838136,81.76440703512155,105.74829671713306,3.619047619047619,850
X_gcn_h96,8,0.925,1,AdaptiveGCN,0.0,0.3837083876132965,1.0,none,gcn,3,96,0.001,none,389,389,34,13368,286.781,0.5026,3,30.015791520440764,14.370059721241567,89.35832418854932,122.25395922108969,6.714285714285714,850
X_gcn_h96,8,0.925,2,AdaptiveGCN,0.0,0.5842467546463013,1.0,none,gcn,3,96,0.001,none,389,389,34,13368,59.556,0.7333,0,27.847253872576662,11.589775504273655,80.61822717862846,99.55981867035226,nan,2550
X_gcn_h96,8,0.925,2,AdaptiveGCN,0.0,0.5842467546463013,1.0,none,gcn,3,96,0.001,none,389,389,34,13368,59.556,0.7333,1,25.364146533323584,9.856452445626697,74.39308517515632,83.30188010465314,2.4285714285714284,850
X_gcn_h96,8,0.925,2,AdaptiveGCN,0.0,0.5842467546463013,1.0,none,gcn,3,96,0.001,none,389,389,34,13368,59.556,0.7333,2,27.446823710155375,11.437945949659984,80.3287553162767,99.24952845341113,3.0476190476190474,850
X_gcn_h96,8,0.925,2,AdaptiveGCN,0.0,0.5842467546463013,1.0,none,gcn,3,96,0.001,none,389,389,34,13368,59.556,0.7333,3,30.491647767724032,13.474928117534283,87.13284104445235,116.01618274077579,5.0476190476190474,850
persistence,1,0.4,0,Persistence,0.0,nan,0.0,none,none,3,0,0.0,none,0,0,34,0,0.0,0.0,0,73.5201586334673,32.512549019607846,56.92076398350993,59.570052410688376,nan,2550
persistence,1,0.4,0,Persistence,0.0,nan,0.0,none,none,3,0,0.0,none,0,0,34,0,0.0,0.0,1,53.27343450097254,25.331764705882353,52.04820153998707,56.003322914535744,2.52,850
persistence,1,0.4,0,Persistence,0.0,nan,0.0,none,none,3,0,0.0,none,0,0,34,0,0.0,0.0,2,64.20278535280868,30.863529411764706,56.09017636034833,60.756974553725954,3.12,850
persistence,1,0.4,0,Persistence,0.0,nan,0.0,none,none,3,0,0.0,none,0,0,34,0,0.0,0.0,3,96.20594943080367,41.34235294117647,62.62391405019437,61.923975434850654,6.32,850
persistence,2,0.475,0,Persistence,0.0,nan,0.0,none,none,3,0,0.0,none,0,0,34,0,0.0,0.0,0,129.58545670033845,46.742745098039215,44.023604399543075,56.97793978106264,nan,2550
persistence,2,0.475,0,Persistence,0.0,nan,0.0,none,none,3,0,0.0,none,0,0,34,0,0.0,0.0,1,85.1948562379899,33.43176470588235,37.408803898948875,44.00656892100401,1.0,850
persistence,2,0.475,0,Persistence,0.0,nan,0.0,none,none,3,0,0.0,none,0,0,34,0,0.0,0.0,2,128.20830476909327,48.129411764705885,43.2921151920175,55.00767482624587,2.0,850
persistence,2,0.475,0,Persistence,0.0,nan,0.0,none,none,3,0,0.0,none,0,0,34,0,0.0,0.0,3,163.34515243351854,58.66705882352941,51.36989410766286,71.91957559593801,3.24,850
persistence,3,0.55,0,Persistence,0.0,nan,0.0,none,none,3,0,0.0,none,0,0,34,0,0.0,0.0,0,21.993100522396457,12.27843137254902,55.149097501207876,65.67583110011772,nan,2550
persistence,3,0.55,0,Persistence,0.0,nan,0.0,none,none,3,0,0.0,none,0,0,34,0,0.0,0.0,1,15.631830271822261,9.50470588235294,49.48022300843049,56.72869017332414,1.0,850
persistence,3,0.55,0,Persistence,0.0,nan,0.0,none,none,3,0,0.0,none,0,0,34,0,0.0,0.0,2,21.750780919043695,12.298823529411765,56.29332570818066,67.80034117763428,2.5833333333333335,850
persistence,3,0.55,0,Persistence,0.0,nan,0.0,none,none,3,0,0.0,none,0,0,34,0,0.0,0.0,3,27.08576791470775,15.031764705882352,59.67374378701251,72.51753059724976,3.5,850
persistence,4,0.625,0,Persistence,0.0,nan,0.0,none,none,3,0,0.0,none,0,0,34,0,0.0,0.0,0,31.00985927973585,14.347058823529412,50.567734519365146,54.16594941393969,nan,2550
persistence,4,0.625,0,Persistence,0.0,nan,0.0,none,none,3,0,0.0,none,0,0,34,0,0.0,0.0,1,26.47040522812555,12.470588235294118,48.96059400899452,53.197712837648794,2.0833333333333335,850
persistence,4,0.625,0,Persistence,0.0,nan,0.0,none,none,3,0,0.0,none,0,0,34,0,0.0,0.0,2,29.16407943707061,13.828235294117647,49.53569569228292,53.80531561587003,2.75,850
persistence,4,0.625,0,Persistence,0.0,nan,0.0,none,none,3,0,0.0,none,0,0,34,0,0.0,0.0,3,36.51860122313172,16.74235294117647,53.20691385681802,55.49481978830029,3.2916666666666665,850
persistence,5,0.7,0,Persistence,0.0,nan,0.0,none,none,3,0,0.0,none,0,0,34,0,0.0,0.0,0,53.94683657519307,28.974901960784315,43.7844504351759,58.564547112253265,nan,2550
persistence,5,0.7,0,Persistence,0.0,nan,0.0,none,none,3,0,0.0,none,0,0,34,0,0.0,0.0,1,39.370577249275584,21.35058823529412,36.38352292948993,41.770220528229686,1.0,850
persistence,5,0.7,0,Persistence,0.0,nan,0.0,none,none,3,0,0.0,none,0,0,34,0,0.0,0.0,2,52.68707844713083,28.885882352941177,42.58830076596147,53.86556324112117,1.96,850
persistence,5,0.7,0,Persistence,0.0,nan,0.0,none,none,3,0,0.0,none,0,0,34,0,0.0,0.0,3,66.36876480074396,36.688235294117646,52.3815276100763,80.34854700052605,2.875,850
persistence,6,0.775,0,Persistence,0.0,nan,0.0,none,none,3,0,0.0,none,0,0,34,0,0.0,0.0,0,10.671291889374748,5.33764705882353,72.2814990501309,86.60236722438475,nan,2550
persistence,6,0.775,0,Persistence,0.0,nan,0.0,none,none,3,0,0.0,none,0,0,34,0,0.0,0.0,1,8.540078522851566,4.46235294117647,70.4466173025324,72.11903616673888,2.2142857142857144,850
persistence,6,0.775,0,Persistence,0.0,nan,0.0,none,none,3,0,0.0,none,0,0,34,0,0.0,0.0,2,10.430441872090503,5.26,70.52648951740231,86.74668301341792,4.0,850
persistence,6,0.775,0,Persistence,0.0,nan,0.0,none,none,3,0,0.0,none,0,0,34,0,0.0,0.0,3,12.645250212675764,6.290588235294118,75.87139033045803,100.98718702830196,4.571428571428571,850
persistence,7,0.85,0,Persistence,0.0,nan,0.0,none,none,3,0,0.0,none,0,0,34,0,0.0,0.0,0,93.21324066512288,22.40078431372549,84.30944525147098,436.62126157854016,nan,2550
persistence,7,0.85,0,Persistence,0.0,nan,0.0,none,none,3,0,0.0,none,0,0,34,0,0.0,0.0,1,92.48094239291873,21.167058823529413,81.54886467885923,447.7949590304546,2.76,850
persistence,7,0.85,0,Persistence,0.0,nan,0.0,none,none,3,0,0.0,none,0,0,34,0,0.0,0.0,2,93.27423198794605,22.341176470588234,85.89823639925514,350.80484888259724,3.52,850
persistence,7,0.85,0,Persistence,0.0,nan,0.0,none,none,3,0,0.0,none,0,0,34,0,0.0,0.0,3,93.87927165811857,23.694117647058825,85.48123467629857,511.11305237714254,4.36,850
persistence,8,0.925,0,Persistence,0.0,nan,0.0,none,none,3,0,0.0,none,0,0,34,0,0.0,0.0,0,26.986292816909845,10.992549019607843,70.71305272493106,92.99962474795123,nan,2550
persistence,8,0.925,0,Persistence,0.0,nan,0.0,none,none,3,0,0.0,none,0,0,34,0,0.0,0.0,1,25.22165269576683,9.444705882352942,63.76796952938193,79.78157289457334,1.0,850
persistence,8,0.925,0,Persistence,0.0,nan,0.0,none,none,3,0,0.0,none,0,0,34,0,0.0,0.0,2,26.738427953261663,10.795294117647058,70.27159713686022,92.31713755959544,1.9047619047619047,850
persistence,8,0.925,0,Persistence,0.0,nan,0.0,none,none,3,0,0.0,none,0,0,34,0,0.0,0.0,3,28.873945104234597,12.73764705882353,78.09959150855104,106.80745940760066,4.0,850
