label,fold,origin,seed,model,lambda_phys,gate_sigma,n_test_weeks,n_params,train_seconds,infer_ms_per_window,horizon,rmse,mae,smape,mape,peak_week_err,n_obs
mech_band1.5,1,0.4,0,AdaptiveGCN,0.0,0.7877589464187622,34,7032,21.668,0.6386,0,92.75198405783877,37.38276134237507,60.84247561783912,58.76655757812378,nan,2550
mech_band1.5,1,0.4,0,AdaptiveGCN,0.0,0.7877589464187622,34,7032,21.668,0.6386,1,55.210400944324704,25.936384048229904,53.47339728676263,56.18787598526922,2.56,850
mech_band1.5,1,0.4,0,AdaptiveGCN,0.0,0.7877589464187622,34,7032,21.668,0.6386,2,78.66053535286336,35.207588105989956,60.262070103340136,60.31975739704857,3.12,850
mech_band1.5,1,0.4,0,AdaptiveGCN,0.0,0.7877589464187622,34,7032,21.668,0.6386,3,128.73664375602064,51.00431187290534,68.79195946341457,59.77584688325888,6.12,850
mech_band1.5,1,0.4,1,AdaptiveGCN,0.0,0.8082548379898071,34,7032,21.606,0.7147,0,92.76297699110702,37.64791040480119,61.000604512365875,60.11646720891463,nan,2550
mech_band1.5,1,0.4,1,AdaptiveGCN,0.0,0.8082548379898071,34,7032,21.606,0.7147,1,56.637895882304136,26.51258988317212,55.15790005905554,58.59360729739067,3.12,850
mech_band1.5,1,0.4,1,AdaptiveGCN,0.0,0.8082548379898071,34,7032,21.606,0.7147,2,93.33697497863804,39.04360787295901,61.22951659606799,61.85951856184142,3.72,850
mech_band1.5,1,0.4,1,AdaptiveGCN,0.0,0.8082548379898071,34,7032,21.606,0.7147,3,117.87818946955508,47.387533458272436,66.61439688197406,59.88970882032694,6.2,850
mech_band1.5,1,0.4,2,AdaptiveGCN,0.0,0.739835262298584,34,7032,27.446,0.4662,0,119.05058894117506,45.70389825673822,65.1535202227742,59.03948695473805,nan,2550
mech_band1.5,1,0.4,2,AdaptiveGCN,0.0,0.739835262298584,34,7032,27.446,0.4662,1,84.82569533333226,34.08959542839624,57.495212054921176,54.91069830159084,3.96,850
mech_band1.5,1,0.4,2,AdaptiveGCN,0.0,0.739835262298584,34,7032,27.446,0.4662,2,106.87349554257825,43.55827898971333,64.87049936766444,59.82086579530189,3.8,850
mech_band1.5,1,0.4,2,AdaptiveGCN,0.0,0.739835262298584,34,7032,27.446,0.4662,3,154.6020230897678,59.463820352105095,73.09484924573702,62.35478384827624,8.64,850
mech_band1.5,2,0.475,0,AdaptiveGCN,0.0,0.8029313683509827,34,7032,27.845,0.7383,0,121.39343425155337,43.47365714659289,43.1393509724548,51.811399989469386,nan,2550
mech_band1.5,2,0.475,0,AdaptiveGCN,0.0,0.8029313683509827,34,7032,27.845,0.7383,1,107.28851044737618,38.08372628398938,38.06556235346553,44.112252093278045,1.24,850
mech_band1.5,2,0.475,0,AdaptiveGCN,0.0,0.8029313683509827,34,7032,27.845,0.7383,2,122.63905789583667,45.04921813285252,42.496967161063466,51.235658220416305,2.04,850
mech_band1.5,2,0.475,0,AdaptiveGCN,0.0,0.8029313683509827,34,7032,27.845,0.7383,3,132.88316162164227,47.28802702293677,48.855523402835374,60.08628965471382,4.04,850
mech_band1.5,2,0.475,1,AdaptiveGCN,0.0,0.587054967880249,34,7032,108.699,0.6499,0,357.61848487842605,74.05232610961258,48.51159057016016,63.174216485492316,nan,2550
mech_band1.5,2,0.475,1,AdaptiveGCN,0.0,0.587054967880249,34,7032,108.699,0.6499,1,79.53741005734312,31.572105555830742,38.41259740310101,43.17201299210987,1.88,850
mech_band1.5,2,0.475,1,AdaptiveGCN,0.0,0.587054967880249,34,7032,108.699,0.6499,2,201.78700595712453,60.48866832438856,46.974603977742326,58.58040119661704,1.84,850
mech_band1.5,2,0.475,1,AdaptiveGCN,0.0,0.587054967880249,34,7032,108.699,0.6499,3,580.1971620134422,130.09620444861844,60.14757032963713,87.77023526775008,2.92,850
mech_band1.5,2,0.475,2,AdaptiveGCN,0.0,0.5306591391563416,34,7032,57.612,0.5942,0,159.88039006387913,53.748880026349795,48.34688164373118,56.63318682019308,nan,2550
mech_band1.5,2,0.475,2,AdaptiveGCN,0.0,0.5306591391563416,34,7032,57.612,0.5942,1,145.1295756322287,48.36154125734506,43.80067441057781,51.11415984134216,2.68,850
mech_band1.5,2,0.475,2,AdaptiveGCN,0.0,0.5306591391563416,34,7032,57.612,0.5942,2,181.2166123149834,59.57331456066054,48.745885719799574,58.65723654541566,4.6,850
mech_band1.5,2,0.475,2,AdaptiveGCN,0.0,0.5306591391563416,34,7032,57.612,0.5942,3,150.9409257915979,53.31178426104378,52.49408480081614,60.12816407382145,4.92,850
mech_band1.5,3,0.55,0,AdaptiveGCN,0.0,0.7572552561759949,34,7032,34.543,0.6815,0,22.157198681784728,12.244765715424483,56.22826882918503,62.74150549964338,nan,2550
mech_band1.5,3,0.55,0,AdaptiveGCN,0.0,0.7572552561759949,34,7032,34.543,0.6815,1,16.76401005230105,9.751564110868117,50.3862909443835,55.32086795539073,1.3333333333333333,850
mech_band1.5,3,0.55,0,AdaptiveGCN,0.0,0.7572552561759949,34,7032,34.543,0.6815,2,20.84040285900206,11.713466830253601,57.024347290062,62.530861323780314,2.6666666666666665,850
mech_band1.5,3,0.55,0,AdaptiveGCN,0.0,0.7572552561759949,34,7032,34.543,0.6815,3,27.522171715057233,15.26926620515173,61.274168253109615,70.39098784764832,3.6666666666666665,850
mech_band1.5,3,0.55,1,AdaptiveGCN,0.0,0.7430768013000488,34,7032,35.104,0.7121,0,23.41203175499655,12.728127842015386,56.848814639935476,64.05780277418593,nan,2550
mech_band1.5,3,0.55,1,AdaptiveGCN,0.0,0.7430768013000488,34,7032,35.104,0.7121,1,17.49064509924447,9.82521943940836,51.323103316065485,52.40061329507414,1.4583333333333333,850
mech_band1.5,3,0.55,1,AdaptiveGCN,0.0,0.7430768013000488,34,7032,35.104,0.7121,2,23.810746023638007,13.011638342168402,57.6845617523994,67.66439123871338,3.5416666666666665,850
mech_band1.5,3,0.55,1,AdaptiveGCN,0.0,0.7430768013000488,34,7032,35.104,0.7121,3,27.775806027926226,15.347525744469397,61.53877885134155,72.1322342488594,4.125,850
mech_band1.5,3,0.55,2,AdaptiveGCN,0.0,0.5733754634857178,34,7032,46.907,0.5174,0,20.85049113736145,11.429174410022691,55.59937253201912,59.11864674389389,nan,2550
mech_band1.5,3,0.55,2,AdaptiveGCN,0.0,0.5733754634857178,34,7032,46.907,0.5174,1,15.56332544048841,9.182572115798248,50.19848336220512,54.40868309244061,2.2916666666666665,850
mech_band1.5,3,0.55,2,AdaptiveGCN,0.0,0.5733754634857178,34,7032,46.907,0.5174,2,21.355895266631467,11.661602797788731,56.926912722125614,60.811685022758496,3.875,850
mech_band1.5,3,0.55,2,AdaptiveGCN,0.0,0.5733754634857178,34,7032,46.907,0.5174,3,24.61579941016905,13.44334831648109,59.672721511726635,62.14491539220693,4.708333333333333,850
mech_band1.5,4,0.625,0,AdaptiveGCN,0.0,0.6210846900939941,34,7032,53.762,0.4423,0,30.66628749653927,14.26612704879141,52.104571602850534,56.58207939131987,nan,2550
mech_band1.5,4,0.625,0,AdaptiveGCN,0.0,0.6210846900939941,34,7032,53.762,0.4423,1,27.118679694619054,12.72393170092563,50.874954214789206,54.55299754107521,2.7083333333333335,850
mech_band1.5,4,0.625,0,AdaptiveGCN,0.0,0.6210846900939941,34,7032,53.762,0.4423,2,28.367952155919273,13.580238837085883,51.217369515031166,56.73850651964661,3.3333333333333335,850
mech_band1.5,4,0.625,0,AdaptiveGCN,0.0,0.6210846900939941,34,7032,53.762,0.4423,3,35.7924582637367,16.494210608362714,54.22139107873123,58.45473411323779,3.7916666666666665,850
mech_band1.5,4,0.625,1,AdaptiveGCN,0.0,0.6802629232406616,34,7032,40.487,0.8982,0,30.716629022154642,14.398461031564603,51.816455942513706,58.83610603415157,nan,2550
mech_band1.5,4,0.625,1,AdaptiveGCN,0.0,0.6802629232406616,34,7032,40.487,0.8982,1,27.516844642541045,13.257310108428491,51.150371475222734,59.83427055384016,3.25,850
mech_band1.5,4,0.625,1,AdaptiveGCN,0.0,0.6802629232406616,34,7032,40.487,0.8982,2,28.727762810667535,13.934939029015162,51.568260930039436,60.2737481373306,4.041666666666667,850
mech_band1.5,4,0.625,1,AdaptiveGCN,0.0,0.6802629232406616,34,7032,40.487,0.8982,3,35.32807382615569,16.003133957250153,52.73073542227894,56.400299411283974,4.291666666666667,850
mech_band1.5,4,0.625,2,AdaptiveGCN,0.0,0.46601197123527527,34,7032,80.927,3.0073,0,33.810875040107824,15.702842791465422,53.86021950806441,61.34339410988683,nan,2550
mech_band1.5,4,0.625,2,AdaptiveGCN,0.0,0.46601197123527527,34,7032,80.927,3.0073,1,28.38660332950005,13.24311853376272,50.99130137389237,57.02522596213701,2.5,850
mech_band1.5,4,0.625,2,AdaptiveGCN,0.0,0.46601197123527527,34,7032,80.927,3.0073,2,30.87540296122978,14.901312798195901,53.19201574973482,60.56311780507598,4.208333333333333,850
mech_band1.5,4,0.625,2,AdaptiveGCN,0.0,0.46601197123527527,34,7032,80.927,3.0073,3,40.870968380118654,18.964097042437643,57.39734140056605,66.44183856244747,5.125,850
mech_band1.5,5,0.7,0,AdaptiveGCN,0.0,0.6032343506813049,34,7032,61.763,1.0466,0,55.85142181277734,28.433697349493272,44.99294152375269,52.30777222804866,nan,2550
mech_band1.5,5,0.7,0,AdaptiveGCN,0.0,0.6032343506813049,34,7032,61.763,1.0466,1,40.49325900147848,21.703092760084854,38.06494120297514,40.35958606605514,1.24,850
mech_band1.5,5,0.7,0,AdaptiveGCN,0.0,0.6032343506813049,34,7032,61.763,1.0466,2,54.6545543737325,28.580074448778348,43.41396589061466,48.109057510323346,2.92,850
mech_band1.5,5,0.7,0,AdaptiveGCN,0.0,0.6032343506813049,34,7032,61.763,1.0466,3,68.78458851497362,35.01792483961662,53.49991747766827,68.67134209655299,3.5,850
mech_band1.5,5,0.7,1,AdaptiveGCN,0.0,0.6201530694961548,34,7032,62.223,1.7262,0,57.80139597569577,29.88995911137347,47.310141300355006,54.44465916693409,nan,2550
mech_band1.5,5,0.7,1,AdaptiveGCN,0.0,0.6201530694961548,34,7032,62.223,1.7262,1,41.50567050249809,21.7396289090352,39.13109943038373,39.74275968304589,1.2,850
mech_band1.5,5,0.7,1,AdaptiveGCN,0.0,0.6201530694961548,34,7032,62.223,1.7262,2,56.36141572885989,30.014067531701944,46.29467196327611,49.766602978262064,3.92,850
mech_band1.5,5,0.7,1,AdaptiveGCN,0.0,0.6201530694961548,34,7032,62.223,1.7262,3,71.57984537140483,37.91618089338326,56.50465250740518,74.08559230430969,4.875,850
mech_band1.5,5,0.7,2,AdaptiveGCN,0.0,0.5642743110656738,34,7032,70.544,0.5312,0,58.60589043305323,29.3071830390601,46.29256270338284,52.60639133183278,nan,2550
mech_band1.5,5,0.7,2,AdaptiveGCN,0.0,0.5642743110656738,34,7032,70.544,0.5312,1,42.46372413890678,22.231081204361775,38.62462855173507,39.50427126106189,1.2,850
mech_band1.5,5,0.7,2,AdaptiveGCN,0.0,0.5642743110656738,34,7032,70.544,0.5312,2,58.00319507200999,29.586558479699853,45.22922856724945,47.82020778355943,2.92,850
mech_band1.5,5,0.7,2,AdaptiveGCN,0.0,0.5642743110656738,34,7032,70.544,0.5312,3,71.66877056323976,36.10390943311867,55.02383099116401,70.73438633719321,3.9583333333333335,850
mech_band1.5,6,0.775,0,AdaptiveGCN,0.0,0.7076786756515503,34,7032,58.366,0.5415,0,10.726723092988905,5.325487685016466,79.8447744706706,84.92495372948652,nan,2550
mech_band1.5,6,0.775,0,AdaptiveGCN,0.0,0.7076786756515503,34,7032,58.366,0.5415,1,8.323372925725112,4.300127668878584,71.2435884996462,67.91351405517817,2.5714285714285716,850
mech_band1.5,6,0.775,0,AdaptiveGCN,0.0,0.7076786756515503,34,7032,58.366,0.5415,2,10.506378866551833,5.2936373788822335,80.90138668894554,85.39401925232436,4.0,850
mech_band1.5,6,0.775,0,AdaptiveGCN,0.0,0.7076786756515503,34,7032,58.366,0.5415,3,12.865660931050668,6.382698007288581,87.38934822342007,101.52298546458489,4.642857142857143,850
mech_band1.5,6,0.775,1,AdaptiveGCN,0.0,0.7593560814857483,34,7032,49.246,0.5156,0,10.898553069682354,5.42631591407742,87.96361455064815,87.62877621384457,nan,2550
mech_band1.5,6,0.775,1,AdaptiveGCN,0.0,0.7593560814857483,34,7032,49.246,0.5156,1,8.528284028921576,4.4289613222886866,83.6591087973097,71.40331166841999,2.2142857142857144,850
mech_band1.5,6,0.775,1,AdaptiveGCN,0.0,0.7593560814857483,34,7032,49.246,0.5156,2,10.790810474391382,5.4109373961995795,89.6772536664661,88.59290812338992,4.0,850
mech_band1.5,6,0.775,1,AdaptiveGCN,0.0,0.7593560814857483,34,7032,49.246,0.5156,3,12.929120537215763,6.439049023743992,90.55448118816867,102.94639948031146,4.642857142857143,850
mech_band1.5,6,0.775,2,AdaptiveGCN,0.0,0.7858802676200867,34,7032,51.112,0.4483,0,10.62909607305216,5.32145595590342,86.72046526772469,86.22819151398127,nan,2550
mech_band1.5,6,0.775,2,AdaptiveGCN,0.0,0.7858802676200867,34,7032,51.112,0.4483,1,8.738970224603696,4.570028610282632,94.86398625843752,75.37801903238788,2.7857142857142856,850
mech_band1.5,6,0.775,2,AdaptiveGCN,0.0,0.7858802676200867,34,7032,51.112,0.4483,2,10.211796970178412,5.167339140656884,79.93848530869036,84.01018103382762,3.142857142857143,850
mech_band1.5,6,0.775,2,AdaptiveGCN,0.0,0.7858802676200867,34,7032,51.112,0.4483,3,12.581043360701988,6.2270001167707445,85.35892423604624,99.3162633176548,4.571428571428571,850
mech_band1.5,7,0.85,0,AdaptiveGCN,0.0,0.757593035697937,34,7032,60.939,0.4816,0,88.28189317805105,21.410430157430845,88.66037217887826,394.96987850091136,nan,2550
mech_band1.5,7,0.85,0,AdaptiveGCN,0.0,0.757593035697937,34,7032,60.939,0.4816,1,89.67026471274015,20.705921713068992,85.61462113164848,422.95540054700564,2.76,850
mech_band1.5,7,0.85,0,AdaptiveGCN,0.0,0.757593035697937,34,7032,60.939,0.4816,2,87.44619979265332,21.11939416636713,86.95632180423212,310.12242149252677,3.52,850
mech_band1.5,7,0.85,0,AdaptiveGCN,0.0,0.757593035697937,34,7032,60.939,0.4816,3,87.71250627745692,22.405974592856417,93.4101736007542,451.82924234957926,4.36,850
mech_band1.5,7,0.85,1,AdaptiveGCN,0.0,0.7575942873954773,34,7032,57.352,0.7525,0,90.54197499669156,21.865684456221903,96.63186515445227,413.2994395860675,nan,2550
mech_band1.5,7,0.85,1,AdaptiveGCN,0.0,0.7575942873954773,34,7032,57.352,0.7525,1,90.20497063230235,20.75170699145768,96.95780879808392,430.08284013574416,2.56,850
mech_band1.5,7,0.85,1,AdaptiveGCN,0.0,0.7575942873954773,34,7032,57.352,0.7525,2,92.90963507778814,22.28229766391436,96.37044743184534,348.07542679407504,3.32,850
mech_band1.5,7,0.85,1,AdaptiveGCN,0.0,0.7575942873954773,34,7032,57.352,0.7525,3,88.45569903540571,22.563048713293668,96.56733923342755,461.69712596649856,4.16,850
mech_band1.5,7,0.85,2,AdaptiveGCN,0.0,0.6639987230300903,34,7032,73.784,0.491,0,85.28609227390577,20.899005727689286,95.61156741959734,369.52594764979835,nan,2550
mech_band1.5,7,0.85,2,AdaptiveGCN,0.0,0.6639987230300903,34,7032,73.784,0.491,1,86.64468094320252,20.174552361625384,90.85288129995901,397.4079930030137,2.76,850
mech_band1.5,7,0.85,2,AdaptiveGCN,0.0,0.6639987230300903,34,7032,73.784,0.491,2,85.50361447162277,20.878178847428163,96.39490275695488,299.8305482912978,3.32,850
mech_band1.5,7,0.85,2,AdaptiveGCN,0.0,0.6639987230300903,34,7032,73.784,0.491,3,83.68383226524851,21.644285974014306,99.58691820187812,411.3795635214651,4.6,850
mech_band1.5,8,0.925,0,AdaptiveGCN,0.0,0.4100433588027954,34,7032,153.874,3.133,0,28.33765944111488,12.611096659814391,81.70599239557245,111.94477350359573,nan,2550
mech_band1.5,8,0.925,0,AdaptiveGCN,0.0,0.4100433588027954,34,7032,153.874,3.133,1,25.11427738022443,9.937044702482902,73.26297680706692,83.77525546585584,2.6666666666666665,850
mech_band1.5,8,0.925,0,AdaptiveGCN,0.0,0.4100433588027954,34,7032,153.874,3.133,2,28.57266472937692,13.00293674598448,83.2604379248853,117.70291999454574,4.0476190476190474,850
mech_band1.5,8,0.925,0,AdaptiveGCN,0.0,0.4100433588027954,34,7032,153.874,3.133,3,31.015233833288917,14.89330853097579,88.59456245476515,134.18801831471777,6.238095238095238,850
mech_band1.5,8,0.925,1,AdaptiveGCN,0.0,0.34182101488113403,34,7032,227.419,0.6502,0,30.813608527182623,13.641383422616613,83.03317363260099,109.21375307776687,nan,2550
mech_band1.5,8,0.925,1,AdaptiveGCN,0.0,0.34182101488113403,34,7032,227.419,0.6502,1,25.976468236583692,10.646284956950968,75.8117781341118,85.34775130914689,3.857142857142857,850
mech_band1.5,8,0.925,1,AdaptiveGCN,0.0,0.34182101488113403,34,7032,227.419,0.6502,2,29.665803748409697,13.62002367892467,82.39009690897309,108.78685014991325,4.523809523809524,850
mech_band1.5,8,0.925,1,AdaptiveGCN,0.0,0.34182101488113403,34,7032,227.419,0.6502,3,35.96663172044311,16.657841631974204,90.89764585471809,133.34256155978244,4.190476190476191,850
mech_band1.5,8,0.925,2,AdaptiveGCN,0.0,0.6563242673873901,34,7032,88.109,0.5484,0,27.556979124235735,11.125461156314248,76.92620665803719,93.69673160682915,nan,2550
mech_band1.5,8,0.925,2,AdaptiveGCN,0.0,0.6563242673873901,34,7032,88.109,0.5484,1,25.393250788175504,9.581355958190363,71.74178497303969,80.59471612141877,2.1904761904761907,850
mech_band1.5,8,0.925,2,AdaptiveGCN,0.0,0.6563242673873901,34,7032,88.109,0.5484,2,26.95281402937997,10.787731915375986,76.14607961201351,91.31376738446508,3.380952380952381,850
mech_band1.5,8,0.925,2,AdaptiveGCN,0.0,0.6563242673873901,34,7032,88.109,0.5484,3,30.11461315818575,13.007295595376396,82.89075538905838,109.0828555729789,5.095238095238095,850
mech_both1.5,1,0.4,0,AdaptiveGCN,0.0,0.7380442023277283,34,7032,30.943,0.7834,0,102.29318113384909,40.59149523667297,62.21563996644406,58.12635236586128,nan,2550
mech_both1.5,1,0.4,0,AdaptiveGCN,0.0,0.7380442023277283,34,7032,30.943,0.7834,1,66.39420641500166,28.846880277836807,54.76138930757636,54.35896443477382,2.6,850
mech_both1.5,1,0.4,0,AdaptiveGCN,0.0,0.7380442023277283,34,7032,30.943,0.7834,2,92.65771026297463,39.53730951788671,61.97073237079776,59.76137627682628,3.12,850
mech_both1.5,1,0.4,0,AdaptiveGCN,0.0,0.7380442023277283,34,7032,30.943,0.7834,3,135.6393851460267,53.3902959142954,69.91479822095805,60.23275913836015,7.2,850
mech_both1.5,1,0.4,1,AdaptiveGCN,0.0,0.8073859810829163,34,7032,23.959,0.616,0,82.76816854326327,34.743998334304585,59.37435172572455,59.0174718008305,nan,2550
mech_both1.5,1,0.4,1,AdaptiveGCN,0.0,0.8073859810829163,34,7032,23.959,0.616,1,58.151048515190254,26.6228793430768,55.10236547000387,56.43194929926844,2.52,850
mech_both1.5,1,0.4,1,AdaptiveGCN,0.0,0.8073859810829163,34,7032,23.959,0.616,2,73.64962369078671,33.31569556718199,58.51367072221401,61.16853748377231,3.12,850
mech_both1.5,1,0.4,1,AdaptiveGCN,0.0,0.8073859810829163,34,7032,23.959,0.616,3,108.37849260258055,44.29342009265496,64.5070189849558,59.43784704694518,6.08,850
mech_both1.5,1,0.4,2,AdaptiveGCN,0.0,0.7926310896873474,34,7032,25.975,0.7747,0,102.37214590170935,39.985180958239404,61.141199479632455,58.7051472523386,nan,2550
mech_both1.5,1,0.4,2,AdaptiveGCN,0.0,0.7926310896873474,34,7032,25.975,0.7747,1,63.15721240359246,27.96319423424491,53.661443732387184,54.485932552330894,2.44,850
mech_both1.5,1,0.4,2,AdaptiveGCN,0.0,0.7926310896873474,34,7032,25.975,0.7747,2,88.59453304486469,37.84935291827367,60.7199440929437,60.26183362409908,3.2,850
mech_both1.5,1,0.4,2,AdaptiveGCN,0.0,0.7926310896873474,34,7032,25.975,0.7747,3,140.00837119805547,54.14299572219963,69.04221061356645,61.337609747714275,6.96,850
mech_both1.5,2,0.475,0,AdaptiveGCN,0.0,0.8035123348236084,34,7032,30.416,0.7724,0,122.00855752451253,44.3034970088588,43.29653014999158,52.58264411683922,nan,2550
mech_both1.5,2,0.475,0,AdaptiveGCN,0.0,0.8035123348236084,34,7032,30.416,0.7724,1,103.05857087685202,37.06877537405447,38.11913573829205,44.15337476938166,1.24,850
mech_both1.5,2,0.475,0,AdaptiveGCN,0.0,0.8035123348236084,34,7032,30.416,0.7724,2,120.65608414066504,44.566060445098316,42.337368624208075,50.33687857930612,2.0,850
mech_both1.5,2,0.475,0,AdaptiveGCN,0.0,0.8035123348236084,34,7032,30.416,0.7724,3,139.56827954910986,51.275655207423604,49.433086087474585,63.25767900182986,3.24,850
mech_both1.5,2,0.475,1,AdaptiveGCN,0.0,0.5346599817276001,34,7032,73.717,0.7264,0,167.8323562027814,55.3608895241922,47.9329397957998,59.89576487533507,nan,2550
mech_both1.5,2,0.475,1,AdaptiveGCN,0.0,0.5346599817276001,34,7032,73.717,0.7264,1,101.83191869191528,36.866825012700524,39.48282399972612,43.63188022020725,2.92,850
mech_both1.5,2,0.475,1,AdaptiveGCN,0.0,0.5346599817276001,34,7032,73.717,0.7264,2,155.72978138977084,55.33982862535207,47.431524609745715,56.99452857434326,4.72,850
mech_both1.5,2,0.475,1,AdaptiveGCN,0.0,0.5346599817276001,34,7032,73.717,0.7264,3,223.34187894246176,73.87601493452402,56.884470777927554,79.06088583145468,3.8,850
mech_both1.5,2,0.475,2,AdaptiveGCN,0.0,0.6282281875610352,34,7032,153.663,1.2141,0,190.52479884372673,65.06992714442569,50.431623918109544,66.5211743655888,nan,2550
mech_both1.5,2,0.475,2,AdaptiveGCN,0.0,0.6282281875610352,34,7032,153.663,1.2141,1,118.90953618761769,42.442785689503175,40.94377467150228,46.625037097351694,2.6,850
mech_both1.5,2,0.475,2,AdaptiveGCN,0.0,0.6282281875610352,34,7032,153.663,1.2141,2,186.9285872115929,66.68494858519338,50.50204072458231,65.42141537399182,3.72,850
mech_both1.5,2,0.475,2,AdaptiveGCN,0.0,0.6282281875610352,34,7032,153.663,1.2141,3,244.57580094942165,86.0820471585805,59.84905635824405,87.51707062542293,3.92,850
mech_both1.5,3,0.55,0,AdaptiveGCN,0.0,0.49567291140556335,34,7032,73.582,1.197,0,21.869825306629807,11.814638954190647,56.40913139829943,59.79318657945648,nan,2550
mech_both1.5,3,0.55,0,AdaptiveGCN,0.0,0.49567291140556335,34,7032,73.582,1.197,1,15.986002065177123,9.337843920693677,50.19599958512699,54.231579921024974,1.8333333333333333,850
mech_both1.5,3,0.55,0,AdaptiveGCN,0.0,0.49567291140556335,34,7032,73.582,1.197,2,21.909105852126334,11.899699423137832,57.4369650269289,61.52694925197256,3.75,850
mech_both1.5,3,0.55,0,AdaptiveGCN,0.0,0.49567291140556335,34,7032,73.582,1.197,3,26.444405751689573,14.20637351874043,61.594429582842395,63.63238419372058,4.0,850
mech_both1.5,3,0.55,1,AdaptiveGCN,0.0,0.6393234729766846,34,7032,51.344,0.4683,0,20.342636513625123,11.592586957769944,55.13199003252496,63.01474970590554,nan,2550
mech_both1.5,3,0.55,1,AdaptiveGCN,0.0,0.6393234729766846,34,7032,51.344,0.4683,1,15.313957429785708,9.264955973156235,49.92693813549479,55.54276851967073,1.7916666666666667,850
mech_both1.5,3,0.55,1,AdaptiveGCN,0.0,0.6393234729766846,34,7032,51.344,0.4683,2,20.758199211610513,11.808189447719384,56.29773491826467,65.82227555425177,3.8333333333333335,850
mech_both1.5,3,0.55,1,AdaptiveGCN,0.0,0.6393234729766846,34,7032,51.344,0.4683,3,24.001009443484367,13.70461545243421,59.17129704381544,67.69388029956693,4.541666666666667,850
mech_both1.5,3,0.55,2,AdaptiveGCN,0.0,0.797920823097229,34,7032,38.733,0.7479,0,22.369410990778125,12.410332425322464,55.686174417240544,66.10861274071888,nan,2550
mech_both1.5,3,0.55,2,AdaptiveGCN,0.0,0.797920823097229,34,7032,38.733,0.7479,1,16.009169083985785,9.56491031307282,49.803065576798886,56.57279487818268,1.2083333333333333,850
mech_both1.5,3,0.55,2,AdaptiveGCN,0.0,0.797920823097229,34,7032,38.733,0.7479,2,22.040512234368553,12.376192885595168,56.74722688744137,67.98647372350774,2.9583333333333335,850
mech_both1.5,3,0.55,2,AdaptiveGCN,0.0,0.797920823097229,34,7032,38.733,0.7479,3,27.551660020950454,15.289894077299405,60.50823078748139,73.78736015824413,3.8333333333333335,850
mech_both1.5,4,0.625,0,AdaptiveGCN,0.0,0.44188952445983887,34,7032,132.999,1.7235,0,35.64067685656836,16.542610932693396,54.61669128371995,61.15319681356735,nan,2550
mech_both1.5,4,0.625,0,AdaptiveGCN,0.0,0.44188952445983887,34,7032,132.999,1.7235,1,27.885126089080945,13.289354756704586,50.31358311573452,55.259172618818575,4.625,850
mech_both1.5,4,0.625,0,AdaptiveGCN,0.0,0.44188952445983887,34,7032,132.999,1.7235,2,33.6558982951282,16.252551753371954,54.012319396834776,60.418103275661636,9.0,850
mech_both1.5,4,0.625,0,AdaptiveGCN,0.0,0.44188952445983887,34,7032,132.999,1.7235,3,43.594423878829126,20.085926288003648,59.524171338590584,67.7823145462218,11.916666666666666,850
mech_both1.5,4,0.625,1,AdaptiveGCN,0.0,0.5701358914375305,34,7032,63.474,0.4657,0,33.28572684712092,16.0455418649944,53.912385628787796,67.41075364876372,nan,2550
mech_both1.5,4,0.625,1,AdaptiveGCN,0.0,0.5701358914375305,34,7032,63.474,0.4657,1,27.89224160228079,13.303402066007257,51.30743825126242,59.50605912667011,2.6666666666666665,850
mech_both1.5,4,0.625,1,AdaptiveGCN,0.0,0.5701358914375305,34,7032,63.474,0.4657,2,30.84752657429378,15.51485973339747,53.376499304901216,66.83729554927878,4.375,850
mech_both1.5,4,0.625,1,AdaptiveGCN,0.0,0.5701358914375305,34,7032,63.474,0.4657,3,39.928333271896975,19.31836379557848,57.053219330199745,75.88890627034225,5.375,850
mech_both1.5,4,0.625,2,AdaptiveGCN,0.0,0.462259978055954,34,7032,98.115,2.2754,0,34.97628843453387,16.377989416879227,54.56699551112817,65.00223203014758,nan,2550
mech_both1.5,4,0.625,2,AdaptiveGCN,0.0,0.462259978055954,34,7032,98.115,2.2754,1,27.79200922931895,13.186389046098817,51.28676438150569,57.07275151006228,2.2916666666666665,850
mech_both1.5,4,0.625,2,AdaptiveGCN,0.0,0.462259978055954,34,7032,98.115,2.2754,2,32.54257814397942,15.906060725068127,54.02386858014738,64.26583114135664,3.4166666666666665,850
mech_both1.5,4,0.625,2,AdaptiveGCN,0.0,0.462259978055954,34,7032,98.115,2.2754,3,42.87898189914922,20.04151847947074,58.390353571731424,73.66811343902384,5.416666666666667,850
mech_both1.5,5,0.7,0,AdaptiveGCN,0.0,0.6280953884124756,34,7032,62.57,1.2032,0,59.698514096960366,29.90043320192297,46.738809241121835,52.778928792411826,nan,2550
mech_both1.5,5,0.7,0,AdaptiveGCN,0.0,0.6280953884124756,34,7032,62.57,1.2032,1,41.46933016363305,21.978793041467743,38.5920599826908,40.11656023288178,1.28,850
mech_both1.5,5,0.7,0,AdaptiveGCN,0.0,0.6280953884124756,34,7032,62.57,1.2032,2,58.21042068143073,30.1608630071427,45.32628107143902,49.238047820064395,2.92,850
mech_both1.5,5,0.7,0,AdaptiveGCN,0.0,0.6280953884124756,34,7032,62.57,1.2032,3,74.72335201277699,37.56164355715846,56.29808666923568,69.20132554952099,4.125,850
mech_both1.5,5,0.7,1,AdaptiveGCN,0.0,0.638927161693573,34,7032,61.547,0.4846,0,55.626858085564194,28.464149799848286,45.643173204889024,53.065816562725175,nan,2550
mech_both1.5,5,0.7,1,AdaptiveGCN,0.0,0.638927161693573,34,7032,61.547,0.4846,1,40.06967549740927,21.214860918741564,38.38578262520155,39.49078924702473,1.6,850
mech_both1.5,5,0.7,1,AdaptiveGCN,0.0,0.638927161693573,34,7032,61.547,0.4846,2,54.20306418863466,28.620941459793215,44.43724727297589,49.576096781168886,3.16,850
mech_both1.5,5,0.7,1,AdaptiveGCN,0.0,0.638927161693573,34,7032,61.547,0.4846,3,68.84396095163007,35.55664702101008,54.106489716489605,70.36197566831318,3.9583333333333335,850
mech_both1.5,5,0.7,2,AdaptiveGCN,0.0,0.5903844237327576,34,7032,70.28,1.2753,0,59.03101114379377,29.51307635665159,45.648155894770575,51.07126760039735,nan,2550
mech_both1.5,5,0.7,2,AdaptiveGCN,0.0,0.5903844237327576,34,7032,70.28,1.2753,1,41.24152774185276,21.738417482923936,37.81106142028911,39.18986349003899,1.24,850
mech_both1.5,5,0.7,2,AdaptiveGCN,0.0,0.5903844237327576,34,7032,70.28,1.2753,2,57.52647615386429,29.741683774044848,44.28219562230613,47.58065668418633,2.92,850
mech_both1.5,5,0.7,2,AdaptiveGCN,0.0,0.5903844237327576,34,7032,70.28,1.2753,3,73.78225911974357,37.05912781298599,54.8512106417165,66.6508510564928,4.208333333333333,850
mech_both1.5,6,0.775,0,AdaptiveGCN,0.0,0.783078134059906,34,7032,54.758,0.4437,0,10.565056807330858,5.262588096430406,83.53532353858685,84.683671387775,nan,2550
mech_both1.5,6,0.775,0,AdaptiveGCN,0.0,0.783078134059906,34,7032,54.758,0.4437,1,8.468217010729974,4.413554542494881,82.5827636450276,71.55311464554374,2.5,850
mech_both1.5,6,0.775,0,AdaptiveGCN,0.0,0.783078134059906,34,7032,54.758,0.4437,2,10.339755531839227,5.227163528501234,83.49574661176166,85.43131124416693,4.142857142857143,850
mech_both1.5,6,0.775,0,AdaptiveGCN,0.0,0.783078134059906,34,7032,54.758,0.4437,3,12.499601282735698,6.1470462182951024,84.5274603589713,97.11193970448257,4.571428571428571,850
mech_both1.5,6,0.775,1,AdaptiveGCN,0.0,0.6176726818084717,34,7032,73.648,0.4402,0,12.168990708856699,6.040989830663965,94.84774584058793,98.50123197542155,nan,2550
mech_both1.5,6,0.775,1,AdaptiveGCN,0.0,0.6176726818084717,34,7032,73.648,0.4402,1,9.023453783722692,4.675332979722058,91.40422280028069,75.6629878447232,3.4285714285714284,850
mech_both1.5,6,0.775,1,AdaptiveGCN,0.0,0.6176726818084717,34,7032,73.648,0.4402,2,11.728728439641442,5.938424594328432,94.3739103879223,97.43827412180515,5.5,850
mech_both1.5,6,0.775,1,AdaptiveGCN,0.0,0.6176726818084717,34,7032,73.648,0.4402,3,15.008904544266006,7.509211917941403,98.7651043335608,122.46665823391751,6.5,850
mech_both1.5,6,0.775,2,AdaptiveGCN,0.0,0.7914620637893677,34,7032,51.315,0.4565,0,10.557605756253212,5.278882737161361,85.19711294772819,85.38794252791901,nan,2550
mech_both1.5,6,0.775,2,AdaptiveGCN,0.0,0.7914620637893677,34,7032,51.315,0.4565,1,8.496993419363053,4.4376265871770135,86.0585346640105,72.29416693605317,2.7857142857142856,850
mech_both1.5,6,0.775,2,AdaptiveGCN,0.0,0.7914620637893677,34,7032,51.315,0.4565,2,10.235386646386594,5.186618093921536,80.06193579937961,84.9089384646611,3.357142857142857,850
mech_both1.5,6,0.775,2,AdaptiveGCN,0.0,0.7914620637893677,34,7032,51.315,0.4565,3,12.546994896933882,6.212403530385534,89.47086837979452,98.99835246975707,4.071428571428571,850
mech_both1.5,7,0.85,0,AdaptiveGCN,0.0,0.7747488617897034,34,7032,62.277,0.5517,0,88.64358142434489,21.44067464285989,87.62664991409339,397.02371252926287,nan,2550
mech_both1.5,7,0.85,0,AdaptiveGCN,0.0,0.7747488617897034,34,7032,62.277,0.5517,1,90.05496508707647,20.71245621689657,84.9003235303272,426.9008098875447,2.76,850
mech_both1.5,7,0.85,0,AdaptiveGCN,0.0,0.7747488617897034,34,7032,62.277,0.5517,2,88.89221685640797,21.40673049770323,87.77788568751315,321.3530730709508,3.52,850
mech_both1.5,7,0.85,0,AdaptiveGCN,0.0,0.7747488617897034,34,7032,62.277,0.5517,3,86.9559119825798,22.20283721397987,90.2017405244398,442.8575451130349,4.36,850
mech_both1.5,7,0.85,1,AdaptiveGCN,0.0,0.7762155532836914,34,7032,61.208,0.4218,0,90.88576571333809,21.925507427732114,94.60711708155898,419.06740137566504,nan,2550
mech_both1.5,7,0.85,1,AdaptiveGCN,0.0,0.7762155532836914,34,7032,61.208,0.4218,1,90.76896369962061,20.831821498141917,92.8673387905627,434.00357360600134,2.76,850
mech_both1.5,7,0.85,1,AdaptiveGCN,0.0,0.7762155532836914,34,7032,61.208,0.4218,2,91.16851290223474,21.90321856529342,95.738295691484,338.95517521329623,3.32,850
mech_both1.5,7,0.85,1,AdaptiveGCN,0.0,0.7762155532836914,34,7032,61.208,0.4218,3,90.71915295014254,23.041482219760997,95.21571676263022,484.1415687002769,4.16,850
mech_both1.5,7,0.85,2,AdaptiveGCN,0.0,0.682719349861145,34,7032,76.049,0.5144,0,86.16198203252756,21.037002979531906,94.45235800018217,376.35495714825595,nan,2550
mech_both1.5,7,0.85,2,AdaptiveGCN,0.0,0.682719349861145,34,7032,76.049,0.5144,1,88.19162231201696,20.419691625627713,92.05653240708371,411.8567911154817,2.76,850
mech_both1.5,7,0.85,2,AdaptiveGCN,0.0,0.682719349861145,34,7032,76.049,0.5144,2,86.24422958812544,20.993825296167735,95.17707628279088,304.8877531585852,3.52,850
mech_both1.5,7,0.85,2,AdaptiveGCN,0.0,0.682719349861145,34,7032,76.049,0.5144,3,83.99900035146885,21.69749201680027,96.12346531067197,412.4214477995957,4.6,850
mech_both1.5,8,0.925,0,AdaptiveGCN,0.0,0.5114955902099609,34,7032,116.287,1.1262,0,28.19116119200518,12.119308369589522,83.1571371655701,104.47700415583559,nan,2550
mech_both1.5,8,0.925,0,AdaptiveGCN,0.0,0.5114955902099609,34,7032,116.287,1.1262,1,25.33308585887407,9.834148779066744,77.05389320757494,83.40011002918936,2.4761904761904763,850
mech_both1.5,8,0.925,0,AdaptiveGCN,0.0,0.5114955902099609,34,7032,116.287,1.1262,2,27.541147462459477,11.848638389268617,83.18137888657824,103.09414313249587,3.5238095238095237,850
mech_both1.5,8,0.925,0,AdaptiveGCN,0.0,0.5114955902099609,34,7032,116.287,1.1262,3,31.367892268669134,14.675137940433205,89.23613940255716,126.78773474295998,5.714285714285714,850
mech_both1.5,8,0.925,1,AdaptiveGCN,0.0,0.3592449724674225,34,7032,351.761,0.3356,0,31.246070079298345,13.523489449362854,81.74150815502307,111.1875918261598,nan,2550
mech_both1.5,8,0.925,1,AdaptiveGCN,0.0,0.3592449724674225,34,7032,351.761,0.3356,1,25.69082066804721,10.243684128503972,74.57626043386969,85.0477084614247,3.619047619047619,850
mech_both1.5,8,0.925,1,AdaptiveGCN,0.0,0.3592449724674225,34,7032,351.761,0.3356,2,29.50609333189907,13.19291911281481,81.70480787260412,107.90860026990146,4.476190476190476,850
mech_both1.5,8,0.925,1,AdaptiveGCN,0.0,0.3592449724674225,34,7032,351.761,0.3356,3,37.39415563818454,17.133865106769782,88.94345615859541,140.41526077233357,4.714285714285714,850
mech_both1.5,8,0.925,2,AdaptiveGCN,0.0,0.6997511982917786,34,7032,80.655,0.5137,0,27.51898090573483,11.116512465339431,76.86247317388145,93.60640626307338,nan,2550
mech_both1.5,8,0.925,2,AdaptiveGCN,0.0,0.6997511982917786,34,7032,80.655,0.5137,1,25.303224709129864,9.509344959179597,70.86524500028638,79.8278885344711,1.1428571428571428,850
mech_both1.5,8,0.925,2,AdaptiveGCN,0.0,0.6997511982917786,34,7032,80.655,0.5137,2,27.151646306175724,10.884537988633092,76.61731947260186,93.066020587272,3.3333333333333335,850
mech_both1.5,8,0.925,2,AdaptiveGCN,0.0,0.6997511982917786,34,7032,80.655,0.5137,3,29.906819497469268,12.955654448205605,83.10485504875608,107.82937259853765,5.380952380952381,850
mech_smooth0.3,1,0.4,0,AdaptiveGCN,0.0,0.7919574975967407,34,7032,23.442,0.3179,0,89.42376986320352,36.41713403101417,59.9351937473116,58.37948677650808,nan,2550
mech_smooth0.3,1,0.4,0,AdaptiveGCN,0.0,0.7919574975967407,34,7032,23.442,0.3179,1,53.57973254686956,25.461221643091342,53.60850478255813,55.68515333796865,2.52,850
mech_smooth0.3,1,0.4,0,AdaptiveGCN,0.0,0.7919574975967407,34,7032,23.442,0.3179,2,77.93013636866232,35.042815673318415,58.954440897486435,59.50836895417336,2.96,850
mech_smooth0.3,1,0.4,0,AdaptiveGCN,0.0,0.7919574975967407,34,7032,23.442,0.3179,3,122.6618846888029,48.74736477663275,67.24263556189024,59.92622741158199,6.12,850
mech_smooth0.3,1,0.4,1,AdaptiveGCN,0.0,0.8072717189788818,34,7032,22.609,0.3662,0,89.16309228794253,36.62238068209997,60.35919829184612,59.59861642151001,nan,2550
mech_smooth0.3,1,0.4,1,AdaptiveGCN,0.0,0.8072717189788818,34,7032,22.609,0.3662,1,58.95384533112146,26.91125608544961,55.31621374634458,57.113783592338194,3.08,850
mech_smooth0.3,1,0.4,1,AdaptiveGCN,0.0,0.8072717189788818,34,7032,22.609,0.3662,2,82.73915319104916,36.149250123421936,59.754708142217304,61.99026553676149,3.72,850
mech_smooth0.3,1,0.4,1,AdaptiveGCN,0.0,0.8072717189788818,34,7032,22.609,0.3662,3,116.31357499856489,46.80663583742838,66.00667298697647,59.679443566556756,6.2,850
mech_smooth0.3,1,0.4,2,AdaptiveGCN,0.0,0.7419708371162415,34,7032,26.223,0.1967,0,116.47673481220633,44.6126004706346,64.47943533701523,58.83186683103268,nan,2550
mech_smooth0.3,1,0.4,2,AdaptiveGCN,0.0,0.7419708371162415,34,7032,26.223,0.1967,1,73.33250276981029,30.840635847211267,55.83291964241867,54.118174405538255,3.08,850
mech_smooth0.3,1,0.4,2,AdaptiveGCN,0.0,0.7419708371162415,34,7032,26.223,0.1967,2,106.99228825053736,43.563788464851676,64.50228248817301,60.14649555569596,4.28,850
mech_smooth0.3,1,0.4,2,AdaptiveGCN,0.0,0.7419708371162415,34,7032,26.223,0.1967,3,154.5169361266551,59.43337709984085,73.10310388045399,62.195801195945464,8.84,850
mech_smooth0.3,2,0.475,0,AdaptiveGCN,0.0,0.8013681769371033,34,7032,27.291,0.5975,0,118.9825991261434,43.273789969958756,43.169266636718895,51.95818742358895,nan,2550
mech_smooth0.3,2,0.475,0,AdaptiveGCN,0.0,0.8013681769371033,34,7032,27.291,0.5975,1,100.12875685208112,36.608478251191485,37.958213845205954,44.130094314879805,1.24,850
mech_smooth0.3,2,0.475,0,AdaptiveGCN,0.0,0.8013681769371033,34,7032,27.291,0.5975,2,120.92005025347457,44.50214983224869,42.385022872965614,50.498184833009304,2.0,850
mech_smooth0.3,2,0.475,0,AdaptiveGCN,0.0,0.8013681769371033,34,7032,27.291,0.5975,3,133.50337142706033,48.7107418264361,49.1645631919851,61.24628312287774,3.84,850
mech_smooth0.3,2,0.475,1,AdaptiveGCN,0.0,0.5322891473770142,34,7032,59.354,0.959,0,140.04587767709816,48.22394886763748,46.17132040729713,52.04918669005087,nan,2550
mech_smooth0.3,2,0.475,1,AdaptiveGCN,0.0,0.5322891473770142,34,7032,59.354,0.959,1,115.21945907340205,39.16627218713929,40.31555838876386,41.40285343737098,3.04,850
mech_smooth0.3,2,0.475,1,AdaptiveGCN,0.0,0.5322891473770142,34,7032,59.354,0.959,2,134.49112419599072,48.018047779434745,45.48601105097785,50.0386483448546,4.36,850
mech_smooth0.3,2,0.475,1,AdaptiveGCN,0.0,0.5322891473770142,34,7032,59.354,0.959,3,165.75631911446834,57.48752663633841,52.71239178214967,64.706058287927,3.36,850
mech_smooth0.3,2,0.475,2,AdaptiveGCN,0.0,0.5520686507225037,34,7032,78.185,0.6273,0,127.07785891347537,46.67812261162691,46.272648174027324,54.18263982225461,nan,2550
mech_smooth0.3,2,0.475,2,AdaptiveGCN,0.0,0.5520686507225037,34,7032,78.185,0.6273,1,95.26172554851466,34.811007488732606,38.723125603038795,41.3208652029731,1.24,850
mech_smooth0.3,2,0.475,2,AdaptiveGCN,0.0,0.5520686507225037,34,7032,78.185,0.6273,2,123.32020767642854,45.11423317533644,45.592135348721676,51.35850322464628,2.4,850
mech_smooth0.3,2,0.475,2,AdaptiveGCN,0.0,0.5520686507225037,34,7032,78.185,0.6273,3,155.44670051905723,60.10912717081168,54.50268357032152,69.86855103914445,4.12,850
mech_smooth0.3,3,0.55,0,AdaptiveGCN,0.0,0.5028038024902344,34,7032,62.097,1.5731,0,22.92579173345458,12.313850737807213,57.85632805287732,61.49411267009044,nan,2550
mech_smooth0.3,3,0.55,0,AdaptiveGCN,0.0,0.5028038024902344,34,7032,62.097,1.5731,1,16.34103486282734,9.469986563040052,50.79893604172601,54.69163088449234,1.5,850
mech_smooth0.3,3,0.55,0,AdaptiveGCN,0.0,0.5028038024902344,34,7032,62.097,1.5731,2,22.89405944933182,12.394994088599788,58.74507390436794,62.78197440585317,3.375,850
mech_smooth0.3,3,0.55,0,AdaptiveGCN,0.0,0.5028038024902344,34,7032,62.097,1.5731,3,28.028706737192234,15.0765715617818,64.02497421253803,67.02362643435801,4.375,850
mech_smooth0.3,3,0.55,1,AdaptiveGCN,0.0,0.5790512561798096,34,7032,45.149,1.2494,0,22.018600626594615,12.247035227015834,56.41722603200806,63.96749833746558,nan,2550
mech_smooth0.3,3,0.55,1,AdaptiveGCN,0.0,0.5790512561798096,34,7032,45.149,1.2494,1,16.251238892313474,9.62040377650629,50.11261531567276,55.98262087994217,1.4166666666666667,850
mech_smooth0.3,3,0.55,1,AdaptiveGCN,0.0,0.5790512561798096,34,7032,45.149,1.2494,2,22.55587870359062,12.468880199691391,57.65993647726039,66.04802264232345,3.75,850
mech_smooth0.3,3,0.55,1,AdaptiveGCN,0.0,0.5790512561798096,34,7032,45.149,1.2494,3,26.107199984569075,14.65182170484982,61.47912630309102,69.88864620670932,4.375,850
mech_smooth0.3,3,0.55,2,AdaptiveGCN,0.0,0.4804780185222626,34,7032,96.513,0.6219,0,22.02093339242304,12.025270419263592,57.579064846822824,60.89931696523184,nan,2550
mech_smooth0.3,3,0.55,2,AdaptiveGCN,0.0,0.4804780185222626,34,7032,96.513,0.6219,1,16.169162622066434,9.582053005448817,50.89160362433711,55.4718178959011,1.1666666666666667,850
mech_smooth0.3,3,0.55,2,AdaptiveGCN,0.0,0.4804780185222626,34,7032,96.513,0.6219,2,21.933991145053856,11.961945836097001,57.86221418498231,62.90284947570902,2.7083333333333335,850
mech_smooth0.3,3,0.55,2,AdaptiveGCN,0.0,0.4804780185222626,34,7032,96.513,0.6219,3,26.687501474856443,14.531812416244955,63.98337673114906,64.33398662641694,3.125,850
mech_smooth0.3,4,0.625,0,AdaptiveGCN,0.0,0.5382996797561646,34,7032,57.562,0.4357,0,31.955145670423722,14.918361671449178,52.532769612741795,61.216484167376265,nan,2550
mech_smooth0.3,4,0.625,0,AdaptiveGCN,0.0,0.5382996797561646,34,7032,57.562,0.4357,1,27.470379868010895,12.926560604578322,51.15080010462355,56.719816851197955,2.6666666666666665,850
mech_smooth0.3,4,0.625,0,AdaptiveGCN,0.0,0.5382996797561646,34,7032,57.562,0.4357,2,29.613524281912465,14.289758625810638,51.9925827619251,60.54518788358746,3.1666666666666665,850
mech_smooth0.3,4,0.625,0,AdaptiveGCN,0.0,0.5382996797561646,34,7032,57.562,0.4357,3,37.83928400440159,17.538765783958574,54.45492597167673,66.3844477673434,3.375,850
mech_smooth0.3,4,0.625,1,AdaptiveGCN,0.0,0.6844236254692078,34,7032,42.815,0.644,0,30.901639248884944,14.420256900015907,51.78150385696747,58.05834134971539,nan,2550
mech_smooth0.3,4,0.625,1,AdaptiveGCN,0.0,0.6844236254692078,34,7032,42.815,0.644,1,26.954367835769396,12.818664994583848,50.945606259240115,57.030006487517596,2.25,850
mech_smooth0.3,4,0.625,1,AdaptiveGCN,0.0,0.6844236254692078,34,7032,42.815,0.644,2,29.03135545488123,13.93500865017776,51.58397427213092,59.04518469583175,2.9166666666666665,850
mech_smooth0.3,4,0.625,1,AdaptiveGCN,0.0,0.6844236254692078,34,7032,42.815,0.644,3,35.99133756657367,16.507097055286113,52.81493103953142,58.09983286579684,6.416666666666667,850
mech_smooth0.3,4,0.625,2,AdaptiveGCN,0.0,0.4876177906990051,34,7032,69.634,1.534,0,33.00221371775322,15.373666731369882,53.611882849419764,59.44747449112454,nan,2550
mech_smooth0.3,4,0.625,2,AdaptiveGCN,0.0,0.4876177906990051,34,7032,69.634,1.534,1,27.309498970078927,12.840876043056522,50.92663248101034,55.476746795914664,2.5,850
mech_smooth0.3,4,0.625,2,AdaptiveGCN,0.0,0.4876177906990051,34,7032,69.634,1.534,2,30.97025273183103,14.845470751789124,52.89964872829679,59.0068023503879,3.3333333333333335,850
mech_smooth0.3,4,0.625,2,AdaptiveGCN,0.0,0.4876177906990051,34,7032,69.634,1.534,3,39.528129762822665,18.434653399264,57.009367338952174,63.85887432707108,4.375,850
mech_smooth0.3,5,0.7,0,AdaptiveGCN,0.0,0.6043872833251953,34,7032,53.361,0.3975,0,55.548290409348006,28.01174491493287,44.82010122699357,51.857912118549535,nan,2550
mech_smooth0.3,5,0.7,0,AdaptiveGCN,0.0,0.6043872833251953,34,7032,53.361,0.3975,1,39.96437300294017,21.079488127569064,37.22332318735324,39.4432113025229,0.96,850
mech_smooth0.3,5,0.7,0,AdaptiveGCN,0.0,0.6043872833251953,34,7032,53.361,0.3975,2,54.348482125320785,28.221072784136325,43.75432938139891,48.51151013082306,2.0,850
mech_smooth0.3,5,0.7,0,AdaptiveGCN,0.0,0.6043872833251953,34,7032,53.361,0.3975,3,68.59977465968343,34.734673833093225,53.48265111222857,67.83243275439717,3.7916666666666665,850
mech_smooth0.3,5,0.7,1,AdaptiveGCN,0.0,0.6185252666473389,34,7032,52.345,0.4546,0,56.575165404389985,29.038172786892883,46.3438519040379,53.068009984875786,nan,2550
mech_smooth0.3,5,0.7,1,AdaptiveGCN,0.0,0.6185252666473389,34,7032,52.345,0.4546,1,40.232617901350274,21.185361111614416,38.449231170277486,39.26995064218228,1.32,850
mech_smooth0.3,5,0.7,1,AdaptiveGCN,0.0,0.6185252666473389,34,7032,52.345,0.4546,2,55.30086717018207,29.177678342072177,45.335170210941214,49.355888849318255,3.12,850
mech_smooth0.3,5,0.7,1,AdaptiveGCN,0.0,0.6185252666473389,34,7032,52.345,0.4546,3,70.18118386456646,36.751478906992055,55.24715433089502,70.81530665133383,4.083333333333333,850
mech_smooth0.3,5,0.7,2,AdaptiveGCN,0.0,0.567726194858551,34,7032,58.083,1.3141,0,58.14302132259899,29.23560270115368,46.17367094663899,52.453074065977255,nan,2550
mech_smooth0.3,5,0.7,2,AdaptiveGCN,0.0,0.567726194858551,34,7032,58.083,1.3141,1,41.178334312401496,21.71032975944855,38.53394124810219,39.37002146690982,1.2,850
mech_smooth0.3,5,0.7,2,AdaptiveGCN,0.0,0.567726194858551,34,7032,58.083,1.3141,2,56.947670931797944,29.507876963311915,44.965314347148535,48.4872681198957,2.88,850
mech_smooth0.3,5,0.7,2,AdaptiveGCN,0.0,0.567726194858551,34,7032,58.083,1.3141,3,72.13279659253726,36.48860138070057,55.02175724466625,69.73190166631767,4.25,850
mech_smooth0.3,6,0.775,0,AdaptiveGCN,0.0,0.7135382294654846,34,7032,51.44,0.3717,0,10.661376487895946,5.311767798203584,79.73208288920236,85.15421123617931,nan,2550
mech_smooth0.3,6,0.775,0,AdaptiveGCN,0.0,0.7135382294654846,34,7032,51.44,0.3717,1,8.401618505395334,4.369049223082976,72.95483789665195,69.95728651978852,2.2142857142857144,850
mech_smooth0.3,6,0.775,0,AdaptiveGCN,0.0,0.7135382294654846,34,7032,51.44,0.3717,2,10.355653872850175,5.230011538372097,78.58250140785027,84.73625073880142,4.142857142857143,850
mech_smooth0.3,6,0.775,0,AdaptiveGCN,0.0,0.7135382294654846,34,7032,51.44,0.3717,3,12.773726363340629,6.336242633155678,87.65890936310487,100.81362669404608,4.642857142857143,850
mech_smooth0.3,6,0.775,1,AdaptiveGCN,0.0,0.7646098732948303,34,7032,45.862,0.6686,0,10.852002428979546,5.417375853251595,90.45916716972799,87.69885878362243,nan,2550
mech_smooth0.3,6,0.775,1,AdaptiveGCN,0.0,0.7646098732948303,34,7032,45.862,0.6686,1,8.608412608682258,4.479762670850443,88.16765094557731,72.53756687701987,2.2142857142857144,850
mech_smooth0.3,6,0.775,1,AdaptiveGCN,0.0,0.7646098732948303,34,7032,45.862,0.6686,2,10.636540466040154,5.359154246376643,91.94834733594752,88.29784731231454,4.0,850
mech_smooth0.3,6,0.775,1,AdaptiveGCN,0.0,0.7646098732948303,34,7032,45.862,0.6686,3,12.886314811795671,6.413210642527702,91.26150322765918,102.31188857692504,4.714285714285714,850
mech_smooth0.3,6,0.775,2,AdaptiveGCN,0.0,0.7552587389945984,34,7032,47.975,0.6384,0,10.74909367897247,5.377225031520057,92.60209670410558,87.15262749427907,nan,2550
mech_smooth0.3,6,0.775,2,AdaptiveGCN,0.0,0.7552587389945984,34,7032,47.975,0.6384,1,8.540566519723187,4.46300967507708,91.23984844770018,72.66393588309622,2.5,850
mech_smooth0.3,6,0.775,2,AdaptiveGCN,0.0,0.7552587389945984,34,7032,47.975,0.6384,2,10.509901988620557,5.3144776125186075,92.13975621640697,87.54486015895583,4.142857142857143,850
mech_smooth0.3,6,0.775,2,AdaptiveGCN,0.0,0.7552587389945984,34,7032,47.975,0.6384,3,12.776139028272615,6.354187806964482,94.42668544820957,101.29644506695739,4.571428571428571,850
mech_smooth0.3,7,0.85,0,AdaptiveGCN,0.0,0.7586520314216614,34,7032,54.2,0.6048,0,88.52516392988167,21.437530346322028,86.97985478940798,396.7261656129191,nan,2550
mech_smooth0.3,7,0.85,0,AdaptiveGCN,0.0,0.7586520314216614,34,7032,54.2,0.6048,1,89.59454324154433,20.64039623455235,82.28356314370805,421.99383696606975,2.76,850
mech_smooth0.3,7,0.85,0,AdaptiveGCN,0.0,0.7586520314216614,34,7032,54.2,0.6048,2,88.39009422217528,21.326403350504116,87.72832391299531,317.9750536624251,3.52,850
mech_smooth0.3,7,0.85,0,AdaptiveGCN,0.0,0.7586520314216614,34,7032,54.2,0.6048,3,87.57923847106281,22.345791453909616,90.9276773115206,450.2010979912403,4.36,850
mech_smooth0.3,7,0.85,1,AdaptiveGCN,0.0,0.7615202069282532,34,7032,50.893,0.4136,0,89.88573550432125,21.754821434303878,96.25931634033542,411.0658150142246,nan,2550
mech_smooth0.3,7,0.85,1,AdaptiveGCN,0.0,0.7615202069282532,34,7032,50.893,0.4136,1,90.27113825993031,20.757762369604794,95.9548286511597,430.434958552473,2.76,850
mech_smooth0.3,7,0.85,1,AdaptiveGCN,0.0,0.7615202069282532,34,7032,50.893,0.4136,2,89.98493638804229,21.721941001439767,95.93295947350761,331.78385595408207,3.32,850
mech_smooth0.3,7,0.85,1,AdaptiveGCN,0.0,0.7615202069282532,34,7032,50.893,0.4136,3,89.39893266675458,22.78476093186708,96.89016089633894,470.91752078591537,4.16,850
mech_smooth0.3,7,0.85,2,AdaptiveGCN,0.0,0.6636760234832764,34,7032,63.414,0.4487,0,85.7237199196931,20.979284302852395,95.61430594217667,373.48472275489155,nan,2550
mech_smooth0.3,7,0.85,2,AdaptiveGCN,0.0,0.6636760234832764,34,7032,63.414,0.4487,1,87.53858967908981,20.310708876898186,87.82256432685092,405.4784568368199,2.76,850
mech_smooth0.3,7,0.85,2,AdaptiveGCN,0.0,0.6636760234832764,34,7032,63.414,0.4487,2,85.76227137073805,20.919976036659467,98.52852063461229,302.5547434499573,3.52,850
mech_smooth0.3,7,0.85,2,AdaptiveGCN,0.0,0.6636760234832764,34,7032,63.414,0.4487,3,83.8301651968896,21.707167994999534,100.49183286506678,412.4932658796027,4.6,850
mech_smooth0.3,8,0.925,0,AdaptiveGCN,0.0,0.52967369556427,34,7032,90.648,1.1851,0,27.13546355276141,11.323064619307566,77.64585428049125,97.3491677786215,nan,2550
mech_smooth0.3,8,0.925,0,AdaptiveGCN,0.0,0.52967369556427,34,7032,90.648,1.1851,1,25.095059250053595,9.58850120288676,71.73404132797901,81.54675187666915,2.619047619047619,850
mech_smooth0.3,8,0.925,0,AdaptiveGCN,0.0,0.52967369556427,34,7032,90.648,1.1851,2,26.69140466175698,11.105656502222205,76.69023840983736,97.10986296924268,3.6666666666666665,850
mech_smooth0.3,8,0.925,0,AdaptiveGCN,0.0,0.52967369556427,34,7032,90.648,1.1851,3,29.44158733982199,13.275036152813735,84.51328310365736,113.28241230772424,5.761904761904762,850
mech_smooth0.3,8,0.925,1,AdaptiveGCN,0.0,0.5012146830558777,34,7032,87.628,1.3735,0,27.49822147265518,11.673111169898412,80.030549486765,98.65523896747789,nan,2550
mech_smooth0.3,8,0.925,1,AdaptiveGCN,0.0,0.5012146830558777,34,7032,87.628,1.3735,1,25.432684935581918,9.871232550911783,73.5829266310433,83.24135973560118,2.857142857142857,850
mech_smooth0.3,8,0.925,1,AdaptiveGCN,0.0,0.5012146830558777,34,7032,87.628,1.3735,2,27.2835490788035,11.548553761346609,78.05197528221251,98.9262488157906,3.761904761904762,850
mech_smooth0.3,8,0.925,1,AdaptiveGCN,0.0,0.5012146830558777,34,7032,87.628,1.3735,3,29.618288929469376,13.599547197436845,88.45674654703917,113.69435819238281,5.857142857142857,850
mech_smooth0.3,8,0.925,2,AdaptiveGCN,0.0,0.6594783663749695,34,7032,72.075,0.4926,0,27.53593809067201,11.12075940109204,77.02703946084766,93.41628120098736,nan,2550
mech_smooth0.3,8,0.925,2,AdaptiveGCN,0.0,0.6594783663749695,34,7032,72.075,0.4926,1,25.256029345707198,9.510339035316171,71.75154265186382,79.52602350212264,2.4761904761904763,850
mech_smooth0.3,8,0.925,2,AdaptiveGCN,0.0,0.6594783663749695,34,7032,72.075,0.4926,2,27.170518587994255,10.897789377250216,76.51554059620057,92.94965535335628,3.380952380952381,850
mech_smooth0.3,8,0.925,2,AdaptiveGCN,0.0,0.6594783663749695,34,7032,72.075,0.4926,3,29.976316667466012,12.954149790709728,82.81403513447862,107.67676860321487,5.238095238095238,850
mech_smooth1.5,1,0.4,0,AdaptiveGCN,0.0,0.7380442023277283,34,7032,23.929,0.4968,0,102.29318113384909,40.59149523667297,62.21563996644406,58.12635236586128,nan,2550
mech_smooth1.5,1,0.4,0,AdaptiveGCN,0.0,0.7380442023277283,34,7032,23.929,0.4968,1,66.39420641500166,28.846880277836807,54.76138930757636,54.35896443477382,2.6,850
mech_smooth1.5,1,0.4,0,AdaptiveGCN,0.0,0.7380442023277283,34,7032,23.929,0.4968,2,92.65771026297463,39.53730951788671,61.97073237079776,59.76137627682628,3.12,850
mech_smooth1.5,1,0.4,0,AdaptiveGCN,0.0,0.7380442023277283,34,7032,23.929,0.4968,3,135.6393851460267,53.3902959142954,69.91479822095805,60.23275913836015,7.2,850
mech_smooth1.5,1,0.4,1,AdaptiveGCN,0.0,0.8072351217269897,34,7032,19.638,0.6511,0,82.6981681245159,34.72818318675167,59.359998242861245,59.02348260979564,nan,2550
mech_smooth1.5,1,0.4,1,AdaptiveGCN,0.0,0.8072351217269897,34,7032,19.638,0.6511,1,57.99404447129841,26.5748896337091,55.08003870458864,56.46455123741211,2.52,850
mech_smooth1.5,1,0.4,1,AdaptiveGCN,0.0,0.8072351217269897,34,7032,19.638,0.6511,2,73.73601058235921,33.34097056913683,58.50918075335642,61.17654437576186,3.12,850
mech_smooth1.5,1,0.4,1,AdaptiveGCN,0.0,0.8072351217269897,34,7032,19.638,0.6511,3,108.24348748405774,44.26868935740909,64.4907752706387,59.415502960700515,6.08,850
mech_smooth1.5,1,0.4,2,AdaptiveGCN,0.0,0.7926310896873474,34,7032,20.097,0.4424,0,102.37214590170935,39.985180958239404,61.141199479632455,58.7051472523386,nan,2550
mech_smooth1.5,1,0.4,2,AdaptiveGCN,0.0,0.7926310896873474,34,7032,20.097,0.4424,1,63.15721240359246,27.96319423424491,53.661443732387184,54.485932552330894,2.44,850
mech_smooth1.5,1,0.4,2,AdaptiveGCN,0.0,0.7926310896873474,34,7032,20.097,0.4424,2,88.59453304486469,37.84935291827367,60.7199440929437,60.26183362409908,3.2,850
mech_smooth1.5,1,0.4,2,AdaptiveGCN,0.0,0.7926310896873474,34,7032,20.097,0.4424,3,140.00837119805547,54.14299572219963,69.04221061356645,61.337609747714275,6.96,850
mech_smooth1.5,2,0.475,0,AdaptiveGCN,0.0,0.8035123348236084,34,7032,24.107,0.3369,0,122.00855752451253,44.3034970088588,43.29653014999158,52.58264411683922,nan,2550
mech_smooth1.5,2,0.475,0,AdaptiveGCN,0.0,0.8035123348236084,34,7032,24.107,0.3369,1,103.05857087685202,37.06877537405447,38.11913573829205,44.15337476938166,1.24,850
mech_smooth1.5,2,0.475,0,AdaptiveGCN,0.0,0.8035123348236084,34,7032,24.107,0.3369,2,120.65608414066504,44.566060445098316,42.337368624208075,50.33687857930612,2.0,850
mech_smooth1.5,2,0.475,0,AdaptiveGCN,0.0,0.8035123348236084,34,7032,24.107,0.3369,3,139.56827954910986,51.275655207423604,49.433086087474585,63.25767900182986,3.24,850
mech_smooth1.5,2,0.475,1,AdaptiveGCN,0.0,0.5353953838348389,34,7032,59.924,1.5389,0,187.88222924556436,59.06027027512809,48.313632383109024,61.061188464123674,nan,2550
mech_smooth1.5,2,0.475,1,AdaptiveGCN,0.0,0.5353953838348389,34,7032,59.924,1.5389,1,107.25318727965718,38.463492143101554,39.72863973653907,43.99357579295028,3.36,850
mech_smooth1.5,2,0.475,1,AdaptiveGCN,0.0,0.5353953838348389,34,7032,59.924,1.5389,2,173.53238042121282,59.56666601834819,47.935975964228874,58.117377782906146,4.8,850
mech_smooth1.5,2,0.475,1,AdaptiveGCN,0.0,0.5353953838348389,34,7032,59.924,1.5389,3,253.53986464173764,79.15065266393454,57.27628144855912,81.0726118165146,3.96,850
mech_smooth1.5,2,0.475,2,AdaptiveGCN,0.0,0.5528241395950317,34,7032,68.921,1.0299,0,273.87539815546427,80.23934511944944,51.95780270910764,74.82003777591333,nan,2550
mech_smooth1.5,2,0.475,2,AdaptiveGCN,0.0,0.5528241395950317,34,7032,68.921,1.0299,1,143.63030654143486,48.32074864888016,42.06137694971853,48.7614330835249,2.96,850
mech_smooth1.5,2,0.475,2,AdaptiveGCN,0.0,0.5528241395950317,34,7032,68.921,1.0299,2,260.99720132479683,82.42690547510982,51.988963768537786,72.24641881748546,4.6,850
mech_smooth1.5,2,0.475,2,AdaptiveGCN,0.0,0.5528241395950317,34,7032,68.921,1.0299,3,369.15308083216536,109.97038123435834,61.82306740906659,103.4522614267296,4.6,850
mech_smooth1.5,3,0.55,0,AdaptiveGCN,0.0,0.5099629163742065,34,7032,54.791,1.4206,0,20.261134625672454,11.624282944532945,55.57207412458387,63.5805267467368,nan,2550
mech_smooth1.5,3,0.55,0,AdaptiveGCN,0.0,0.5099629163742065,34,7032,54.791,1.4206,1,15.764944142751459,9.443882022503873,50.26231215574083,56.920309144288694,1.375,850
mech_smooth1.5,3,0.55,0,AdaptiveGCN,0.0,0.5099629163742065,34,7032,54.791,1.4206,2,20.692684695173554,11.767130479381457,56.827766744049356,66.02130730824055,4.083333333333333,850
mech_smooth1.5,3,0.55,0,AdaptiveGCN,0.0,0.5099629163742065,34,7032,54.791,1.4206,3,23.554618766622536,13.661836331713506,59.62614347396142,67.81311935556917,4.791666666666667,850
mech_smooth1.5,3,0.55,1,AdaptiveGCN,0.0,0.5312623381614685,34,7032,140.517,0.6626,0,23.914844964040405,12.473480440423478,57.87940124787897,61.341861796173426,nan,2550
mech_smooth1.5,3,0.55,1,AdaptiveGCN,0.0,0.5312623381614685,34,7032,140.517,0.6626,1,16.890509293634086,9.637996600883849,50.740190925450854,55.37137219166352,1.75,850
mech_smooth1.5,3,0.55,1,AdaptiveGCN,0.0,0.5312623381614685,34,7032,140.517,0.6626,2,24.082873434757897,12.556680790882776,58.64223346848435,62.870495136542004,3.75,850
mech_smooth1.5,3,0.55,1,AdaptiveGCN,0.0,0.5312623381614685,34,7032,140.517,0.6626,3,29.163081659683346,15.225763929503806,64.25577934970171,65.79630856317893,6.0,850
mech_smooth1.5,3,0.55,2,AdaptiveGCN,0.0,0.797920823097229,34,7032,30.108,0.6614,0,22.369410990778125,12.410332425322464,55.686174417240544,66.10861274071888,nan,2550
mech_smooth1.5,3,0.55,2,AdaptiveGCN,0.0,0.797920823097229,34,7032,30.108,0.6614,1,16.009169083985785,9.56491031307282,49.803065576798886,56.57279487818268,1.2083333333333333,850
mech_smooth1.5,3,0.55,2,AdaptiveGCN,0.0,0.797920823097229,34,7032,30.108,0.6614,2,22.040512234368553,12.376192885595168,56.74722688744137,67.98647372350774,2.9583333333333335,850
mech_smooth1.5,3,0.55,2,AdaptiveGCN,0.0,0.797920823097229,34,7032,30.108,0.6614,3,27.551660020950454,15.289894077299405,60.50823078748139,73.78736015824413,3.8333333333333335,850
mech_smooth1.5,4,0.625,0,AdaptiveGCN,0.0,0.49504098296165466,34,7032,62.383,0.4304,0,32.21273198995764,14.931714303725782,52.14434195613777,57.47965436879606,nan,2550
mech_smooth1.5,4,0.625,0,AdaptiveGCN,0.0,0.49504098296165466,34,7032,62.383,0.4304,1,26.860883102258583,12.64776986454723,49.8051043083402,53.75073578813074,2.5833333333333335,850
mech_smooth1.5,4,0.625,0,AdaptiveGCN,0.0,0.49504098296165466,34,7032,62.383,0.4304,2,30.735092143825632,14.615540504523498,51.39249059478702,56.81819534029287,3.3333333333333335,850
mech_smooth1.5,4,0.625,0,AdaptiveGCN,0.0,0.49504098296165466,34,7032,62.383,0.4304,3,38.03718413142419,17.531832542106617,55.235430965286106,61.87003197796458,6.291666666666667,850
mech_smooth1.5,4,0.625,1,AdaptiveGCN,0.0,0.5701358914375305,34,7032,53.153,0.4594,0,33.28572684712092,16.0455418649944,53.912385628787796,67.41075364876372,nan,2550
mech_smooth1.5,4,0.625,1,AdaptiveGCN,0.0,0.5701358914375305,34,7032,53.153,0.4594,1,27.89224160228079,13.303402066007257,51.30743825126242,59.50605912667011,2.6666666666666665,850
mech_smooth1.5,4,0.625,1,AdaptiveGCN,0.0,0.5701358914375305,34,7032,53.153,0.4594,2,30.84752657429378,15.51485973339747,53.376499304901216,66.83729554927878,4.375,850
mech_smooth1.5,4,0.625,1,AdaptiveGCN,0.0,0.5701358914375305,34,7032,53.153,0.4594,3,39.928333271896975,19.31836379557848,57.053219330199745,75.88890627034225,5.375,850
mech_smooth1.5,4,0.625,2,AdaptiveGCN,0.0,0.4613454341888428,34,7032,88.551,1.2054,0,34.15943432606241,15.995029607613791,54.17764705188394,62.852412134170955,nan,2550
mech_smooth1.5,4,0.625,2,AdaptiveGCN,0.0,0.4613454341888428,34,7032,88.551,1.2054,1,27.56917861067159,13.056513875334195,50.99089130766086,56.22358113821356,2.7083333333333335,850
mech_smooth1.5,4,0.625,2,AdaptiveGCN,0.0,0.4613454341888428,34,7032,88.551,1.2054,2,31.944461963051545,15.564052109983475,53.523436569474484,62.164755660935114,3.8333333333333335,850
mech_smooth1.5,4,0.625,2,AdaptiveGCN,0.0,0.4613454341888428,34,7032,88.551,1.2054,3,41.473999096467104,19.3645228375237,58.01861327851642,70.16889960336418,5.833333333333333,850
mech_smooth1.5,5,0.7,0,AdaptiveGCN,0.0,0.6280953884124756,34,7032,58.008,0.4682,0,59.698514096960366,29.90043320192297,46.738809241121835,52.778928792411826,nan,2550
mech_smooth1.5,5,0.7,0,AdaptiveGCN,0.0,0.6280953884124756,34,7032,58.008,0.4682,1,41.46933016363305,21.978793041467743,38.5920599826908,40.11656023288178,1.28,850
mech_smooth1.5,5,0.7,0,AdaptiveGCN,0.0,0.6280953884124756,34,7032,58.008,0.4682,2,58.21042068143073,30.1608630071427,45.32628107143902,49.238047820064395,2.92,850
mech_smooth1.5,5,0.7,0,AdaptiveGCN,0.0,0.6280953884124756,34,7032,58.008,0.4682,3,74.72335201277699,37.56164355715846,56.29808666923568,69.20132554952099,4.125,850
mech_smooth1.5,5,0.7,1,AdaptiveGCN,0.0,0.6408310532569885,34,7032,50.434,0.5187,0,56.15375436396266,28.8414426360297,46.34288466131144,53.67582266504382,nan,2550
mech_smooth1.5,5,0.7,1,AdaptiveGCN,0.0,0.6408310532569885,34,7032,50.434,0.5187,1,40.30924606159784,21.37416929144957,38.961544600019565,39.66847747568947,2.44,850
mech_smooth1.5,5,0.7,1,AdaptiveGCN,0.0,0.6408310532569885,34,7032,50.434,0.5187,2,54.63979559533778,28.99598323492977,45.37110229583444,50.16959600151441,3.28,850
mech_smooth1.5,5,0.7,1,AdaptiveGCN,0.0,0.6408310532569885,34,7032,50.434,0.5187,3,69.63756031589585,36.15417538170977,54.69600708808032,71.42708573054558,3.9583333333333335,850
mech_smooth1.5,5,0.7,2,AdaptiveGCN,0.0,0.5903844237327576,34,7032,71.311,0.4384,0,59.03101114379377,29.51307635665159,45.648155894770575,51.07126760039735,nan,2550
mech_smooth1.5,5,0.7,2,AdaptiveGCN,0.0,0.5903844237327576,34,7032,71.311,0.4384,1,41.24152774185276,21.738417482923936,37.81106142028911,39.18986349003899,1.24,850
mech_smooth1.5,5,0.7,2,AdaptiveGCN,0.0,0.5903844237327576,34,7032,71.311,0.4384,2,57.52647615386429,29.741683774044848,44.28219562230613,47.58065668418633,2.92,850
mech_smooth1.5,5,0.7,2,AdaptiveGCN,0.0,0.5903844237327576,34,7032,71.311,0.4384,3,73.78225911974357,37.05912781298599,54.8512106417165,66.6508510564928,4.208333333333333,850
mech_smooth1.5,6,0.775,0,AdaptiveGCN,0.0,0.783078134059906,34,7032,49.999,0.4427,0,10.565056807330858,5.262588096430406,83.53532353858685,84.683671387775,nan,2550
mech_smooth1.5,6,0.775,0,AdaptiveGCN,0.0,0.783078134059906,34,7032,49.999,0.4427,1,8.468217010729974,4.413554542494881,82.5827636450276,71.55311464554374,2.5,850
mech_smooth1.5,6,0.775,0,AdaptiveGCN,0.0,0.783078134059906,34,7032,49.999,0.4427,2,10.339755531839227,5.227163528501234,83.49574661176166,85.43131124416693,4.142857142857143,850
mech_smooth1.5,6,0.775,0,AdaptiveGCN,0.0,0.783078134059906,34,7032,49.999,0.4427,3,12.499601282735698,6.1470462182951024,84.5274603589713,97.11193970448257,4.571428571428571,850
mech_smooth1.5,6,0.775,1,AdaptiveGCN,0.0,0.6176726818084717,34,7032,65.427,0.4086,0,12.168990708856699,6.040989830663965,94.84774584058793,98.50123197542155,nan,2550
mech_smooth1.5,6,0.775,1,AdaptiveGCN,0.0,0.6176726818084717,34,7032,65.427,0.4086,1,9.023453783722692,4.675332979722058,91.40422280028069,75.6629878447232,3.4285714285714284,850
mech_smooth1.5,6,0.775,1,AdaptiveGCN,0.0,0.6176726818084717,34,7032,65.427,0.4086,2,11.728728439641442,5.938424594328432,94.3739103879223,97.43827412180515,5.5,850
mech_smooth1.5,6,0.775,1,AdaptiveGCN,0.0,0.6176726818084717,34,7032,65.427,0.4086,3,15.008904544266006,7.509211917941403,98.7651043335608,122.46665823391751,6.5,850
mech_smooth1.5,6,0.775,2,AdaptiveGCN,0.0,0.7914620637893677,34,7032,53.976,0.4899,0,10.557605756253212,5.278882737161361,85.19711294772819,85.38794252791901,nan,2550
mech_smooth1.5,6,0.775,2,AdaptiveGCN,0.0,0.7914620637893677,34,7032,53.976,0.4899,1,8.496993419363053,4.4376265871770135,86.0585346640105,72.29416693605317,2.7857142857142856,850
mech_smooth1.5,6,0.775,2,AdaptiveGCN,0.0,0.7914620637893677,34,7032,53.976,0.4899,2,10.235386646386594,5.186618093921536,80.06193579937961,84.9089384646611,3.357142857142857,850
mech_smooth1.5,6,0.775,2,AdaptiveGCN,0.0,0.7914620637893677,34,7032,53.976,0.4899,3,12.546994896933882,6.212403530385534,89.47086837979452,98.99835246975707,4.071428571428571,850
mech_smooth1.5,7,0.85,0,AdaptiveGCN,0.0,0.7747488617897034,34,7032,63.614,0.6867,0,88.64358142434489,21.44067464285989,87.62664991409339,397.02371252926287,nan,2550
mech_smooth1.5,7,0.85,0,AdaptiveGCN,0.0,0.7747488617897034,34,7032,63.614,0.6867,1,90.05496508707647,20.71245621689657,84.9003235303272,426.9008098875447,2.76,850
mech_smooth1.5,7,0.85,0,AdaptiveGCN,0.0,0.7747488617897034,34,7032,63.614,0.6867,2,88.89221685640797,21.40673049770323,87.77788568751315,321.3530730709508,3.52,850
mech_smooth1.5,7,0.85,0,AdaptiveGCN,0.0,0.7747488617897034,34,7032,63.614,0.6867,3,86.9559119825798,22.20283721397987,90.2017405244398,442.8575451130349,4.36,850
mech_smooth1.5,7,0.85,1,AdaptiveGCN,0.0,0.775855302810669,34,7032,57.697,0.4174,0,91.00158306531841,21.948190856759098,95.13102006083675,419.99109543616163,nan,2550
mech_smooth1.5,7,0.85,1,AdaptiveGCN,0.0,0.775855302810669,34,7032,57.697,0.4174,1,90.90573547613786,20.86012918993784,93.53800972839947,435.1204469152887,2.76,850
mech_smooth1.5,7,0.85,1,AdaptiveGCN,0.0,0.775855302810669,34,7032,57.697,0.4174,2,91.2699496937117,21.92581958929796,96.17999942419429,339.6291228227306,3.32,850
mech_smooth1.5,7,0.85,1,AdaptiveGCN,0.0,0.775855302810669,34,7032,57.697,0.4174,3,90.82845315005606,23.05862379104149,95.6750510299165,485.1227817416748,4.16,850
mech_smooth1.5,7,0.85,2,AdaptiveGCN,0.0,0.682719349861145,34,7032,66.44,0.7721,0,86.16198203252756,21.037002979531906,94.45235800018217,376.35495714825595,nan,2550
mech_smooth1.5,7,0.85,2,AdaptiveGCN,0.0,0.682719349861145,34,7032,66.44,0.7721,1,88.19162231201696,20.419691625627713,92.05653240708371,411.8567911154817,2.76,850
mech_smooth1.5,7,0.85,2,AdaptiveGCN,0.0,0.682719349861145,34,7032,66.44,0.7721,2,86.24422958812544,20.993825296167735,95.17707628279088,304.8877531585852,3.52,850
mech_smooth1.5,7,0.85,2,AdaptiveGCN,0.0,0.682719349861145,34,7032,66.44,0.7721,3,83.99900035146885,21.69749201680027,96.12346531067197,412.4214477995957,4.6,850
mech_smooth1.5,8,0.925,0,AdaptiveGCN,0.0,0.5114955902099609,34,7032,112.874,0.561,0,28.19116119200518,12.119308369589522,83.1571371655701,104.47700415583559,nan,2550
mech_smooth1.5,8,0.925,0,AdaptiveGCN,0.0,0.5114955902099609,34,7032,112.874,0.561,1,25.33308585887407,9.834148779066744,77.05389320757494,83.40011002918936,2.4761904761904763,850
mech_smooth1.5,8,0.925,0,AdaptiveGCN,0.0,0.5114955902099609,34,7032,112.874,0.561,2,27.541147462459477,11.848638389268617,83.18137888657824,103.09414313249587,3.5238095238095237,850
mech_smooth1.5,8,0.925,0,AdaptiveGCN,0.0,0.5114955902099609,34,7032,112.874,0.561,3,31.367892268669134,14.675137940433205,89.23613940255716,126.78773474295998,5.714285714285714,850
mech_smooth1.5,8,0.925,1,AdaptiveGCN,0.0,0.3844670355319977,34,7032,192.971,1.2341,0,28.374810596654132,12.185682216497577,80.01895087348939,100.13288485477798,nan,2550
mech_smooth1.5,8,0.925,1,AdaptiveGCN,0.0,0.3844670355319977,34,7032,192.971,1.2341,1,25.337853459155415,9.832439770275892,72.56373802165812,82.26019484481229,2.5238095238095237,850
mech_smooth1.5,8,0.925,1,AdaptiveGCN,0.0,0.3844670355319977,34,7032,192.971,1.2341,2,27.52970549147612,11.94288575161769,79.04530367765575,99.00596052376943,4.380952380952381,850
mech_smooth1.5,8,0.925,1,AdaptiveGCN,0.0,0.3844670355319977,34,7032,192.971,1.2341,3,31.86688134761453,14.781721127599148,88.44781092115426,119.00631657936742,4.476190476190476,850
mech_smooth1.5,8,0.925,2,AdaptiveGCN,0.0,0.6997511982917786,34,7032,75.307,1.0571,0,27.51898090573483,11.116512465339431,76.86247317388145,93.60640626307338,nan,2550
mech_smooth1.5,8,0.925,2,AdaptiveGCN,0.0,0.6997511982917786,34,7032,75.307,1.0571,1,25.303224709129864,9.509344959179597,70.86524500028638,79.8278885344711,1.1428571428571428,850
mech_smooth1.5,8,0.925,2,AdaptiveGCN,0.0,0.6997511982917786,34,7032,75.307,1.0571,2,27.151646306175724,10.884537988633092,76.61731947260186,93.066020587272,3.3333333333333335,850
mech_smooth1.5,8,0.925,2,AdaptiveGCN,0.0,0.6997511982917786,34,7032,75.307,1.0571,3,29.906819497469268,12.955654448205605,83.10485504875608,107.82937259853765,5.380952380952381,850
mech_smooth1.5_curr,1,0.4,0,AdaptiveGCN,0.0,0.7874311804771423,34,7032,22.633,0.5291,0,92.82030912158108,37.41131747750995,60.58858048019481,58.73553399455478,nan,2550
mech_smooth1.5_curr,1,0.4,0,AdaptiveGCN,0.0,0.7874311804771423,34,7032,22.633,0.5291,1,55.269830623437095,25.948665344475167,53.51875609515081,56.23008101710533,2.56,850
mech_smooth1.5_curr,1,0.4,0,AdaptiveGCN,0.0,0.7874311804771423,34,7032,22.633,0.5291,2,79.02651781786308,35.319005889160394,59.50010025284518,60.105950507845606,3.12,850
mech_smooth1.5_curr,1,0.4,0,AdaptiveGCN,0.0,0.7874311804771423,34,7032,22.633,0.5291,3,128.6346946228627,50.96628119889428,68.74688509258846,59.85433476185457,6.12,850
mech_smooth1.5_curr,1,0.4,1,AdaptiveGCN,0.0,0.8055638670921326,34,7032,21.057,0.4199,0,91.90912870782495,37.3837908503169,60.80804610340419,60.10395369589002,nan,2550
mech_smooth1.5_curr,1,0.4,1,AdaptiveGCN,0.0,0.8055638670921326,34,7032,21.057,0.4199,1,56.58798054692682,26.456597256458856,55.12102743431569,58.581394458733804,3.04,850
mech_smooth1.5_curr,1,0.4,1,AdaptiveGCN,0.0,0.8055638670921326,34,7032,21.057,0.4199,2,90.01601572348045,38.109792934486315,60.76861462097085,61.923280932983836,3.72,850
mech_smooth1.5_curr,1,0.4,1,AdaptiveGCN,0.0,0.8055638670921326,34,7032,21.057,0.4199,3,118.4769226068324,47.58498236000552,66.53449625492604,59.80089798984747,6.76,850
mech_smooth1.5_curr,1,0.4,2,AdaptiveGCN,0.0,0.739592969417572,34,7032,26.086,0.3722,0,116.06149783639928,44.695743147479185,64.60398728767828,58.769510595555516,nan,2550
mech_smooth1.5_curr,1,0.4,2,AdaptiveGCN,0.0,0.739592969417572,34,7032,26.086,0.3722,1,78.08696508381239,32.246484205863055,56.56655048211111,54.09345060143913,3.76,850
mech_smooth1.5_curr,1,0.4,2,AdaptiveGCN,0.0,0.739592969417572,34,7032,26.086,0.3722,2,105.65764958605614,43.166716391266704,64.4298322395618,60.06402871516254,4.28,850
mech_smooth1.5_curr,1,0.4,2,AdaptiveGCN,0.0,0.739592969417572,34,7032,26.086,0.3722,3,152.15025733805115,58.6740288453078,72.81557914136194,62.11616871480496,8.64,850
mech_smooth1.5_curr,2,0.475,0,AdaptiveGCN,0.0,0.8029313683509827,34,7032,27.033,0.4477,0,121.39343425155337,43.47365714659289,43.1393509724548,51.811399989469386,nan,2550
mech_smooth1.5_curr,2,0.475,0,AdaptiveGCN,0.0,0.8029313683509827,34,7032,27.033,0.4477,1,107.28851044737618,38.08372628398938,38.06556235346553,44.112252093278045,1.24,850
mech_smooth1.5_curr,2,0.475,0,AdaptiveGCN,0.0,0.8029313683509827,34,7032,27.033,0.4477,2,122.63905789583667,45.04921813285252,42.496967161063466,51.235658220416305,2.04,850
mech_smooth1.5_curr,2,0.475,0,AdaptiveGCN,0.0,0.8029313683509827,34,7032,27.033,0.4477,3,132.88316162164227,47.28802702293677,48.855523402835374,60.08628965471382,4.04,850
mech_smooth1.5_curr,2,0.475,1,AdaptiveGCN,0.0,0.5442570447921753,34,7032,62.921,0.5407,0,148.2977534735144,46.812697155734924,44.835228728347474,52.626984762187725,nan,2550
mech_smooth1.5_curr,2,0.475,1,AdaptiveGCN,0.0,0.5442570447921753,34,7032,62.921,0.5407,1,82.78606587703604,31.818698989792782,37.93017269093759,41.14381851261344,1.72,850
mech_smooth1.5_curr,2,0.475,1,AdaptiveGCN,0.0,0.5442570447921753,34,7032,62.921,0.5407,2,118.05015060225763,44.54433542119668,43.90001435373522,49.9735775960515,3.16,850
mech_smooth1.5_curr,2,0.475,1,AdaptiveGCN,0.0,0.5442570447921753,34,7032,62.921,0.5407,3,212.57304696329942,64.07505705621531,52.67549914036964,66.76355817789823,2.72,850
mech_smooth1.5_curr,2,0.475,2,AdaptiveGCN,0.0,0.5363495349884033,34,7032,71.38,2.5773,0,319.8050569964431,88.21289463021802,52.97159525490211,78.40360747365489,nan,2550
mech_smooth1.5_curr,2,0.475,2,AdaptiveGCN,0.0,0.5363495349884033,34,7032,71.38,2.5773,1,166.81717478136767,53.22371217744069,42.74170268826381,50.81715248009798,1.8,850
mech_smooth1.5_curr,2,0.475,2,AdaptiveGCN,0.0,0.5363495349884033,34,7032,71.38,2.5773,2,304.6573015485163,89.78457522054805,52.94297131248531,75.82372099260843,2.96,850
mech_smooth1.5_curr,2,0.475,2,AdaptiveGCN,0.0,0.5363495349884033,34,7032,71.38,2.5773,3,431.4878703424161,121.6303964926653,63.23011176395724,108.56994894825827,3.88,850
mech_smooth1.5_curr,3,0.55,0,AdaptiveGCN,0.0,0.7558283805847168,34,7032,34.281,0.4434,0,22.196561989855013,12.27388807651039,56.22526747184274,62.95352067876675,nan,2550
mech_smooth1.5_curr,3,0.55,0,AdaptiveGCN,0.0,0.7558283805847168,34,7032,34.281,0.4434,1,16.497683859853595,9.67568547760739,50.1782792659056,55.45286856537673,1.125,850
mech_smooth1.5_curr,3,0.55,0,AdaptiveGCN,0.0,0.7558283805847168,34,7032,34.281,0.4434,2,21.070831452758895,11.857257792458816,57.128837210042285,63.2592725375428,2.625,850
mech_smooth1.5_curr,3,0.55,0,AdaptiveGCN,0.0,0.7558283805847168,34,7032,34.281,0.4434,3,27.602691565464802,15.288720959464964,61.368685939580324,70.1661906460385,3.6666666666666665,850
mech_smooth1.5_curr,3,0.55,1,AdaptiveGCN,0.0,0.5749120712280273,34,7032,47.319,1.1667,0,21.53185423613637,12.112425491150615,56.39275900028048,63.413677671507294,nan,2550
mech_smooth1.5_curr,3,0.55,1,AdaptiveGCN,0.0,0.5749120712280273,34,7032,47.319,1.1667,1,15.944745243948809,9.552574773830745,50.10692335564099,55.75781893996378,1.375,850
mech_smooth1.5_curr,3,0.55,1,AdaptiveGCN,0.0,0.5749120712280273,34,7032,47.319,1.1667,2,22.24299633084063,12.431751697648536,57.71456568686336,65.5388412333241,3.2916666666666665,850
mech_smooth1.5_curr,3,0.55,1,AdaptiveGCN,0.0,0.5749120712280273,34,7032,47.319,1.1667,3,25.33528081293857,14.352950001972562,61.35678795833709,68.96031788827301,4.625,850
mech_smooth1.5_curr,3,0.55,2,AdaptiveGCN,0.0,0.5930020809173584,34,7032,46.361,1.1032,0,20.949941936250347,11.637922442156409,55.9450673137053,60.789022643468456,nan,2550
mech_smooth1.5_curr,3,0.55,2,AdaptiveGCN,0.0,0.5930020809173584,34,7032,46.361,1.1032,1,15.77025506869292,9.346056489694645,50.04574852729243,54.57887673163108,1.7916666666666667,850
mech_smooth1.5_curr,3,0.55,2,AdaptiveGCN,0.0,0.5930020809173584,34,7032,46.361,1.1032,2,21.304266991207392,11.732250365376034,56.8356375308075,62.764300201371015,3.2916666666666665,850
mech_smooth1.5_curr,3,0.55,2,AdaptiveGCN,0.0,0.5930020809173584,34,7032,46.361,1.1032,3,24.781595276182262,13.835460471398546,60.95381588301595,65.03652100256141,4.25,850
mech_smooth1.5_curr,4,0.625,0,AdaptiveGCN,0.0,0.6176543831825256,34,7032,48.153,0.4661,0,30.676177321100315,14.301492684846195,52.293755742725445,57.28810468459849,nan,2550
mech_smooth1.5_curr,4,0.625,0,AdaptiveGCN,0.0,0.6176543831825256,34,7032,48.153,0.4661,1,26.91335482238964,12.694199056244072,50.99037795526205,55.5053759093585,2.6666666666666665,850
mech_smooth1.5_curr,4,0.625,0,AdaptiveGCN,0.0,0.6176543831825256,34,7032,48.153,0.4661,2,28.60429321347261,13.621433193884133,51.64783673485908,56.374753277763986,3.375,850
mech_smooth1.5_curr,4,0.625,0,AdaptiveGCN,0.0,0.6176543831825256,34,7032,48.153,0.4661,3,35.78476361621813,16.588845804410383,54.24305253805524,59.98418486667296,3.7916666666666665,850
mech_smooth1.5_curr,4,0.625,1,AdaptiveGCN,0.0,0.6796863079071045,34,7032,45.31,0.4633,0,30.589410592613966,14.283997298149373,51.693582579160534,58.223950675820966,nan,2550
mech_smooth1.5_curr,4,0.625,1,AdaptiveGCN,0.0,0.6796863079071045,34,7032,45.31,0.4633,1,27.070320836182525,12.922071192527518,50.908585467378195,57.90090259049072,2.5,850
mech_smooth1.5_curr,4,0.625,1,AdaptiveGCN,0.0,0.6796863079071045,34,7032,45.31,0.4633,2,28.77775870891064,13.875804565851302,51.45815599031446,59.772788513218835,4.041666666666667,850
mech_smooth1.5_curr,4,0.625,1,AdaptiveGCN,0.0,0.6796863079071045,34,7032,45.31,0.4633,3,35.30119622234395,16.0541161360693,52.71400627978895,56.99816092375336,4.458333333333333,850
mech_smooth1.5_curr,4,0.625,2,AdaptiveGCN,0.0,0.46856966614723206,34,7032,84.107,0.692,0,33.19457776331563,15.45054430337075,52.92746106565206,60.05166529180125,nan,2550
mech_smooth1.5_curr,4,0.625,2,AdaptiveGCN,0.0,0.46856966614723206,34,7032,84.107,0.692,1,27.30358767667872,12.832813139123951,49.743207280588734,55.14065993568812,2.0833333333333335,850
mech_smooth1.5_curr,4,0.625,2,AdaptiveGCN,0.0,0.46856966614723206,34,7032,84.107,0.692,2,31.451019509616742,15.01681226288352,52.46309203345505,59.856910772123584,3.2083333333333335,850
mech_smooth1.5_curr,4,0.625,2,AdaptiveGCN,0.0,0.46856966614723206,34,7032,84.107,0.692,3,39.6356840541708,18.502007508104775,56.57608388291241,65.15742516759205,5.833333333333333,850
mech_smooth1.5_curr,5,0.7,0,AdaptiveGCN,0.0,0.598901629447937,34,7032,60.54,0.2622,0,55.34523232125332,28.122910077959006,44.832232037302724,52.41183210149993,nan,2550
mech_smooth1.5_curr,5,0.7,0,AdaptiveGCN,0.0,0.598901629447937,34,7032,60.54,0.2622,1,39.889602245330835,21.1948440906515,37.31924410719334,39.677451066204135,1.0,850
mech_smooth1.5_curr,5,0.7,0,AdaptiveGCN,0.0,0.598901629447937,34,7032,60.54,0.2622,2,54.33336637130178,28.427009514809093,43.88472818372567,48.79077122281071,2.68,850
mech_smooth1.5_curr,5,0.7,0,AdaptiveGCN,0.0,0.598901629447937,34,7032,60.54,0.2622,3,68.16149318751532,34.74687662841642,53.29272382098919,68.98835946912963,3.625,850
mech_smooth1.5_curr,5,0.7,1,AdaptiveGCN,0.0,0.5509375929832458,34,7032,71.122,0.4988,0,57.24023956687509,29.53742637498229,46.7554029767484,55.19819964412703,nan,2550
mech_smooth1.5_curr,5,0.7,1,AdaptiveGCN,0.0,0.5509375929832458,34,7032,71.122,0.4988,1,40.749046046698936,21.60523272980162,39.56167914360043,40.09799119451489,2.2,850
mech_smooth1.5_curr,5,0.7,1,AdaptiveGCN,0.0,0.5509375929832458,34,7032,71.122,0.4988,2,56.725836683178514,29.933379053013837,45.79053302242719,51.13303132502563,3.64,850
mech_smooth1.5_curr,5,0.7,1,AdaptiveGCN,0.0,0.5509375929832458,34,7032,71.122,0.4988,3,70.36355431540626,37.07366734213141,54.91399676421758,74.6231011347582,5.041666666666667,850
mech_smooth1.5_curr,5,0.7,2,AdaptiveGCN,0.0,0.5621038675308228,34,7032,69.715,1.5894,0,58.65636245083031,29.155669415839125,46.20144329514904,51.944096931856464,nan,2550
mech_smooth1.5_curr,5,0.7,2,AdaptiveGCN,0.0,0.5621038675308228,34,7032,69.715,1.5894,1,41.64693604224668,21.775805606196688,38.39791785091155,39.20236027839844,1.24,850
mech_smooth1.5_curr,5,0.7,2,AdaptiveGCN,0.0,0.5621038675308228,34,7032,69.715,1.5894,2,57.68160485394669,29.455169545642153,44.92282697992941,47.77083157254386,2.84,850
mech_smooth1.5_curr,5,0.7,2,AdaptiveGCN,0.0,0.5621038675308228,34,7032,69.715,1.5894,3,72.526352091193,36.236033095678536,55.28358505460618,69.08665143044252,4.25,850
mech_smooth1.5_curr,6,0.775,0,AdaptiveGCN,0.0,0.6596555113792419,34,7032,53.835,0.921,0,11.043889322597046,5.454684541504351,85.57804495493659,87.78667486169944,nan,2550
mech_smooth1.5_curr,6,0.775,0,AdaptiveGCN,0.0,0.6596555113792419,34,7032,53.835,0.921,1,8.648866861584288,4.481012241570279,82.31738331128689,72.34067093540378,2.2142857142857144,850
mech_smooth1.5_curr,6,0.775,0,AdaptiveGCN,0.0,0.6596555113792419,34,7032,53.835,0.921,2,10.671816356999788,5.362520644949639,84.62129909048424,87.41020857666078,4.142857142857143,850
mech_smooth1.5_curr,6,0.775,0,AdaptiveGCN,0.0,0.6596555113792419,34,7032,53.835,0.921,3,13.312096445052525,6.520520737993134,89.79545246303863,103.6547049842159,4.642857142857143,850
mech_smooth1.5_curr,6,0.775,1,AdaptiveGCN,0.0,0.7592735886573792,34,7032,45.87,0.5285,0,10.894248540268682,5.4299317895714765,88.9060268672065,87.75004515062741,nan,2550
mech_smooth1.5_curr,6,0.775,1,AdaptiveGCN,0.0,0.7592735886573792,34,7032,45.87,0.5285,1,8.567645287987155,4.4540627176860035,85.99100363688186,71.84149713755833,2.2142857142857144,850
mech_smooth1.5_curr,6,0.775,1,AdaptiveGCN,0.0,0.7592735886573792,34,7032,45.87,0.5285,2,10.747558921765732,5.398132844066165,89.65827681416285,88.42817918905627,4.0,850
mech_smooth1.5_curr,6,0.775,1,AdaptiveGCN,0.0,0.7592735886573792,34,7032,45.87,0.5285,3,12.928239834325643,6.437599806962261,91.06880015057483,103.03399343872475,4.642857142857143,850
mech_smooth1.5_curr,6,0.775,2,AdaptiveGCN,0.0,0.550439715385437,34,7032,78.434,0.2969,0,12.25172766622718,5.99294007444825,93.34668223130382,96.82468415844015,nan,2550
mech_smooth1.5_curr,6,0.775,2,AdaptiveGCN,0.0,0.550439715385437,34,7032,78.434,0.2969,1,8.98354245629189,4.610326045509291,88.56314088218132,75.01319055859797,2.2142857142857144,850
mech_smooth1.5_curr,6,0.775,2,AdaptiveGCN,0.0,0.550439715385437,34,7032,78.434,0.2969,2,11.879602004215773,5.951543247065342,93.42222195314407,97.2424783440876,4.285714285714286,850
mech_smooth1.5_curr,6,0.775,2,AdaptiveGCN,0.0,0.550439715385437,34,7032,78.434,0.2969,3,15.115737282038982,7.416950930770117,98.05468385858606,118.28860708262286,5.285714285714286,850
mech_smooth1.5_curr,7,0.85,0,AdaptiveGCN,0.0,0.7573693990707397,34,7032,53.857,0.6299,0,88.29592251751363,21.40457557149321,87.98625491066599,394.8415903393858,nan,2550
mech_smooth1.5_curr,7,0.85,0,AdaptiveGCN,0.0,0.7573693990707397,34,7032,53.857,0.6299,1,89.82569575041815,20.72004978419213,84.23606903115653,424.5719572751038,2.76,850
mech_smooth1.5_curr,7,0.85,0,AdaptiveGCN,0.0,0.7573693990707397,34,7032,53.857,0.6299,2,87.54839411945794,21.14565439607763,86.9247450746554,311.0717742008993,3.52,850
mech_smooth1.5_curr,7,0.85,0,AdaptiveGCN,0.0,0.7573693990707397,34,7032,53.857,0.6299,3,87.49361616548765,22.348022534209868,92.79795062618598,448.89668538535386,4.36,850
mech_smooth1.5_curr,7,0.85,1,AdaptiveGCN,0.0,0.6986650228500366,34,7032,66.02,0.7689,0,90.92567315557015,21.93464069100621,93.67611743770438,416.6020588958132,nan,2550
mech_smooth1.5_curr,7,0.85,1,AdaptiveGCN,0.0,0.6986650228500366,34,7032,66.02,0.7689,1,91.15422907596826,20.93255891334084,89.98871420514436,437.0638124540169,2.56,850
mech_smooth1.5_curr,7,0.85,1,AdaptiveGCN,0.0,0.6986650228500366,34,7032,66.02,0.7689,2,92.42800038970861,22.165885713053594,96.02710366927192,343.1437386706585,3.32,850
mech_smooth1.5_curr,7,0.85,1,AdaptiveGCN,0.0,0.6986650228500366,34,7032,66.02,0.7689,3,89.16504574050664,22.705477446624187,95.01253443869687,469.56378267805815,4.16,850
mech_smooth1.5_curr,7,0.85,2,AdaptiveGCN,0.0,0.6613851189613342,34,7032,72.504,0.4117,0,85.46068554468506,20.931223985771876,95.15349473344405,371.47060829993757,nan,2550
mech_smooth1.5_curr,7,0.85,2,AdaptiveGCN,0.0,0.6613851189613342,34,7032,72.504,0.4117,1,86.97614772190397,20.211759156307945,88.76582962861858,400.6202366091213,2.76,850
mech_smooth1.5_curr,7,0.85,2,AdaptiveGCN,0.0,0.6613851189613342,34,7032,72.504,0.4117,2,85.57320568629052,20.895367733790156,97.47162540910705,301.4384215304624,3.52,850
mech_smooth1.5_curr,7,0.85,2,AdaptiveGCN,0.0,0.6613851189613342,34,7032,72.504,0.4117,3,83.80311758718754,21.68654506721753,99.2230291626066,412.40343140137776,4.6,850
mech_smooth1.5_curr,8,0.925,0,AdaptiveGCN,0.0,0.40540704131126404,34,7032,154.487,0.6475,0,28.28683230036944,12.506856278029005,81.3530081313271,110.32840089305746,nan,2550
mech_smooth1.5_curr,8,0.925,0,AdaptiveGCN,0.0,0.40540704131126404,34,7032,154.487,0.6475,1,25.085007198232553,9.825891059945091,73.68145716991063,84.21165553154825,2.6666666666666665,850
mech_smooth1.5_curr,8,0.925,0,AdaptiveGCN,0.0,0.40540704131126404,34,7032,154.487,0.6475,2,27.411436420472523,12.218756148596569,80.84549163534798,108.25891927486097,3.6666666666666665,850
mech_smooth1.5_curr,8,0.925,0,AdaptiveGCN,0.0,0.40540704131126404,34,7032,154.487,0.6475,3,31.934154317888,15.475921625545357,89.5320755887227,138.32851607458338,6.0,850
mech_smooth1.5_curr,8,0.925,1,AdaptiveGCN,0.0,0.49626079201698303,34,7032,96.427,1.4047,0,27.54828191629522,11.68281484053824,79.59054959915105,97.94461100625426,nan,2550
mech_smooth1.5_curr,8,0.925,1,AdaptiveGCN,0.0,0.49626079201698303,34,7032,96.427,1.4047,1,25.431224751528756,9.847649801953025,73.7726508314105,82.72166044856021,2.7142857142857144,850
mech_smooth1.5_curr,8,0.925,1,AdaptiveGCN,0.0,0.49626079201698303,34,7032,96.427,1.4047,2,27.28523420146869,11.55254865010899,78.27671362113402,97.9253221183828,3.619047619047619,850
mech_smooth1.5_curr,8,0.925,1,AdaptiveGCN,0.0,0.49626079201698303,34,7032,96.427,1.4047,3,29.7572228513897,13.648246069552705,86.7222843449086,113.08321423487817,5.666666666666667,850
mech_smooth1.5_curr,8,0.925,2,AdaptiveGCN,0.0,0.6524415612220764,34,7032,78.31,0.4359,0,27.52936901185746,11.098131147982574,76.27635985702926,93.35775160126364,nan,2550
mech_smooth1.5_curr,8,0.925,2,AdaptiveGCN,0.0,0.6524415612220764,34,7032,78.31,0.4359,1,25.22490020671467,9.487388688289057,69.52993134641923,79.3930494598308,2.1904761904761907,850
mech_smooth1.5_curr,8,0.925,2,AdaptiveGCN,0.0,0.6524415612220764,34,7032,78.31,0.4359,2,27.1468586441503,10.857207713526474,76.19419666520699,92.56810305891486,3.380952380952381,850
mech_smooth1.5_curr,8,0.925,2,AdaptiveGCN,0.0,0.6524415612220764,34,7032,78.31,0.4359,3,30.00584859471337,12.949797042132191,83.10495155946158,108.01388125601915,5.190476190476191,850
spatial0.1_curr,1,0.4,0,AdaptiveGCN,0.1,0.7918397188186646,34,7032,25.97,0.6264,0,97.4535447813183,39.02268389820171,61.55228453778876,58.72492749051332,nan,2550
spatial0.1_curr,1,0.4,0,AdaptiveGCN,0.1,0.7918397188186646,34,7032,25.97,0.6264,1,67.55434604208921,29.061189533456858,54.944232701611284,54.0571324488137,2.56,850
spatial0.1_curr,1,0.4,0,AdaptiveGCN,0.1,0.7918397188186646,34,7032,25.97,0.6264,2,82.94607794562542,36.55048476047896,61.02103044166677,61.188890764467786,3.8,850
spatial0.1_curr,1,0.4,0,AdaptiveGCN,0.1,0.7918397188186646,34,7032,25.97,0.6264,3,130.56775503774713,51.456377400669325,68.69159047008823,60.89818770388117,6.12,850
spatial0.1_curr,1,0.4,1,AdaptiveGCN,0.1,0.8055638670921326,34,7032,23.531,0.4494,0,91.90912870782495,37.3837908503169,60.80804610340419,60.10395369589002,nan,2550
spatial0.1_curr,1,0.4,1,AdaptiveGCN,0.1,0.8055638670921326,34,7032,23.531,0.4494,1,56.58798054692682,26.456597256458856,55.12102743431569,58.581394458733804,3.04,850
spatial0.1_curr,1,0.4,1,AdaptiveGCN,0.1,0.8055638670921326,34,7032,23.531,0.4494,2,90.01601572348045,38.109792934486315,60.76861462097085,61.923280932983836,3.72,850
spatial0.1_curr,1,0.4,1,AdaptiveGCN,0.1,0.8055638670921326,34,7032,23.531,0.4494,3,118.4769226068324,47.58498236000552,66.53449625492604,59.80089798984747,6.76,850
spatial0.1_curr,1,0.4,2,AdaptiveGCN,0.1,0.7984230518341064,34,7032,29.64,0.4471,0,121.79972930492737,46.50870167085417,65.48735359877084,59.230215700680134,nan,2550
spatial0.1_curr,1,0.4,2,AdaptiveGCN,0.1,0.7984230518341064,34,7032,29.64,0.4471,1,86.2805436674854,34.52725926042616,57.62624503056411,55.099338305106315,3.92,850
spatial0.1_curr,1,0.4,2,AdaptiveGCN,0.1,0.7984230518341064,34,7032,29.64,0.4471,2,111.36758944243712,44.82564593791085,65.3944270025148,60.03646287442218,4.12,850
spatial0.1_curr,1,0.4,2,AdaptiveGCN,0.1,0.7984230518341064,34,7032,29.64,0.4471,3,157.03009260165604,60.17319981422549,73.44138876323363,62.52280553527153,8.64,850
spatial0.1_curr,2,0.475,0,AdaptiveGCN,0.1,0.8029313683509827,34,7032,30.352,0.4146,0,121.39343425155337,43.47365714659289,43.1393509724548,51.811399989469386,nan,2550
spatial0.1_curr,2,0.475,0,AdaptiveGCN,0.1,0.8029313683509827,34,7032,30.352,0.4146,1,107.28851044737618,38.08372628398938,38.06556235346553,44.112252093278045,1.24,850
spatial0.1_curr,2,0.475,0,AdaptiveGCN,0.1,0.8029313683509827,34,7032,30.352,0.4146,2,122.63905789583667,45.04921813285252,42.496967161063466,51.235658220416305,2.04,850
spatial0.1_curr,2,0.475,0,AdaptiveGCN,0.1,0.8029313683509827,34,7032,30.352,0.4146,3,132.88316162164227,47.28802702293677,48.855523402835374,60.08628965471382,4.04,850
spatial0.1_curr,2,0.475,1,AdaptiveGCN,0.1,0.8010432124137878,34,7032,29.781,0.3542,0,146.3785057794959,49.01065187093962,45.87805500342746,54.32488400644493,nan,2550
spatial0.1_curr,2,0.475,1,AdaptiveGCN,0.1,0.8010432124137878,34,7032,29.781,0.3542,1,104.49740482409605,37.07045021891964,39.71857609432979,43.85666593359673,1.44,850
spatial0.1_curr,2,0.475,1,AdaptiveGCN,0.1,0.8010432124137878,34,7032,29.781,0.3542,2,168.34301596134293,51.817154648600365,45.32471804804469,48.17343901424274,4.08,850
spatial0.1_curr,2,0.475,1,AdaptiveGCN,0.1,0.8010432124137878,34,7032,29.781,0.3542,3,158.18003105569863,58.144350745298844,52.5908708679079,70.94454707149534,3.64,850
spatial0.1_curr,2,0.475,2,AdaptiveGCN,0.1,0.7984386682510376,34,7032,32.614,0.589,0,140.73305057739194,46.11744237259318,44.99085199532965,52.031919773925765,nan,2550
spatial0.1_curr,2,0.475,2,AdaptiveGCN,0.1,0.7984386682510376,34,7032,32.614,0.589,1,137.77998814714405,43.09570981434355,40.4787153010173,42.33188345893605,2.56,850
spatial0.1_curr,2,0.475,2,AdaptiveGCN,0.1,0.7984386682510376,34,7032,32.614,0.589,2,126.51447493026616,45.40901530263459,44.04843932548838,51.82392180707374,2.76,850
spatial0.1_curr,2,0.475,2,AdaptiveGCN,0.1,0.7984386682510376,34,7032,32.614,0.589,3,156.29503214673252,49.8476020008014,50.44540135948326,61.939954055767465,3.92,850
spatial0.1_curr,3,0.55,0,AdaptiveGCN,0.1,0.9721261858940125,34,7032,90.917,0.6683,0,23.98442826225921,12.899289833730196,59.148997556817775,66.3275138641509,nan,2550
spatial0.1_curr,3,0.55,0,AdaptiveGCN,0.1,0.9721261858940125,34,7032,90.917,0.6683,1,18.65924261779503,10.39372125249356,52.65405908121677,61.4379685007832,1.375,850
spatial0.1_curr,3,0.55,0,AdaptiveGCN,0.1,0.9721261858940125,34,7032,90.917,0.6683,2,23.558576081945695,12.942366819907637,59.989036229064254,68.05423770784034,3.2916666666666665,850
spatial0.1_curr,3,0.55,0,AdaptiveGCN,0.1,0.9721261858940125,34,7032,90.917,0.6683,3,28.68073491254736,15.361781428789392,64.8038973601723,69.50007222407464,5.166666666666667,850
spatial0.1_curr,3,0.55,1,AdaptiveGCN,0.1,0.9847341179847717,34,7032,158.889,0.2323,0,25.956891274758114,13.520872725663232,60.69670914251451,69.35407916224001,nan,2550
spatial0.1_curr,3,0.55,1,AdaptiveGCN,0.1,0.9847341179847717,34,7032,158.889,0.2323,1,21.110737393176777,11.173774397151874,54.74527652080838,63.49125680908263,1.9583333333333333,850
spatial0.1_curr,3,0.55,1,AdaptiveGCN,0.1,0.9847341179847717,34,7032,158.889,0.2323,2,26.495926409261696,13.681129859276115,62.00050393786676,71.27485063407303,3.3333333333333335,850
spatial0.1_curr,3,0.55,1,AdaptiveGCN,0.1,0.9847341179847717,34,7032,158.889,0.2323,3,29.55644201151685,15.707713920561707,65.34434696886838,73.30798599668948,4.666666666666667,850
spatial0.1_curr,3,0.55,2,AdaptiveGCN,0.1,0.9564838409423828,34,7032,75.901,0.5681,0,22.06681105762962,11.926000780416105,57.08141594454443,60.27755931971952,nan,2550
spatial0.1_curr,3,0.55,2,AdaptiveGCN,0.1,0.9564838409423828,34,7032,75.901,0.5681,1,17.579511785105513,9.888204525989645,51.33966295240373,54.630706721945835,2.25,850
spatial0.1_curr,3,0.55,2,AdaptiveGCN,0.1,0.9564838409423828,34,7032,75.901,0.5681,2,21.957845490702077,11.872147942958948,57.35306423332261,63.159560834255025,3.625,850
spatial0.1_curr,3,0.55,2,AdaptiveGCN,0.1,0.9564838409423828,34,7032,75.901,0.5681,3,25.877523791181517,14.017649872299723,62.551520647906955,63.05258174960948,3.5833333333333335,850
spatial0.1_curr,4,0.625,0,AdaptiveGCN,0.1,0.8665274381637573,34,7032,55.56,0.468,0,30.362277020556895,14.192158050856499,52.063205222661125,57.25236614196895,nan,2550
spatial0.1_curr,4,0.625,0,AdaptiveGCN,0.1,0.8665274381637573,34,7032,55.56,0.468,1,26.932500711257696,12.660343472684241,50.76628484057115,54.9077039830583,2.6666666666666665,850
spatial0.1_curr,4,0.625,0,AdaptiveGCN,0.1,0.8665274381637573,34,7032,55.56,0.468,2,28.01463665000494,13.545450079274529,51.39994732396461,57.42672121741831,3.3333333333333335,850
spatial0.1_curr,4,0.625,0,AdaptiveGCN,0.1,0.8665274381637573,34,7032,55.56,0.468,3,35.43196489648034,16.370680600610726,54.02338350344762,59.42267322543022,3.875,850
spatial0.1_curr,4,0.625,1,AdaptiveGCN,0.1,0.8341417908668518,34,7032,51.048,0.3266,0,30.55736248049368,14.275930744999581,51.76515777575433,58.59090938477814,nan,2550
spatial0.1_curr,4,0.625,1,AdaptiveGCN,0.1,0.8341417908668518,34,7032,51.048,0.3266,1,27.304847574669893,13.151457953014795,51.178036612865405,59.58910879970283,3.25,850
spatial0.1_curr,4,0.625,1,AdaptiveGCN,0.1,0.8341417908668518,34,7032,51.048,0.3266,2,28.430670917365255,13.7467277009829,51.478888647969235,59.78364796163098,4.041666666666667,850
spatial0.1_curr,4,0.625,1,AdaptiveGCN,0.1,0.8341417908668518,34,7032,51.048,0.3266,3,35.31854265687324,15.92960658100105,52.638548066428335,56.39997139300065,5.625,850
spatial0.1_curr,4,0.625,2,AdaptiveGCN,0.1,0.7879869341850281,34,7032,50.569,0.6101,0,31.261765671609126,14.423371686264964,52.174087913311816,56.08497558325786,nan,2550
spatial0.1_curr,4,0.625,2,AdaptiveGCN,0.1,0.7879869341850281,34,7032,50.569,0.6101,1,27.042708842607777,12.63910334839787,50.297198560701986,54.588756774898805,2.6666666666666665,850
spatial0.1_curr,4,0.625,2,AdaptiveGCN,0.1,0.7879869341850281,34,7032,50.569,0.6101,2,29.697418051321588,14.037044051738784,51.89783890342472,56.01096476145712,4.166666666666667,850
spatial0.1_curr,4,0.625,2,AdaptiveGCN,0.1,0.7879869341850281,34,7032,50.569,0.6101,3,36.31321024446583,16.593967658658237,54.32722627580873,57.65520521341766,3.8333333333333335,850
spatial0.1_curr,5,0.7,0,AdaptiveGCN,0.1,0.8860915303230286,34,7032,66.166,0.6971,0,57.35118157362864,28.57703703332222,45.36355331474793,52.97540580095674,nan,2550
spatial0.1_curr,5,0.7,0,AdaptiveGCN,0.1,0.8860915303230286,34,7032,66.166,0.6971,1,40.59028902790443,21.630483932644815,38.81349703581552,40.67975240830191,1.08,850
spatial0.1_curr,5,0.7,0,AdaptiveGCN,0.1,0.8860915303230286,34,7032,66.166,0.6971,2,56.61043368782428,28.934272531606258,43.81980920177446,48.42658923561242,2.72,850
spatial0.1_curr,5,0.7,0,AdaptiveGCN,0.1,0.8860915303230286,34,7032,66.166,0.6971,3,70.81780367945332,35.16635463571559,53.45735370665384,70.04547311671175,3.9583333333333335,850
spatial0.1_curr,5,0.7,1,AdaptiveGCN,0.1,0.8711962699890137,34,7032,66.581,0.9864,0,57.14343481574485,29.315731443756754,47.02788462485009,55.076409688005704,nan,2550
spatial0.1_curr,5,0.7,1,AdaptiveGCN,0.1,0.8711962699890137,34,7032,66.581,0.9864,1,41.09581251583586,21.417723053168395,39.21881089488823,39.90342606453034,1.16,850
spatial0.1_curr,5,0.7,1,AdaptiveGCN,0.1,0.8711962699890137,34,7032,66.581,0.9864,2,56.14297220715804,29.558007833564325,46.04164842146836,50.41705109313108,4.04,850
spatial0.1_curr,5,0.7,1,AdaptiveGCN,0.1,0.8711962699890137,34,7032,66.581,0.9864,3,70.39330431961118,36.97146344453754,55.8231945581937,75.17614889382311,4.916666666666667,850
spatial0.1_curr,5,0.7,2,AdaptiveGCN,0.1,0.9448277950286865,34,7032,88.291,0.3148,0,64.66964707048135,30.698580741841145,48.064825314557716,53.91213612968253,nan,2550
spatial0.1_curr,5,0.7,2,AdaptiveGCN,0.1,0.9448277950286865,34,7032,88.291,0.3148,1,47.534737712611374,23.60673389632145,40.27144796105428,40.814715588959785,1.0,850
spatial0.1_curr,5,0.7,2,AdaptiveGCN,0.1,0.9448277950286865,34,7032,88.291,0.3148,2,64.06056421079184,30.97664317877114,47.34373118891262,49.47801500132293,3.04,850
spatial0.1_curr,5,0.7,2,AdaptiveGCN,0.1,0.9448277950286865,34,7032,88.291,0.3148,3,78.63321550242053,37.512365150430846,56.57929679370627,71.67924593718126,3.9583333333333335,850
spatial0.1_curr,6,0.775,0,AdaptiveGCN,0.1,0.7844507694244385,34,7032,61.674,0.6114,0,12.33193725115573,6.178619381359609,101.03373769416355,100.43318868801154,nan,2550
spatial0.1_curr,6,0.775,0,AdaptiveGCN,0.1,0.7844507694244385,34,7032,61.674,0.6114,1,9.26809671936568,4.903296189624268,98.64692689587503,79.59122582555585,4.642857142857143,850
spatial0.1_curr,6,0.775,0,AdaptiveGCN,0.1,0.7844507694244385,34,7032,61.674,0.6114,2,11.983945741202666,6.046998973628163,99.88959675959326,98.82282295131667,5.428571428571429,850
spatial0.1_curr,6,0.775,0,AdaptiveGCN,0.1,0.7844507694244385,34,7032,61.674,0.6114,3,15.05713972744228,7.5855629808263965,104.56468942702234,122.94015676433754,6.214285714285714,850
spatial0.1_curr,6,0.775,1,AdaptiveGCN,0.1,0.7749749422073364,34,7032,55.541,0.4465,0,10.886180109735404,5.422726293235798,88.1909197487707,87.60194192282302,nan,2550
spatial0.1_curr,6,0.775,1,AdaptiveGCN,0.1,0.7749749422073364,34,7032,55.541,0.4465,1,8.543687063812843,4.436915062068044,83.1847944978025,71.52495637736294,2.2142857142857144,850
spatial0.1_curr,6,0.775,1,AdaptiveGCN,0.1,0.7749749422073364,34,7032,55.541,0.4465,2,10.747010643034473,5.393137037245803,89.43532412326141,88.2935064585452,4.0,850
spatial0.1_curr,6,0.775,1,AdaptiveGCN,0.1,0.7749749422073364,34,7032,55.541,0.4465,3,12.92416054291098,6.438126780393547,91.95264062524816,103.0415028228459,4.642857142857143,850
spatial0.1_curr,6,0.775,2,AdaptiveGCN,0.1,0.785916268825531,34,7032,56.097,0.2402,0,10.629258759041331,5.321729518413606,86.77833933266135,86.24986996005741,nan,2550
spatial0.1_curr,6,0.775,2,AdaptiveGCN,0.1,0.785916268825531,34,7032,56.097,0.2402,1,8.741284258969866,4.571524216887363,94.84299993455765,75.42442301588443,2.7857142857142856,850
spatial0.1_curr,6,0.775,2,AdaptiveGCN,0.1,0.785916268825531,34,7032,56.097,0.2402,2,10.211438581168421,5.166365139064592,80.17130839662894,84.00382132836589,3.142857142857143,850
spatial0.1_curr,6,0.775,2,AdaptiveGCN,0.1,0.785916268825531,34,7032,56.097,0.2402,3,12.580138985992217,6.227299199288861,85.32070966679747,99.3410038295058,4.571428571428571,850
spatial0.1_curr,7,0.85,0,AdaptiveGCN,0.1,0.7764589190483093,34,7032,64.094,0.4129,0,88.17156081945045,21.38443023921131,88.30558480800914,393.8535258215777,nan,2550
spatial0.1_curr,7,0.85,0,AdaptiveGCN,0.1,0.7764589190483093,34,7032,64.094,0.4129,1,89.62058061372282,20.697288160103046,85.17387086479297,422.602570994105,2.76,850
spatial0.1_curr,7,0.85,0,AdaptiveGCN,0.1,0.7764589190483093,34,7032,64.094,0.4129,2,87.39322839185864,21.100670605259673,86.94951242094182,309.77910578317795,3.52,850
spatial0.1_curr,7,0.85,0,AdaptiveGCN,0.1,0.7764589190483093,34,7032,64.094,0.4129,3,87.48284159606263,22.35533195227121,92.79337113829264,449.18517115059376,4.36,850
spatial0.1_curr,7,0.85,1,AdaptiveGCN,0.1,0.7726633548736572,34,7032,60.767,0.3487,0,90.6878779634265,21.891483476431144,97.2217058935162,414.9707587013465,nan,2550
spatial0.1_curr,7,0.85,1,AdaptiveGCN,0.1,0.7726633548736572,34,7032,60.767,0.3487,1,90.7179445344715,20.83038099756651,97.41094295829652,433.89167611113055,2.56,850
spatial0.1_curr,7,0.85,1,AdaptiveGCN,0.1,0.7726633548736572,34,7032,60.767,0.3487,2,92.62637052962647,22.22726581188268,96.70533968034893,346.4963079854512,3.32,850
spatial0.1_curr,7,0.85,1,AdaptiveGCN,0.1,0.7726633548736572,34,7032,60.767,0.3487,3,88.67628572779147,22.616803619844244,97.54883504190319,464.4904920118255,4.36,850
spatial0.1_curr,7,0.85,2,AdaptiveGCN,0.1,0.8203114867210388,34,7032,66.817,0.2355,0,85.20945160607974,20.883904428506085,93.75128322818662,369.5870519733496,nan,2550
spatial0.1_curr,7,0.85,2,AdaptiveGCN,0.1,0.8203114867210388,34,7032,66.817,0.2355,1,86.4294194544813,20.125591234418902,89.22029676695895,395.3636713093373,2.56,850
spatial0.1_curr,7,0.85,2,AdaptiveGCN,0.1,0.8203114867210388,34,7032,66.817,0.2355,2,85.26534495691195,20.845145946184296,94.70472438793188,298.01672234327543,3.32,850
spatial0.1_curr,7,0.85,2,AdaptiveGCN,0.1,0.8203114867210388,34,7032,66.817,0.2355,3,83.91500659099464,21.68097610491506,97.32882852966901,415.39738428295686,4.6,850
spatial0.1_curr,8,0.925,0,AdaptiveGCN,0.1,0.9840173125267029,34,7032,141.631,0.2329,0,26.822986529890176,11.91365063136763,83.47174591393413,101.14604710406638,nan,2550
spatial0.1_curr,8,0.925,0,AdaptiveGCN,0.1,0.9840173125267029,34,7032,141.631,0.2329,1,24.0183845950758,9.952480096447774,78.30550099081623,81.98913357503221,2.9523809523809526,850
spatial0.1_curr,8,0.925,0,AdaptiveGCN,0.1,0.9840173125267029,34,7032,141.631,0.2329,2,26.904269632146054,11.93763168691904,84.36695098783767,102.26896100763949,3.9047619047619047,850
spatial0.1_curr,8,0.925,0,AdaptiveGCN,0.1,0.9840173125267029,34,7032,141.631,0.2329,3,29.28643536096223,13.850840110736078,87.74278576314853,119.05431091192953,5.857142857142857,850
spatial0.1_curr,8,0.925,1,AdaptiveGCN,0.1,0.9770844578742981,34,7032,94.906,0.3466,0,27.909159965727493,12.104029971815255,78.30203242335976,100.04299712614544,nan,2550
spatial0.1_curr,8,0.925,1,AdaptiveGCN,0.1,0.9770844578742981,34,7032,94.906,0.3466,1,25.581709315074527,10.391949427091904,71.98145340335866,85.3827585946343,2.5238095238095237,850
spatial0.1_curr,8,0.925,1,AdaptiveGCN,0.1,0.9770844578742981,34,7032,94.906,0.3466,2,27.483404025042365,11.935776800953317,76.87525784652138,99.4180087461171,3.3333333333333335,850
spatial0.1_curr,8,0.925,1,AdaptiveGCN,0.1,0.9770844578742981,34,7032,94.906,0.3466,3,30.446712165569096,13.984363687400542,86.0493860201993,115.22594355088538,5.238095238095238,850
spatial0.1_curr,8,0.925,2,AdaptiveGCN,0.1,0.9843010306358337,34,7032,136.185,0.2189,0,27.041611031103432,11.863111316463135,84.20809804876366,102.55972670060554,nan,2550
spatial0.1_curr,8,0.925,2,AdaptiveGCN,0.1,0.9843010306358337,34,7032,136.185,0.2189,1,24.82660036620217,10.117022030191112,78.81513105309305,85.74813298940907,3.1904761904761907,850
spatial0.1_curr,8,0.925,2,AdaptiveGCN,0.1,0.9843010306358337,34,7032,136.185,0.2189,2,26.97484387182331,11.844496695527067,83.96016523864176,104.0884767578951,3.9047619047619047,850
spatial0.1_curr,8,0.925,2,AdaptiveGCN,0.1,0.9843010306358337,34,7032,136.185,0.2189,3,29.150366958584428,13.627815223671222,89.84899785455609,117.73444556759532,5.904761904761905,850
