arch,increment,origin,seed,RMSE,MAE,n_windows,n_artifact,RMSE_clean,MAE_clean,growth_max,growth_p99,growth_min
persistence,base,0.55,-1,26.882223151529477,13.312745098039215,68,0,26.882223151529477,13.312745098039215,,,
persistence,base,0.7,-1,38.88532915547214,17.15627450980392,68,0,38.88532915547214,17.15627450980392,,,
persistence,base,0.85,-1,68.6183948926748,16.696666666666665,68,6,22.79547681977414,9.18774193548387,,,
AAGCN,base,0.55,0,34.41611099243164,15.717107772827148,68,0,34.41611099243164,15.717107772827148,0.94732666015625,0.527206745147708,-1.3065356016159058
AAGCN,base,0.55,1,27.987905502319336,13.388131141662598,68,0,27.987905502319336,13.388131141662598,1.1151973009109497,0.6121771652368677,-1.1611181497573853
AAGCN,base,0.55,2,28.175872802734375,13.203349113464355,68,0,28.175872802734375,13.203349113464355,0.8213834762573242,0.47898903083531885,-0.7162368221390731
AAGCN,base,0.55,3,28.479808807373047,13.411710739135742,68,0,28.479808807373047,13.411710739135742,1.2365477085113525,0.5926750540923821,-0.8005249500274658
AAGCN,base,0.55,4,31.365921020507812,15.692950248718262,68,0,31.365921020507812,15.692950248718262,1.4488556385040283,0.9034479182958604,-1.30678129196167
AAGCN,base,0.55,5,30.281936645507812,13.987080574035645,68,0,30.281936645507812,13.987080574035645,2.1653361320495605,0.6916414475440992,-0.7489323763438138
AAGCN,base,0.55,6,27.905029296875,13.224563598632812,68,0,27.905029296875,13.224563598632812,1.254040002822876,0.713191241025926,-1.301326821013404
AAGCN,base,0.55,7,33.466243743896484,15.901017189025879,68,0,33.466243743896484,15.901017189025879,0.8339951339068421,0.6976791691780091,-1.064809799194336
AAGCN,base,0.55,8,37.718589782714844,16.846336364746094,68,0,37.718589782714844,16.846336364746094,1.3832659721374512,0.8112779676914216,-0.8851237297058105
AAGCN,base,0.55,9,27.994062423706055,13.363446235656738,68,0,27.994062423706055,13.363446235656738,0.8608341217041016,0.5369292170784028,-0.8705647139140043
AAGCN,base,0.55,10,29.32869529724121,13.553831100463867,68,0,29.32869529724121,13.553831100463867,1.7717472314834595,0.6054571502387222,-1.0972845554351807
AAGCN,base,0.55,11,28.874244689941406,13.922276496887207,68,0,28.874244689941406,13.922276496887207,1.2694169282913208,0.7980257093568545,-1.4215595722198486
AAGCN,base,0.55,12,31.4110050201416,14.759675025939941,68,0,31.4110050201416,14.759675025939941,2.3874340057373047,1.677255836725235,-1.4843497276306152
AAGCN,base,0.55,13,28.98379898071289,13.589611053466797,68,0,28.98379898071289,13.589611053466797,1.096234917640686,0.5682326562858091,-0.7136554865427884
AAGCN,base,0.55,14,31.405963897705078,14.433492660522461,68,0,31.405963897705078,14.433492660522461,1.0297930240631104,0.445249155778858,-0.8593502044677734
AAGCN,base,0.55,15,28.517004013061523,13.69797134399414,68,0,28.517004013061523,13.69797134399414,0.8875448703765869,0.4601121684908868,-1.2545442581176758
AAGCN,base,0.55,16,27.66990852355957,13.237876892089844,68,0,27.66990852355957,13.237876892089844,1.4800889492034912,0.5332935566684756,-1.0133224226674566
AAGCN,base,0.55,17,27.847328186035156,13.173851013183594,68,0,27.847328186035156,13.173851013183594,1.4365180730819702,0.5880806541442876,-1.0898180155344876
AAGCN,base,0.55,18,35.626014709472656,15.527247428894043,68,0,35.626014709472656,15.527247428894043,1.6832654476165771,0.6231118909477068,-0.9914312362670898
AAGCN,base,0.55,19,27.024799346923828,13.197192192077637,68,0,27.024799346923828,13.197192192077637,1.9731674194335938,0.6723537940952069,-0.7830696105957031
AAGCN,base,0.55,20,30.363584518432617,13.883621215820312,68,0,30.363584518432617,13.883621215820312,2.4047224521636963,0.7613948586609995,-0.7735856560770786
AAGCN,base,0.55,21,30.122644424438477,13.822046279907227,68,0,30.122644424438477,13.822046279907227,2.051666021347046,0.6833467281245665,-0.7536553837499151
AAGCN,base,0.55,22,29.58722496032715,13.753532409667969,68,0,29.58722496032715,13.753532409667969,1.150505781173706,0.4739421546136733,-0.6309232711791992
AAGCN,base,0.55,23,29.632461547851562,13.641963958740234,68,0,29.632461547851562,13.641963958740234,1.835827112197876,0.6579039604636915,-0.9927525536566408
AAGCN,base,0.55,24,28.061540603637695,13.304892539978027,68,0,28.061540603637695,13.304892539978027,1.6182289123535156,0.6073794235972865,-0.6357026116400393
AAGCN,base,0.7,0,38.190250396728516,16.721078872680664,68,0,38.190250396728516,16.721078872680664,2.028991222381592,1.2807146430015575,-0.8571889848884862
AAGCN,base,0.7,1,38.14223098754883,16.802995681762695,68,0,38.14223098754883,16.802995681762695,2.2694616317749023,0.672936582565309,-0.8455934486443046
AAGCN,base,0.7,2,39.10120391845703,16.975133895874023,68,0,39.10120391845703,16.975133895874023,1.6514087915420532,0.7329292328330762,-0.9419150612408165
AAGCN,base,0.7,3,39.55890655517578,17.352535247802734,68,0,39.55890655517578,17.352535247802734,0.9455414414405823,0.5286365794590557,-1.6388733386993408
AAGCN,base,0.7,4,38.58515167236328,16.57782554626465,68,0,38.58515167236328,16.57782554626465,1.285217523574829,0.7121844363212593,-0.9077945203956883
AAGCN,base,0.7,5,39.033756256103516,17.070602416992188,68,0,39.033756256103516,17.070602416992188,2.12347412109375,1.0206575584411648,-0.8116994352516453
AAGCN,base,0.7,6,37.67155075073242,16.570552825927734,68,0,37.67155075073242,16.570552825927734,2.3808505535125732,0.7972277927060822,-0.9031875967498668
AAGCN,base,0.7,7,38.218441009521484,16.982589721679688,68,0,38.218441009521484,16.982589721679688,2.0404162406921387,0.8940009821435989,-0.715016686868275
AAGCN,base,0.7,8,37.112308502197266,16.446149826049805,68,0,37.112308502197266,16.446149826049805,1.858277678489685,1.0354958987236031,-0.8513641018620963
AAGCN,base,0.7,9,39.128292083740234,17.015033721923828,68,0,39.128292083740234,17.015033721923828,1.8480117321014404,0.9286362862586989,-0.8980367632087987
AAGCN,base,0.7,10,39.7452507019043,17.263248443603516,68,0,39.7452507019043,17.263248443603516,1.8261862993240356,0.6263756579160698,-1.294343888759613
AAGCN,base,0.7,11,39.066062927246094,17.08377456665039,68,0,39.066062927246094,17.08377456665039,1.6038672924041748,0.7072486090322249,-1.2321319580078125
AAGCN,base,0.7,12,39.434608459472656,16.970645904541016,68,0,39.434608459472656,16.970645904541016,1.2935699224472046,0.6435632580518724,-0.9964336605247777
AAGCN,base,0.7,13,40.80288314819336,17.404464721679688,68,0,40.80288314819336,17.404464721679688,1.4094582796096802,0.6794421052932746,-1.384691596031189
AAGCN,base,0.7,14,44.3254280090332,19.107086181640625,68,0,44.3254280090332,19.107086181640625,2.3434932231903076,0.7499023765700376,-1.0459065098515983
AAGCN,base,0.7,15,38.62203598022461,16.721155166625977,68,0,38.62203598022461,16.721155166625977,2.0576999187469482,0.9427146899700172,-0.8352260231490978
AAGCN,base,0.7,16,39.111572265625,16.94080924987793,68,0,39.111572265625,16.94080924987793,2.111983060836792,0.9777803713083271,-0.8863264851148835
AAGCN,base,0.7,17,37.63302993774414,16.43475914001465,68,0,37.63302993774414,16.43475914001465,2.299347162246704,0.7419984286685694,-0.9234791862190534
AAGCN,base,0.7,18,37.7717399597168,16.679765701293945,68,0,37.7717399597168,16.679765701293945,1.9551239013671875,0.9914298093318943,-0.7297085165496715
AAGCN,base,0.7,19,39.01485061645508,16.622234344482422,68,0,39.01485061645508,16.622234344482422,2.134584426879883,0.7821793616008509,-0.7492861084516755
AAGCN,base,0.7,20,38.568111419677734,16.854570388793945,68,0,38.568111419677734,16.854570388793945,1.7036693096160889,0.8391595155000688,-0.698260972662879
AAGCN,base,0.7,21,39.11882781982422,17.00404930114746,68,0,39.11882781982422,17.00404930114746,1.9029273986816406,0.868914076056073,-0.9527926106206412
AAGCN,base,0.7,22,38.180328369140625,16.59164047241211,68,0,38.180328369140625,16.59164047241211,1.8728828430175781,0.728567087151721,-0.8936927766975682
AAGCN,base,0.7,23,37.765174865722656,16.607799530029297,68,0,37.765174865722656,16.607799530029297,2.4874448776245117,1.496302757263189,-0.7525695204254039
AAGCN,base,0.7,24,42.49174880981445,18.000587463378906,68,0,42.49174880981445,18.000587463378906,2.1398561000823975,0.7145860725641251,-0.8383224010467529
AAGCN,base,0.85,0,56.044776916503906,14.536866188049316,68,6,21.533897399902344,8.880562782287598,2.339036226272583,0.8549191421270383,-1.7134841680526733
AAGCN,base,0.85,1,56.522586822509766,14.599607467651367,68,6,20.706823348999023,8.675966262817383,2.8756632804870605,1.0664548441711514,-1.1511588016029375
AAGCN,base,0.85,2,52.803367614746094,13.626103401184082,68,6,20.64528465270996,8.658989906311035,2.0001718997955322,1.0058069801521083,-2.553283996058452
AAGCN,base,0.85,3,63.484291076660156,15.183874130249023,68,6,21.502315521240234,8.881369590759277,1.7770243883132935,0.83107960522175,-1.6482136249542236
AAGCN,base,0.85,4,55.21089172363281,14.183518409729004,68,6,20.760820388793945,8.700547218322754,2.0617897510528564,0.8635600549173088,-1.2856502532958984
AAGCN,base,0.85,5,54.55018997192383,14.302112579345703,68,6,20.554908752441406,8.651278495788574,2.6444644927978516,1.0932900667190557,-0.935857631879117
AAGCN,base,0.85,6,81.93024444580078,16.62214469909668,68,6,21.401992797851562,8.992597579956055,2.558593273162842,0.7568265962600733,-1.7589929103851318
AAGCN,base,0.85,7,69.48284149169922,15.744033813476562,68,6,21.665035247802734,8.892885208129883,2.030683755874634,0.926008489727975,-1.8658872842788696
AAGCN,base,0.85,8,59.67581558227539,14.863777160644531,68,6,21.565942764282227,8.802156448364258,2.0776708145114657,0.8886479160189664,-1.985140323638916
AAGCN,base,0.85,9,67.57386779785156,15.772475242614746,68,6,21.829145431518555,9.04118824005127,2.1669392585754395,0.7686092878878127,-1.793924331665039
AAGCN,base,0.85,10,55.96012496948242,14.525019645690918,68,6,20.867549896240234,8.703206062316895,3.1285672187805176,0.9792872726917276,-0.791323417671657
AAGCN,base,0.85,11,56.167808532714844,14.571752548217773,68,6,20.87765121459961,8.668550491333008,2.510847806930542,1.1230904233455676,-0.9871223635206103
AAGCN,base,0.85,12,70.45596313476562,15.949987411499023,68,6,22.081012725830078,8.924334526062012,2.264850616455078,0.8065067626020467,-1.9049224853515625
AAGCN,base,0.85,13,54.86998748779297,14.308917045593262,68,6,20.285921096801758,8.58502197265625,2.668593645095825,1.1359874022197474,-1.1223787603991022
AAGCN,base,0.85,14,53.24531936645508,13.978326797485352,68,6,20.505475997924805,8.672920227050781,2.7877440452575684,1.06794770481107,-1.9809159575121393
AAGCN,base,0.85,15,68.88927459716797,16.469743728637695,68,6,22.87543296813965,8.951388359069824,2.5859546661376953,0.7982087123071552,-1.0834062099456787
AAGCN,base,0.85,16,52.5770378112793,13.565439224243164,68,6,20.483169555664062,8.654829978942871,1.9824411888095614,0.8051123053025943,-1.8042257494459033
AAGCN,base,0.85,17,56.423587799072266,14.551801681518555,68,6,21.217254638671875,8.761873245239258,2.5389475841495273,1.002739307880403,-1.0446088314056396
AAGCN,base,0.85,18,57.3458251953125,14.582230567932129,68,6,20.599496841430664,8.60643482208252,2.9503042697906494,1.107308835951029,-1.4549509005441026
AAGCN,base,0.85,19,55.272457122802734,14.264957427978516,68,6,22.237085342407227,9.02407455444336,2.7087404876947403,0.9407253977600188,-1.7587348818778992
AAGCN,base,0.85,20,74.47692108154297,16.650821685791016,68,6,22.404253005981445,8.94459342956543,1.6042838096618652,0.6001655209064486,-1.2776894569396973
AAGCN,base,0.85,21,60.31532287597656,14.487040519714355,68,6,20.86672592163086,8.725796699523926,2.1398253440856934,0.9451194270448493,-2.5098677277565002
AAGCN,base,0.85,22,53.284934997558594,13.933144569396973,68,6,20.355600357055664,8.624947547912598,3.1164567470550537,1.0395431895038636,-1.122873946191997
AAGCN,base,0.85,23,50.756038665771484,13.023517608642578,68,6,20.157100677490234,8.540349006652832,2.5577471256256104,0.8340488755702974,-2.336690894651033
AAGCN,base,0.85,24,53.2626953125,13.9660005569458,68,6,20.760801315307617,8.69791316986084,2.2914106845855713,0.9056400102376954,-1.7936146557331085
AAGCN,envelope,0.55,0,34.414337158203125,15.716713905334473,68,0,34.414337158203125,15.716713905334473,0.9479084014892578,0.5278168296813993,-1.3067458868026733
AAGCN,envelope,0.55,1,27.961933135986328,13.388855934143066,68,0,27.961933135986328,13.388855934143066,1.134826898574829,0.6291194283962266,-1.2578984498977661
AAGCN,envelope,0.55,2,28.316238403320312,13.237945556640625,68,0,28.316238403320312,13.237945556640625,0.8167667388916016,0.477532053706336,-0.7113308830369003
AAGCN,envelope,0.55,3,27.570030212402344,13.279512405395508,68,0,27.570030212402344,13.279512405395508,0.9076274037361145,0.504471510288503,-0.9635119438171387
AAGCN,envelope,0.55,4,33.256526947021484,16.445877075195312,68,0,33.256526947021484,16.445877075195312,1.4494385719299316,0.9250200358033185,-1.295793056488037
AAGCN,envelope,0.55,5,30.161659240722656,13.95444107055664,68,0,30.161659240722656,13.95444107055664,2.147596836090088,0.6894351339721142,-0.7469098715372953
AAGCN,envelope,0.55,6,27.90717887878418,13.223921775817871,68,0,27.90717887878418,13.223921775817871,1.267695665359497,0.7188563568374664,-1.310154864951087
AAGCN,envelope,0.55,7,34.12724304199219,16.096803665161133,68,0,34.12724304199219,16.096803665161133,0.8525920214953431,0.7003741776620735,-1.117335319519043
AAGCN,envelope,0.55,8,33.34443664550781,15.036477088928223,68,0,33.34443664550781,15.036477088928223,0.7851303815841675,0.6245725360512746,-0.6532843112945557
AAGCN,envelope,0.55,9,27.96929359436035,13.363625526428223,68,0,27.96929359436035,13.363625526428223,0.8719866871833801,0.5359643748402596,-0.87101961656293
AAGCN,envelope,0.55,10,28.736825942993164,13.40971851348877,68,0,28.736825942993164,13.40971851348877,1.772289514541626,0.6089329724680815,-1.0314867496490479
AAGCN,envelope,0.55,11,28.86902618408203,13.921599388122559,68,0,28.86902618408203,13.921599388122559,1.2637499570846558,0.7985513984819151,-1.4201068878173828
AAGCN,envelope,0.55,12,31.42802619934082,14.762115478515625,68,0,31.42802619934082,14.762115478515625,2.398342862725258,1.6805010403692733,-1.4873128086328506
AAGCN,envelope,0.55,13,28.983610153198242,13.589495658874512,68,0,28.983610153198242,13.589495658874512,1.095094084739685,0.5672095425582395,-0.7126584200449857
AAGCN,envelope,0.55,14,31.408742904663086,14.434988021850586,68,0,31.408742904663086,14.434988021850586,1.0297075510025024,0.4453960914394408,-0.8592782020568848
AAGCN,envelope,0.55,15,28.44864273071289,13.67949104309082,68,0,28.44864273071289,13.67949104309082,0.8567993640899658,0.47216349601745616,-1.2319812774658203
AAGCN,envelope,0.55,16,27.67254066467285,13.238768577575684,68,0,27.67254066467285,13.238768577575684,1.481205701828003,0.5333055276653322,-1.013430068655921
AAGCN,envelope,0.55,17,27.850265502929688,13.174690246582031,68,0,27.850265502929688,13.174690246582031,1.4350814819335938,0.5857704973220831,-1.0909171251841459
AAGCN,envelope,0.55,18,35.48194122314453,15.451578140258789,68,0,35.48194122314453,15.451578140258789,1.6754238605499268,0.621893068945296,-0.9774842262268066
AAGCN,envelope,0.55,19,27.210224151611328,13.248178482055664,68,0,27.210224151611328,13.248178482055664,1.9454634189605713,0.6387277406306695,-0.7663743495941162
AAGCN,envelope,0.55,20,30.118881225585938,13.800296783447266,68,0,30.118881225585938,13.800296783447266,2.393723487854004,0.7713256657457499,-0.7637136963907993
AAGCN,envelope,0.55,21,30.598237991333008,13.839777946472168,68,0,30.598237991333008,13.839777946472168,1.9785118103027344,0.6050307095050824,-0.8051305696715327
AAGCN,envelope,0.55,22,29.58722496032715,13.753532409667969,68,0,29.58722496032715,13.753532409667969,1.150505781173706,0.4739421546136733,-0.6309232711791992
AAGCN,envelope,0.55,23,31.16765594482422,14.009724617004395,68,0,31.16765594482422,14.009724617004395,2.031118869781494,0.6194257474136086,-0.9663305298834475
AAGCN,envelope,0.55,24,28.09954071044922,13.313806533813477,68,0,28.09954071044922,13.313806533813477,1.6055936813354492,0.6036177255897026,-0.638828756049219
AAGCN,envelope,0.7,0,38.88459777832031,17.009586334228516,68,0,38.88459777832031,17.009586334228516,1.9971736669540405,1.2910694885253953,-0.8630164117988866
AAGCN,envelope,0.7,1,38.00994110107422,16.570938110351562,68,0,38.00994110107422,16.570938110351562,2.2282280921936035,0.6280995779891755,-0.7311845659728893
AAGCN,envelope,0.7,2,38.75876998901367,16.810068130493164,68,0,38.75876998901367,16.810068130493164,1.6481616497039795,0.7217076754760476,-0.9755351505333427
AAGCN,envelope,0.7,3,39.72247314453125,17.39899253845215,68,0,39.72247314453125,17.39899253845215,0.9437335133552551,0.5278008961132609,-1.645437240600586
AAGCN,envelope,0.7,4,38.57617950439453,16.591901779174805,68,0,38.57617950439453,16.591901779174805,1.2672137022018433,0.7149004775476192,-0.9218960256752293
AAGCN,envelope,0.7,5,38.954063415527344,17.00849151611328,68,0,38.954063415527344,17.00849151611328,2.1069769859313965,1.014547722339632,-0.8126535864052098
AAGCN,envelope,0.7,6,37.610897064208984,16.520437240600586,68,0,37.610897064208984,16.520437240600586,2.3979201316833496,0.8114305377196996,-0.9222174524780162
AAGCN,envelope,0.7,7,38.28761291503906,16.985727310180664,68,0,38.28761291503906,16.985727310180664,2.057068109512329,0.8731607472896578,-0.7295420618233006
AAGCN,envelope,0.7,8,38.65829086303711,17.116945266723633,68,0,38.65829086303711,17.116945266723633,2.1513214111328125,0.9114812212844591,-0.8704106468907828
AAGCN,envelope,0.7,9,38.695823669433594,16.85311508178711,68,0,38.695823669433594,16.85311508178711,1.898696780204773,1.1196206462383274,-0.8686070890602391
AAGCN,envelope,0.7,10,39.994693756103516,17.296754837036133,68,0,39.994693756103516,17.296754837036133,1.8358986377716064,0.6279588341712962,-1.2278904914855957
AAGCN,envelope,0.7,11,39.147216796875,17.108524322509766,68,0,39.147216796875,17.108524322509766,1.6026241779327393,0.7102577143569695,-1.2413477897644043
AAGCN,envelope,0.7,12,39.44126510620117,16.969966888427734,68,0,39.44126510620117,16.969966888427734,1.2846494913101196,0.647003615596012,-0.9981297702965062
AAGCN,envelope,0.7,13,40.7879524230957,17.397016525268555,68,0,40.7879524230957,17.397016525268555,1.4052225351333618,0.6811920738220222,-1.3863695859909058
AAGCN,envelope,0.7,14,39.27370071411133,16.92731285095215,68,0,39.27370071411133,16.92731285095215,2.252169370651245,0.7517480235954034,-0.9180471558324332
AAGCN,envelope,0.7,15,39.33875274658203,16.909038543701172,68,0,39.33875274658203,16.909038543701172,2.0407521724700928,0.850865425486538,-0.8034327559049836
AAGCN,envelope,0.7,16,38.88346481323242,16.817642211914062,68,0,38.88346481323242,16.817642211914062,2.0973305702209473,0.9736328893899918,-0.892277293639969
AAGCN,envelope,0.7,17,37.661495208740234,16.470441818237305,68,0,37.661495208740234,16.470441818237305,2.30605411529541,0.7383347135444387,-0.9118562804878523
AAGCN,envelope,0.7,18,37.813079833984375,16.735219955444336,68,0,37.813079833984375,16.735219955444336,1.9440853595733643,1.0551873910617606,-0.7445472120757946
AAGCN,envelope,0.7,19,38.95448684692383,16.641979217529297,68,0,38.95448684692383,16.641979217529297,2.14421010017395,0.7787482662173988,-0.7596730522688142
AAGCN,envelope,0.7,20,38.43513870239258,16.7799072265625,68,0,38.43513870239258,16.7799072265625,1.734329104423523,0.8233313883325623,-0.7244736649236212
AAGCN,envelope,0.7,21,39.084407806396484,16.973514556884766,68,0,39.084407806396484,16.973514556884766,1.9391770362854004,0.8090281313848238,-0.8431448597661491
AAGCN,envelope,0.7,22,38.189788818359375,16.609439849853516,68,0,38.189788818359375,16.609439849853516,1.875429630279541,0.7283410901021691,-0.902007147806577
AAGCN,envelope,0.7,23,39.80434036254883,17.436908721923828,68,0,39.80434036254883,17.436908721923828,1.9417511224746704,0.8667405456304563,-0.8258895497129437
AAGCN,envelope,0.7,24,42.31264877319336,17.983064651489258,68,0,42.31264877319336,17.983064651489258,2.136631965637207,0.7067637658119214,-0.8347105979919434
AAGCN,envelope,0.85,0,56.020206451416016,14.530924797058105,68,6,21.520526885986328,8.877752304077148,2.3419907093048096,0.8522550743818308,-1.7169605493545532
AAGCN,envelope,0.85,1,56.15891647338867,14.512401580810547,68,6,20.682939529418945,8.66560173034668,2.818605661392212,1.0568120692818586,-1.2531680980201738
AAGCN,envelope,0.85,2,52.77091979980469,13.625980377197266,68,6,20.673173904418945,8.670052528381348,2.075654983520508,1.01021723816605,-2.5636048979291797
AAGCN,envelope,0.85,3,63.917823791503906,15.231136322021484,68,6,21.548646926879883,8.890388488769531,1.7838865518569946,0.8313690364360823,-1.6587085723876953
AAGCN,envelope,0.85,4,55.18581771850586,14.175410270690918,68,6,20.74480628967285,8.700945854187012,2.027627944946289,0.8398975236388921,-1.3038649559020996
AAGCN,envelope,0.85,5,54.795379638671875,14.339351654052734,68,6,20.63922119140625,8.642570495605469,2.645538568496704,1.0853026880817194,-0.9445919177105684
AAGCN,envelope,0.85,6,82.02337646484375,16.61754035949707,68,6,21.390207290649414,8.986987113952637,2.565636396408081,0.7585650181770353,-1.7591065168380737
AAGCN,envelope,0.85,7,72.3426742553711,15.905645370483398,68,6,21.730709075927734,8.897146224975586,1.9972858428955078,0.9210290402174005,-1.8487828969955444
AAGCN,envelope,0.85,8,58.04422378540039,14.834212303161621,68,6,20.99778938293457,8.83956527709961,2.3985910415649414,1.0305823151767255,-1.8651723861694336
AAGCN,envelope,0.85,9,67.73143768310547,15.792628288269043,68,6,21.83575439453125,9.04314136505127,2.1487603187561035,0.7754121822118759,-1.7720232009887695
AAGCN,envelope,0.85,10,57.32604217529297,14.848075866699219,68,6,20.989973068237305,8.718008995056152,2.9985389709472656,1.065581496455392,-0.69636785412643
AAGCN,envelope,0.85,11,56.29264831542969,14.596354484558105,68,6,20.86684799194336,8.667892456054688,2.52408504486084,1.1307949411869063,-0.9806645578870654
AAGCN,envelope,0.85,12,70.83910369873047,15.983241081237793,68,6,22.051105499267578,8.923575401306152,2.2871475219726562,0.8083153350326316,-1.9226982593536377
AAGCN,envelope,0.85,13,54.858219146728516,14.304286003112793,68,6,20.28955841064453,8.583257675170898,2.664207696914673,1.1293284583282224,-1.1212152777330866
AAGCN,envelope,0.85,14,52.3829460144043,13.714990615844727,68,6,20.411090850830078,8.663921356201172,2.7702860832214355,1.0891088962554933,-2.4554383097307673
AAGCN,envelope,0.85,15,68.13873291015625,16.375152587890625,68,6,22.844898223876953,8.948318481445312,2.5876598358154297,0.8050527143478396,-1.0809953212738037
AAGCN,envelope,0.85,16,53.21156311035156,13.695823669433594,68,6,20.626619338989258,8.72396469116211,1.7332797050476074,0.708858710527422,-2.180866069270122
AAGCN,envelope,0.85,17,56.422725677490234,14.553595542907715,68,6,21.225618362426758,8.762495994567871,2.537108423230338,1.006346244812013,-1.0298950672149658
AAGCN,envelope,0.85,18,57.35177230834961,14.577990531921387,68,6,20.582836151123047,8.602140426635742,2.9381563663482666,1.1023954856073255,-1.4558936076058702
AAGCN,envelope,0.85,19,53.976661682128906,13.987791061401367,68,6,21.792022705078125,8.93398666381836,2.7902896404266357,0.9428903141808241,-1.804460346698761
AAGCN,envelope,0.85,20,74.5692138671875,16.65654182434082,68,6,22.392988204956055,8.942025184631348,1.5967535972595215,0.6008982729911806,-1.2800922393798828
AAGCN,envelope,0.85,21,60.041786193847656,14.459047317504883,68,6,20.90671157836914,8.734182357788086,2.2099671363830566,0.9177450608869292,-2.536421537399292
AAGCN,envelope,0.85,22,53.293190002441406,13.937642097473145,68,6,20.362329483032227,8.627535820007324,3.1173629760742188,1.0421326458644606,-1.1247270769605517
AAGCN,envelope,0.85,23,50.78101348876953,12.984761238098145,68,6,20.4379940032959,8.594483375549316,2.3436429500579834,0.9118287444114691,-2.806944839048006
AAGCN,envelope,0.85,24,53.12504959106445,13.92956829071045,68,6,20.753009796142578,8.693729400634766,2.289945363998413,0.9081363174346114,-1.826486587524414
