array_week,report_week_start,abs_diff,runner_up_diff,national_cases,source_report,days_since_previous_row,report_volume,report_number,report_year
0,2022-12-24,0.0,207.0,540.0,en_640feff0076ea_Vol_50_no_01-english.pdf,,50,1,2023
1,2021-12-31,0.0,244.0,1265.0,en_64100cf21b53d_Vol_50_no_02-english_1.pdf,-358.0,50,2,2023
2,2023-01-07,0.0,385.0,1504.0,en_64100fae82b04_Vol_50_no_03-english.pdf,372.0,50,3,2023
3,2023-01-14,0.0,244.0,1327.0,en_64100ff0b2b95_Vol_50_no_04-english_1.pdf,7.0,50,4,2023
4,2023-01-21,0.0,260.0,1242.0,en_6410103be192c_Vol_50_no_05-english.pdf,7.0,50,5,2023
5,2023-01-28,0.0,315.0,1255.0,en_641010795ce55_Vol_50_no_06-english.pdf,7.0,50,6,2023
6,2023-02-04,0.0,260.0,1202.0,en_641010b06da65_Vol_50_no_07-english.pdf,7.0,50,7,2023
7,2023-02-11,0.0,282.0,1029.0,en_641010deea21b_Vol_50_no_08-english.pdf,7.0,50,8,2023
8,2023-02-18,0.0,291.0,1103.0,en_641011177e0c3_Vol_50_no_09-english_1.pdf,7.0,50,9,2023
9,2023-02-25,0.0,281.0,1129.0,en_64251491ca316_Vol_50_no_10-english.pdf,7.0,50,10,2023
10,2023-03-04,0.0,244.0,1024.0,en_642516aa215e1_Vol_50_no_11-english.pdf,7.0,50,11,2023
11,2023-03-11,0.0,235.0,927.0,en_642a655f53f67_Vol_50_no_12-english.pdf,7.0,50,12,2023
12,2023-03-18,0.0,244.0,1110.0,en_6451e6375bec8_Vol_50_no_13-english_2.pdf,7.0,50,13,2023
13,2023-03-25,0.0,302.0,1170.0,en_6450920810c68_Vol_50_no_14-english_1.pdf,7.0,50,14,2023
14,2023-04-01,0.0,302.0,990.0,en_6450923441161_Vol_50_no_15-english_1.pdf,7.0,50,15,2023
15,2023-04-08,0.0,192.0,1154.0,en_6450a83ec365f_Vol_50_no_16-english.pdf,7.0,50,16,2023
16,2023-04-15,0.0,433.0,1373.0,en_647d696889d75_Vol_50_no_17-english_2.pdf,7.0,50,17,2023
17,2023-04-22,0.0,336.0,1162.0,en_6462f8356b93c_Vol_50_no_18-english.pdf,7.0,50,18,2023
18,2023-04-29,0.0,192.0,1174.0,en_647d69972f0bb_Vol_50_no_19-english_1.pdf,7.0,50,19,2023
19,2023-05-06,0.0,396.0,1602.0,en_647d69c44d4cb_Vol_50_no_20-english_1.pdf,7.0,50,20,2023
20,2023-05-13,0.0,396.0,1414.0,en_64869d494b29c_Vol_50_no_21-english_1.pdf,7.0,50,21,2023
21,2023-05-20,0.0,424.0,1552.0,en_64912ab8a22d8_Vol_50_no_22-english_1.pdf,7.0,50,22,2023
22,2023-05-27,0.0,429.0,2238.0,en_64912b0a89f59_Vol_50_no_23-english_1.pdf,7.0,50,23,2023
23,2023-06-03,0.0,362.0,2135.0,en_64ab8e17d4370_Vol_50_no_24-english_1.pdf,7.0,50,24,2023
24,2023-06-10,0.0,435.0,2498.0,en_64b4bcc21a358_Vol_50_no_25-english_1.pdf,7.0,50,25,2023
25,2023-06-17,0.0,362.0,2115.0,en_64b4cbff23f46_Vol_50_no_26-english_2.pdf,7.0,50,26,2023
26,2023-06-24,0.0,265.0,1723.0,en_64c772c1952be_Vol_50_no_27-english_1.pdf,7.0,50,27,2023
27,2023-07-01,0.0,278.0,1789.0,en_64c773234ebd6_Vol_50_no_28-english_1.pdf,7.0,50,28,2023
28,2023-07-08,0.0,265.0,1692.0,en_64c78901a4223_Vol_50_no_29-english_1.pdf,7.0,50,29,2023
29,2023-07-15,0.0,222.0,1526.0,en_65c256e1a3188_Vol_50_no_30-english.pdf,7.0,50,30,2023
30,2023-07-22,0.0,172.0,1480.0,en_6592fa2472186_Vol_50_no_31-english.pdf,7.0,50,31,2023
31,2023-07-29,0.0,172.0,1406.0,en_6592f8ce36f5c_Vol_50_no_32-english.pdf,7.0,50,32,2023
32,2023-08-05,0.0,285.0,1517.0,en_6592f77ef271b_Vol_50_no_33-english.pdf,7.0,50,33,2023
33,2023-08-12,0.0,241.0,1146.0,en_6592f6eec67ef_Vol_50_no_34-english.pdf,7.0,50,34,2023
34,2023-08-19,0.0,241.0,1209.0,en_6507d4a364766_Vol_50_no_35-english_1.pdf,7.0,50,35,2023
35,2023-08-26,0.0,244.0,852.0,en_6509214a67f69_Vol_50_no_36-english.pdf,7.0,50,36,2023
36,2023-09-02,0.0,238.0,832.0,en_65125ac74566c_Vol_50_no_37-english.pdf,7.0,50,37,2023
37,2023-09-09,0.0,138.0,698.0,en_658bfd691ab24_Vol_50_no_38-english.pdf,7.0,50,38,2023
38,2023-09-16,0.0,138.0,620.0,en_658bfd0d99fc6_Vol_50_no_39-english.pdf,7.0,50,39,2023
39,2023-09-23,0.0,164.0,480.0,en_658bfcac2f526_Vol_50_no_40-english.pdf,7.0,50,40,2023
40,2023-08-31,0.0,182.0,724.0,en_658bfc0e47143_Vol_50_no_41-english.pdf,-23.0,50,41,2023
41,2023-10-07,0.0,282.0,858.0,en_658bfb119b032_Vol_50_no_42-english.pdf,37.0,50,42,2023
42,2023-10-14,0.0,293.0,759.0,en_658bfaa1cb3bf_Vol_50_no_43-english.pdf,7.0,50,43,2023
43,2023-10-21,0.0,558.0,1295.0,en_658bfa11e502e_Vol_50_no_44-english.pdf,7.0,50,44,2023
44,2023-10-28,0.0,401.0,1227.0,en_658bf999350ba_Vol_50_no_45-english.pdf,7.0,50,45,2023
45,2023-11-04,0.0,156.0,365.0,en_6586cba6eaffd_Vol_50_no_46-english.pdf,7.0,50,46,2023
46,2023-11-11,0.0,214.0,656.0,en_6597d07b07eb4_Vol_50_no_47-english.pdf,7.0,50,47,2023
47,2023-11-18,0.0,214.0,726.0,en_65851ecfb2759_Vol_50_no_48-english.pdf,7.0,50,48,2023
48,2015-05-30,103.0,110.0,317.0,vol_42_no_24-english.pdf,-3094.0,42,24,2015
49,2013-08-31,119.0,151.0,401.0,vol_40_no_37_english.pdf,-637.0,40,37,2013
50,2013-08-24,151.0,161.0,467.0,vol_40_no_36_english.pdf,-7.0,40,36,2013
51,2013-05-15,0.0,123.0,373.0,vol_40_no_26_english.pdf,-101.0,40,26,2013
52,2013-06-22,0.0,128.0,549.0,vol_40_no_27_english.pdf,38.0,40,27,2013
53,2013-06-29,0.0,128.0,637.0,vol_40_no_28_english.pdf,7.0,40,28,2013
54,2013-06-22,139.0,145.0,588.0,vol_40_no_27_english.pdf,-7.0,40,27,2013
55,2013-07-13,0.0,112.0,504.0,vol_40_no_30_english.pdf,21.0,40,30,2013
56,2013-07-20,0.0,162.0,686.0,vol_40_no_31_english.pdf,7.0,40,31,2013
57,2013-07-27,0.0,133.0,477.0,vol_40_no_32_english.pdf,7.0,40,32,2013
58,2013-08-03,0.0,112.0,478.0,vol_40_no_33_english.pdf,7.0,40,33,2013
59,2013-08-10,0.0,145.0,506.0,vol_40_no_34_english.pdf,7.0,40,34,2013
60,2013-08-17,0.0,115.0,473.0,vol_40_no_35_english.pdf,7.0,40,35,2013
61,2013-08-24,0.0,133.0,438.0,vol_40_no_36_english.pdf,7.0,40,36,2013
62,2013-08-31,0.0,102.0,406.0,vol_40_no_37_english.pdf,7.0,40,37,2013
63,2013-09-07,0.0,110.0,312.0,vol_40_no_38_english.pdf,7.0,40,38,2013
64,2013-09-14,0.0,83.0,338.0,vol_40_no_39_english.pdf,7.0,40,39,2013
65,2013-09-21,0.0,88.0,362.0,vol_40_no_40_english.pdf,7.0,40,40,2013
66,2013-09-28,0.0,88.0,310.0,vol_40_no_41_english.pdf,7.0,40,41,2013
67,2013-10-05,0.0,76.0,230.0,vol_40_no_42_english.pdf,7.0,40,42,2013
68,2013-10-12,0.0,76.0,200.0,vol_40_no_43_english.pdf,7.0,40,43,2013
69,2013-10-19,0.0,114.0,417.0,vol_40_no_44_english.pdf,7.0,40,44,2013
70,2013-10-26,0.0,90.0,310.0,vol_40_no_45_english.pdf,7.0,40,45,2013
71,2013-11-02,0.0,104.0,414.0,vol_40_no_46_english.pdf,7.0,40,46,2013
72,2013-11-09,0.0,83.0,353.0,vol_40_no_47_english.pdf,7.0,40,47,2013
73,2013-11-16,0.0,99.0,362.0,vol_40_no_48_english.pdf,7.0,40,48,2013
74,2013-11-30,0.0,96.0,495.0,vol_40_no_50_english.pdf,14.0,40,50,2013
75,2013-12-07,0.0,96.0,521.0,vol_40_no_51_english.pdf,7.0,40,51,2013
76,2013-12-14,0.0,121.0,514.0,vol_40_no_52_english.pdf,7.0,40,52,2013
77,2014-01-11,0.0,162.0,604.0,vol_41_no_04-english.pdf,28.0,41,4,2014
78,2014-02-08,0.0,109.0,385.0,vol_41_no_08-english.pdf,28.0,41,8,2014
79,2014-03-08,0.0,74.0,258.0,vol_41_no_12-english.pdf,28.0,41,12,2014
80,2014-04-12,0.0,84.0,154.0,vol_41_no_17-english.pdf,35.0,41,17,2014
81,2014-04-26,0.0,126.0,351.0,vol_41_no_19-english.pdf,14.0,41,19,2014
82,2014-05-03,0.0,75.0,306.0,vol_41_no_20-english.pdf,7.0,41,20,2014
83,2014-05-17,0.0,196.0,696.0,vol_41_no_22-english.pdf,14.0,41,22,2014
84,2014-06-28,0.0,238.0,1128.0,vol_41_no_28-english.pdf,42.0,41,28,2014
85,2014-07-05,0.0,329.0,1259.0,vol_41_no_29-english.pdf,7.0,41,29,2014
86,2014-07-26,0.0,152.0,648.0,vol_41_no_32-english.pdf,21.0,41,32,2014
87,2014-08-23,0.0,155.0,483.0,vol_41_no_36-english.pdf,28.0,41,36,2014
88,2014-08-30,0.0,142.0,406.0,vol_41_no_37-english.pdf,7.0,41,37,2014
89,2014-10-04,0.0,118.0,574.0,vol_41_no_42-english.pdf,35.0,41,42,2014
90,2014-10-11,0.0,159.0,670.0,vol_41_no_43-english.pdf,7.0,41,43,2014
91,2014-10-18,0.0,195.0,731.0,vol_41_no_44-english.pdf,7.0,41,44,2014
92,2014-10-25,0.0,200.0,670.0,vol_41_no_45-english.pdf,7.0,41,45,2014
93,2014-11-01,0.0,314.0,889.0,vol_41_no_46-english.pdf,7.0,41,46,2014
94,2014-11-08,0.0,226.0,1100.0,vol_41_no_47-english.pdf,7.0,41,47,2014
95,2014-11-15,0.0,196.0,1088.0,vol_41_no_48-english.pdf,7.0,41,48,2014
96,2014-11-22,0.0,318.0,1200.0,vol_41_no_49-english.pdf,7.0,41,49,2014
97,2014-11-29,0.0,196.0,1070.0,vol_41_no_50-english.pdf,7.0,41,50,2014
98,2014-12-06,0.0,208.0,970.0,vol_41_no_51-english.pdf,7.0,41,51,2014
99,2014-12-13,0.0,248.0,910.0,vol_41_no_52-english.pdf,7.0,41,52,2014
100,2014-12-20,0.0,239.0,1089.0,vol_42_no_01-english.pdf,7.0,42,1,2015
101,2013-12-27,0.0,277.0,930.0,vol_42_no_02-english.pdf,-358.0,42,2,2015
102,2015-01-03,0.0,207.0,552.0,vol_42_no_03-english.pdf,372.0,42,3,2015
103,2015-01-17,0.0,363.0,1233.0,vol_42_no_05-english.pdf,14.0,42,5,2015
104,2015-01-24,0.0,298.0,866.0,vol_42_no_06-english.pdf,7.0,42,6,2015
105,2015-01-31,0.0,198.0,745.0,vol_42_no_07-english.pdf,7.0,42,7,2015
106,2015-02-07,0.0,198.0,903.0,vol_42_no_08-english.pdf,7.0,42,8,2015
107,2015-02-14,0.0,176.0,601.0,vol_42_no_09-english.pdf,7.0,42,9,2015
108,2015-02-21,0.0,245.0,592.0,vol_42_no_10-english.pdf,7.0,42,10,2015
109,2015-02-28,0.0,121.0,385.0,vol_42_no_11-english.pdf,7.0,42,11,2015
110,2015-03-07,0.0,140.0,426.0,vol_42_no_12-english.pdf,7.0,42,12,2015
111,2015-03-14,0.0,102.0,330.0,vol_42_no_13-english.pdf,7.0,42,13,2015
112,2015-03-21,0.0,92.0,227.0,vol_42_no_14-english.pdf,7.0,42,14,2015
113,2015-03-28,0.0,98.0,287.0,vol_42_no_15-english.pdf,7.0,42,15,2015
114,2015-04-04,0.0,42.0,118.0,vol_42_no_16-english.pdf,7.0,42,16,2015
115,2015-04-11,0.0,75.0,183.0,vol_42_no_17-english.pdf,7.0,42,17,2015
116,2015-04-18,0.0,101.0,288.0,vol_42_no_18-english.pdf,7.0,42,18,2015
117,2015-04-25,0.0,92.0,213.0,vol_42_no_19-english.pdf,7.0,42,19,2015
118,2015-05-02,0.0,93.0,272.0,vol_42_no_20-english.pdf,7.0,42,20,2015
119,2015-05-09,0.0,75.0,277.0,vol_42_no_21-english.pdf,7.0,42,21,2015
120,2015-05-16,0.0,63.0,294.0,vol_42_no_22-english.pdf,7.0,42,22,2015
121,2015-05-23,0.0,82.0,207.0,vol_42_no_23-english.pdf,7.0,42,23,2015
122,2015-05-30,0.0,74.0,260.0,vol_42_no_24-english.pdf,7.0,42,24,2015
123,2015-06-06,0.0,63.0,333.0,vol_42_no_25-english.pdf,7.0,42,25,2015
124,2015-06-20,0.0,60.0,268.0,vol_42_no_27-english.pdf,14.0,42,27,2015
125,2015-06-27,0.0,87.0,236.0,vol_42_no_28-english.pdf,7.0,42,28,2015
126,2015-07-04,0.0,88.0,369.0,vol_42_no_29-english.pdf,7.0,42,29,2015
127,2015-07-11,0.0,93.0,364.0,vol_42_no_30-english.pdf,7.0,42,30,2015
128,2015-08-01,0.0,115.0,385.0,vol_42_no_33-english.pdf,21.0,42,33,2015
129,2015-08-08,0.0,60.0,246.0,vol_42_no_34-english.pdf,7.0,42,34,2015
130,2015-08-15,0.0,78.0,286.0,vol_42_no_35-english.pdf,7.0,42,35,2015
131,2015-08-22,0.0,82.0,307.0,vol_42_no_36-english.pdf,7.0,42,36,2015
132,2015-08-29,0.0,65.0,271.0,vol_42_no_37-english.pdf,7.0,42,37,2015
133,2015-09-05,0.0,74.0,248.0,vol_42_no_38-english.pdf,7.0,42,38,2015
134,2015-09-12,0.0,67.0,170.0,vol_42_no_39-english.pdf,7.0,42,39,2015
135,2015-09-19,0.0,74.0,234.0,vol_42_no_40-english.pdf,7.0,42,40,2015
136,2015-09-26,0.0,74.0,260.0,vol_42_no_41-english.pdf,7.0,42,41,2015
137,2015-10-03,0.0,65.0,274.0,vol_42_no_42-english.pdf,7.0,42,42,2015
138,2015-10-10,0.0,113.0,349.0,vol_42_no_43-english.pdf,7.0,42,43,2015
139,2015-10-17,0.0,119.0,368.0,vol_42_no_44-english.pdf,7.0,42,44,2015
140,2015-10-31,0.0,105.0,417.0,vol_42_no_46-english.pdf,14.0,42,46,2015
141,2015-11-07,0.0,102.0,441.0,vol_42_no_47-english.pdf,7.0,42,47,2015
142,2015-11-14,0.0,180.0,563.0,vol_42_no_48-english.pdf,7.0,42,48,2015
143,2015-11-21,0.0,167.0,634.0,vol_42_no_49-english.pdf,7.0,42,49,2015
144,2015-12-05,0.0,190.0,732.0,vol_42_no_51-english.pdf,14.0,42,51,2015
145,2015-12-12,0.0,159.0,445.0,vol_42_no_52-english.pdf,7.0,42,52,2015
146,2015-12-19,0.0,159.0,444.0,vol_43_no_01-english.pdf,7.0,43,1,2016
147,2015-12-26,0.0,190.0,818.0,vol_43_no_02-english.pdf,7.0,43,2,2016
148,2016-01-23,0.0,251.0,1023.0,vol_43_no_06-english.pdf,28.0,43,6,2016
149,2016-01-30,0.0,247.0,871.0,vol_43_no_07-english.pdf,7.0,43,7,2016
150,2016-02-06,0.0,249.0,946.0,vol_43_no_08-english.pdf,7.0,43,8,2016
151,2016-02-13,0.0,188.0,726.0,vol_43_no_09-english.pdf,7.0,43,9,2016
152,2016-02-20,0.0,168.0,679.0,vol_43_no_10-english.pdf,7.0,43,10,2016
153,2016-02-27,0.0,132.0,618.0,vol_43_no_11-english.pdf,7.0,43,11,2016
154,2016-03-05,0.0,121.0,468.0,vol_43_no_12-english.pdf,7.0,43,12,2016
155,2016-03-12,0.0,111.0,444.0,vol_43_no_13-english.pdf,7.0,43,13,2016
156,2016-03-19,0.0,115.0,370.0,vol_43_no_14-english.pdf,7.0,43,14,2016
157,2016-03-26,0.0,173.0,305.0,vol_43_no_15-english.pdf,7.0,43,15,2016
158,2016-04-02,0.0,105.0,249.0,vol_43_no_16-english.pdf,7.0,43,16,2016
159,2016-04-09,0.0,78.0,186.0,vol_43_no_17-english.pdf,7.0,43,17,2016
160,2016-04-16,0.0,140.0,458.0,vol_43_no_18-english.pdf,7.0,43,18,2016
161,2016-04-23,0.0,102.0,495.0,vol_43_no_19-english.pdf,7.0,43,19,2016
162,2016-04-30,0.0,105.0,265.0,vol_43_no_20-english.pdf,7.0,43,20,2016
163,2016-05-14,0.0,111.0,272.0,vol_43_no_22-english.pdf,14.0,43,22,2016
164,2016-05-21,0.0,105.0,336.0,vol_43_no_23-english.pdf,7.0,43,23,2016
165,2016-05-28,0.0,197.0,495.0,vol_43_no_24-english.pdf,7.0,43,24,2016
166,2016-06-04,0.0,109.0,163.0,vol_43_no_25-english.pdf,7.0,43,25,2016
167,2016-06-11,0.0,197.0,432.0,vol_43_no_26-english.pdf,7.0,43,26,2016
168,2016-06-18,0.0,306.0,888.0,vol_43_no_27-english.pdf,7.0,43,27,2016
169,2016-06-25,0.0,306.0,1054.0,vol_43_no_28-english.pdf,7.0,43,28,2016
170,2016-07-02,0.0,331.0,1065.0,vol_43_no_29-english.pdf,7.0,43,29,2016
171,2016-07-09,0.0,324.0,1312.0,vol_43_no_30-english.pdf,7.0,43,30,2016
172,2016-07-16,0.0,415.0,1470.0,vol_43_no_31-english.pdf,7.0,43,31,2016
173,2016-07-23,0.0,373.0,1263.0,vol_43_no_32-english.pdf,7.0,43,32,2016
174,2016-07-30,0.0,324.0,1187.0,vol_43_no_33-english.pdf,7.0,43,33,2016
175,2016-08-20,0.0,207.0,632.0,vol_43_no_36-english.pdf,21.0,43,36,2016
176,2016-08-27,0.0,163.0,498.0,vol_43_no_37-english.pdf,7.0,43,37,2016
177,2016-09-03,0.0,139.0,505.0,vol_43_no_38-english.pdf,7.0,43,38,2016
178,2016-09-10,0.0,132.0,417.0,vol_43_no_39-english.pdf,7.0,43,39,2016
179,2016-09-17,0.0,132.0,497.0,vol_43_no_40-english.pdf,7.0,43,40,2016
180,2016-09-24,0.0,139.0,454.0,vol_43_no_41-english.pdf,7.0,43,41,2016
181,2016-10-01,0.0,130.0,479.0,vol_43_no_42-english.pdf,7.0,43,42,2016
182,2016-10-08,0.0,157.0,449.0,vol_43_no_43-english.pdf,7.0,43,43,2016
183,2016-10-15,0.0,102.0,338.0,vol_43_no_44-english.pdf,7.0,43,44,2016
184,2016-10-22,0.0,120.0,344.0,vol_43_no_45-english.pdf,7.0,43,45,2016
185,2016-10-29,0.0,130.0,407.0,vol_43_no_46-english.pdf,7.0,43,46,2016
186,2016-11-05,0.0,132.0,288.0,vol_43_no_47-english.pdf,7.0,43,47,2016
187,2016-11-12,0.0,131.0,339.0,vol_43_no_48-english.pdf,7.0,43,48,2016
188,2016-11-19,0.0,189.0,493.0,vol_43_no_49-english.pdf,7.0,43,49,2016
189,2016-11-26,0.0,154.0,528.0,vol_43_no_50-english.pdf,7.0,43,50,2016
190,2016-12-03,0.0,272.0,748.0,vol_43_no_51-english.pdf,7.0,43,51,2016
191,2016-12-10,0.0,296.0,670.0,vol_43_no_52-english.pdf,7.0,43,52,2016
192,2016-12-17,0.0,343.0,1186.0,vol_43_no_53-english.pdf,7.0,43,53,2016
193,2016-12-24,0.0,507.0,1655.0,vol_44_no_01-english.pdf,7.0,44,1,2017
194,2016-12-31,0.0,428.0,1274.0,vol_44_no_02-english.pdf,7.0,44,2,2017
195,2017-01-07,0.0,416.0,1472.0,vol_44_no_03-english.pdf,7.0,44,3,2017
196,2017-01-14,0.0,557.0,1961.0,vol_44_no_04-english.pdf,7.0,44,4,2017
197,2017-01-21,0.0,316.0,1506.0,vol_44_no_05-english.pdf,7.0,44,5,2017
198,2017-01-28,0.0,409.0,1153.0,vol_44_no_06-english.pdf,7.0,44,6,2017
199,2017-02-04,0.0,374.0,1466.0,vol_44_no_07-english.pdf,7.0,44,7,2017
200,2017-02-11,0.0,316.0,1450.0,vol_44_no_08-english.pdf,7.0,44,8,2017
201,2017-02-18,0.0,535.0,1165.0,vol_44_no_09-english.pdf,7.0,44,9,2017
202,2017-02-25,0.0,411.0,1625.0,vol_44_no_10-english.pdf,7.0,44,10,2017
203,2017-03-04,0.0,431.0,1656.0,vol_44_no_11-english.pdf,7.0,44,11,2017
204,2017-03-11,0.0,535.0,2502.0,vol_44_no_12-english.pdf,7.0,44,12,2017
205,2017-03-25,0.0,509.0,2826.0,vol_44_no_14-english.pdf,14.0,44,14,2017
206,2017-04-01,0.0,551.0,2877.0,vol_44_no_15-english.pdf,7.0,44,15,2017
207,2017-04-08,0.0,839.0,1950.0,vol_44_no_16-english.pdf,7.0,44,16,2017
208,2017-04-15,0.0,637.0,3891.0,vol_44_no_17-english.pdf,7.0,44,17,2017
209,2017-04-22,0.0,637.0,3462.0,vol_44_no_18-english.pdf,7.0,44,18,2017
210,2017-04-29,0.0,695.0,3674.0,vol_44_no_19-english.pdf,7.0,44,19,2017
211,2017-05-06,0.0,695.0,3143.0,vol_44_no_20-english.pdf,7.0,44,20,2017
212,2017-05-13,0.0,798.0,4418.0,vol_44_no_21-english.pdf,7.0,44,21,2017
213,2017-05-20,0.0,718.0,4003.0,vol_44_no_22-english.pdf,7.0,44,22,2017
214,2017-05-27,0.0,531.0,3853.0,vol_44_no_23-english.pdf,7.0,44,23,2017
215,2017-06-03,0.0,531.0,4034.0,vol_44_no_24-english.pdf,7.0,44,24,2017
216,2017-06-10,0.0,718.0,4253.0,vol_44_no_25-english.pdf,7.0,44,25,2017
217,2017-05-17,0.0,1282.0,5754.0,vol_44_no_26-english.pdf,-24.0,44,26,2017
218,2017-06-24,0.0,1282.0,5342.0,vol_44_no_27-english.pdf,38.0,44,27,2017
219,2017-07-01,0.0,1561.0,9966.0,vol_44_no_28-english.pdf,7.0,44,28,2017
220,2017-07-08,0.0,1203.0,10128.0,vol_44_no_29-english.pdf,7.0,44,29,2017
221,2017-07-15,0.0,1203.0,10535.0,vol_44_no_30-english.pdf,7.0,44,30,2017
222,2017-07-22,0.0,1406.0,9955.0,vol_44_no_31-english.pdf,7.0,44,31,2017
223,2017-07-29,0.0,2040.0,7644.0,vol_44_no_32-english.pdf,7.0,44,32,2017
224,2017-08-05,0.0,1112.0,5732.0,vol_44_no_33-english.pdf,7.0,44,33,2017
225,2017-08-12,0.0,1112.0,4782.0,vol_44_no_34-english.pdf,7.0,44,34,2017
226,2017-08-19,0.0,957.0,3202.0,vol_44_no_35-english.pdf,7.0,44,35,2017
227,2017-08-26,0.0,574.0,2305.0,vol_44_no_36-english.pdf,7.0,44,36,2017
228,2017-09-02,0.0,469.0,1892.0,vol_44_no_37-english.pdf,7.0,44,37,2017
229,2017-09-09,0.0,392.0,1845.0,vol_44_no_38-english.pdf,7.0,44,38,2017
230,2017-09-16,0.0,374.0,1559.0,vol_44_no_39-english.pdf,7.0,44,39,2017
231,2017-09-23,0.0,315.0,1481.0,vol_44_no_40-english.pdf,7.0,44,40,2017
232,2017-09-30,0.0,315.0,1480.0,vol_44_no_41-english.pdf,7.0,44,41,2017
233,2017-10-07,0.0,323.0,1639.0,vol_44_no_42-english.pdf,7.0,44,42,2017
234,2017-10-14,0.0,354.0,1491.0,vol_44_no_43-english.pdf,7.0,44,43,2017
235,2017-10-21,0.0,336.0,1834.0,vol_44_no_44-english.pdf,7.0,44,44,2017
236,2017-10-28,0.0,336.0,1828.0,vol_44_no_45-english.pdf,7.0,44,45,2017
237,2017-11-04,0.0,546.0,2447.0,vol_44_no_46-english.pdf,7.0,44,46,2017
238,2017-11-11,0.0,491.0,2190.0,vol_44_no_47-english.pdf,7.0,44,47,2017
239,2017-11-18,0.0,374.0,2175.0,vol_44_no_48-english.pdf,7.0,44,48,2017
240,2017-11-25,0.0,455.0,1903.0,vol_44_no_49-english.pdf,7.0,44,49,2017
241,2017-12-02,0.0,374.0,2427.0,vol_44_no_50-english.pdf,7.0,44,50,2017
242,2017-12-09,0.0,381.0,2144.0,vol_44_no_51-english.pdf,7.0,44,51,2017
243,2017-12-16,0.0,299.0,1947.0,vol_44_no_52-english.pdf,7.0,44,52,2017
244,2017-12-23,0.0,299.0,1716.0,vol_45_no_01-english.pdf,7.0,45,1,2018
245,2018-01-20,0.0,293.0,1467.0,vol_45_no_05-english.pdf,28.0,45,5,2018
246,2018-01-27,0.0,239.0,1182.0,vol_45_no_06-english.pdf,7.0,45,6,2018
247,2018-02-03,0.0,218.0,1075.0,vol_45_no_07-english.pdf,7.0,45,7,2018
248,2018-02-10,0.0,218.0,937.0,vol_45_no_08-english.pdf,7.0,45,8,2018
249,2018-02-17,0.0,230.0,941.0,vol_45_no_09-english.pdf,7.0,45,9,2018
250,2018-02-24,0.0,138.0,725.0,vol_45_no_10-english.pdf,7.0,45,10,2018
251,2018-03-03,0.0,120.0,689.0,vol_45_no_11-english.pdf,7.0,45,11,2018
252,2018-03-10,0.0,146.0,627.0,vol_45_no_12-english.pdf,7.0,45,12,2018
253,2018-03-17,0.0,120.0,653.0,vol_45_no_13-english.pdf,7.0,45,13,2018
254,2018-03-24,0.0,155.0,488.0,vol_45_no_14-english.pdf,7.0,45,14,2018
255,2018-03-31,0.0,166.0,603.0,vol_45_no_15-english.pdf,7.0,45,15,2018
256,2018-04-07,0.0,155.0,473.0,vol_45_no_16-english.pdf,7.0,45,16,2018
257,2018-04-14,0.0,152.0,640.0,vol_45_no_17-english.pdf,7.0,45,17,2018
258,2018-04-21,0.0,178.0,754.0,vol_45_no_18-english.pdf,7.0,45,18,2018
259,2018-04-28,0.0,152.0,672.0,vol_45_no_19-english.pdf,7.0,45,19,2018
260,2018-05-05,0.0,201.0,813.0,vol_45_no_20-english.pdf,7.0,45,20,2018
261,2018-05-12,0.0,228.0,925.0,vol_45_no_21-english.pdf,7.0,45,21,2018
262,2018-05-19,0.0,244.0,1002.0,vol_45_no_22-english.pdf,7.0,45,22,2018
263,2018-05-26,0.0,244.0,976.0,vol_45_no_23-english.pdf,7.0,45,23,2018
264,2018-06-02,0.0,260.0,1056.0,vol_45_no_24-english.pdf,7.0,45,24,2018
265,2018-06-09,0.0,249.0,1020.0,vol_45_no_25-english.pdf,7.0,45,25,2018
266,2018-06-16,0.0,249.0,1025.0,vol_45_no_26-english.pdf,7.0,45,26,2018
267,2018-06-23,0.0,352.0,1357.0,vol_45_no_27-english.pdf,7.0,45,27,2018
268,2018-06-30,0.0,327.0,1905.0,vol_45_no_28-english.pdf,7.0,45,28,2018
269,2018-07-07,0.0,327.0,1680.0,vol_45_no_29-english.pdf,7.0,45,29,2018
270,2018-07-14,0.0,334.0,1523.0,vol_45_no_30-english.pdf,7.0,45,30,2018
271,2018-07-21,0.0,292.0,1227.0,vol_45_no_31-english.pdf,7.0,45,31,2018
272,2018-07-28,0.0,292.0,1307.0,vol_45_no_32-english.pdf,7.0,45,32,2018
273,2018-08-04,0.0,200.0,945.0,vol_45_no_33-english.pdf,7.0,45,33,2018
274,2018-08-11,0.0,200.0,797.0,vol_45_no_34-english.pdf,7.0,45,34,2018
275,2018-08-18,0.0,147.0,594.0,vol_45_no_35-english.pdf,7.0,45,35,2018
276,2018-08-25,0.0,147.0,573.0,vol_45_no_36-english.pdf,7.0,45,36,2018
277,2018-09-01,0.0,156.0,605.0,vol_45_no_37-english.pdf,7.0,45,37,2018
278,2018-09-08,0.0,121.0,525.0,vol_45_no_38-english.pdf,7.0,45,38,2018
279,2018-09-15,0.0,93.0,448.0,vol_45_no_39-english.pdf,7.0,45,39,2018
280,2018-09-22,0.0,93.0,435.0,vol_45_no_40-english.pdf,7.0,45,40,2018
281,2018-09-29,0.0,130.0,402.0,vol_45_no_41-english.pdf,7.0,45,41,2018
282,2018-10-06,0.0,130.0,448.0,vol_45_no_42-english.pdf,7.0,45,42,2018
283,2018-10-13,0.0,116.0,476.0,vol_45_no_43-english.pdf,7.0,45,43,2018
284,2018-10-20,0.0,116.0,546.0,vol_45_no_44-english.pdf,7.0,45,44,2018
285,2018-11-03,0.0,192.0,768.0,vol_45_no_46-english.pdf,14.0,45,46,2018
286,2018-11-10,0.0,172.0,922.0,vol_45_no_47-english.pdf,7.0,45,47,2018
287,2018-11-17,0.0,172.0,892.0,vol_45_no_48-english.pdf,7.0,45,48,2018
288,2018-11-24,0.0,332.0,1222.0,vol_45_no_49-english.pdf,7.0,45,49,2018
289,2018-12-01,0.0,230.0,1388.0,vol_45_no_50-english.pdf,7.0,45,50,2018
290,2018-12-08,0.0,306.0,1444.0,vol_45_no_51-english.pdf,7.0,45,51,2018
291,2018-12-15,0.0,230.0,1396.0,vol_45_no_52-english.pdf,7.0,45,52,2018
292,2018-12-22,0.0,204.0,1230.0,vol_46_no_01-english.pdf,7.0,46,1,2019
293,2018-12-29,0.0,204.0,1332.0,vol_46_no_02-english.pdf,7.0,46,2,2019
294,2019-01-05,0.0,268.0,1462.0,vol_46_no_03-english.pdf,7.0,46,3,2019
295,2019-01-12,0.0,256.0,1220.0,vol_46_no_04-english.pdf,7.0,46,4,2019
296,2019-01-19,0.0,261.0,1281.0,vol_46_no_05-english.pdf,7.0,46,5,2019
297,2019-01-26,43.0,244.0,1043.0,vol_46_no_10-english.pdf,7.0,46,10,2019
298,2019-02-02,0.0,181.0,879.0,vol_46_no_07-english.pdf,7.0,46,7,2019
299,2019-02-09,0.0,181.0,838.0,vol_46_no_08-english.pdf,7.0,46,8,2019
300,2019-02-16,0.0,176.0,723.0,vol_46_no_09-english.pdf,7.0,46,9,2019
301,2019-03-30,159.0,180.0,724.0,vol_46_no_15-english.pdf,42.0,46,15,2019
302,2019-03-02,0.0,129.0,752.0,vol_46_no_11-english.pdf,-28.0,46,11,2019
303,2019-03-09,0.0,150.0,775.0,vol_46_no_12-english.pdf,7.0,46,12,2019
304,2019-03-16,0.0,141.0,678.0,vol_46_no_13-english.pdf,7.0,46,13,2019
305,2019-03-23,0.0,128.0,628.0,vol_46_no_14-english.pdf,7.0,46,14,2019
306,2019-03-30,0.0,129.0,665.0,vol_46_no_15-english.pdf,7.0,46,15,2019
307,2019-04-06,0.0,128.0,548.0,vol_46_no_16-english.pdf,7.0,46,16,2019
308,2019-04-13,0.0,123.0,466.0,vol_46_no_17-english.pdf,7.0,46,17,2019
309,2019-04-27,0.0,177.0,659.0,vol_46_no_19-english.pdf,14.0,46,19,2019
310,2019-05-04,0.0,177.0,720.0,vol_46_no_20-english.pdf,7.0,46,20,2019
311,2019-05-11,0.0,228.0,743.0,vol_46_no_21-english.pdf,7.0,46,21,2019
312,2019-05-18,0.0,218.0,676.0,vol_46_no_22-english.pdf,7.0,46,22,2019
313,2019-06-01,0.0,209.0,1161.0,vol_46_no_24-english.pdf,14.0,46,24,2019
314,2019-06-08,0.0,300.0,1310.0,vol_46_no_25-english.pdf,7.0,46,25,2019
315,2019-06-15,0.0,356.0,1060.0,vol_46_no_26-english.pdf,7.0,46,26,2019
316,2019-06-22,0.0,300.0,1498.0,vol_46_no_27-english.pdf,7.0,46,27,2019
317,2019-06-29,0.0,363.0,995.0,vol_46_no_28-english.pdf,7.0,46,28,2019
318,2019-07-06,0.0,343.0,2125.0,vol_46_no_29-english.pdf,7.0,46,29,2019
319,2019-07-13,0.0,232.0,2104.0,vol_46_no_30-english.pdf,7.0,46,30,2019
320,2019-07-20,0.0,236.0,2078.0,vol_46_no_31-english.pdf,7.0,46,31,2019
321,2019-07-27,0.0,378.0,1959.0,vol_46_no_32-english.pdf,7.0,46,32,2019
322,2019-08-03,0.0,352.0,1993.0,vol_46_no_33-english.pdf,7.0,46,33,2019
323,2019-08-10,0.0,320.0,1626.0,vol_46_no_34-english.pdf,7.0,46,34,2019
324,2019-08-17,0.0,232.0,1966.0,vol_46_no_35-english.pdf,7.0,46,35,2019
325,2019-08-24,0.0,238.0,1516.0,vol_46_no_36-english.pdf,7.0,46,36,2019
326,2019-08-31,0.0,271.0,1465.0,vol_46_no_37-english.pdf,7.0,46,37,2019
327,2019-09-07,0.0,238.0,1568.0,vol_46_no_38-english.pdf,7.0,46,38,2019
328,2019-09-14,0.0,420.0,1968.0,vol_46_no_39-english.pdf,7.0,46,39,2019
329,2019-09-21,0.0,437.0,1849.0,vol_46_no_40-english.pdf,7.0,46,40,2019
330,2019-09-28,0.0,340.0,2370.0,vol_46_no_41-english.pdf,7.0,46,41,2019
331,2019-10-05,0.0,340.0,2330.0,vol_46_no_42-english.pdf,7.0,46,42,2019
332,2019-10-12,0.0,525.0,2769.0,vol_46_no_43-english.pdf,7.0,46,43,2019
333,2019-10-19,0.0,524.0,3289.0,vol_46_no_44-english.pdf,7.0,46,44,2019
334,2019-10-26,0.0,524.0,3599.0,vol_46_no_45-english.pdf,7.0,46,45,2019
335,2019-11-02,0.0,561.0,3917.0,vol_46_no_46-english.pdf,7.0,46,46,2019
336,2019-11-09,0.0,561.0,3656.0,vol_46_no_47-english.pdf,7.0,46,47,2019
337,2019-11-16,0.0,932.0,4595.0,vol_46_no_48-english.pdf,7.0,46,48,2019
338,2019-11-23,0.0,794.0,4717.0,vol_46_no_49-english.pdf,7.0,46,49,2019
339,2019-11-30,0.0,794.0,4457.0,vol_46_no_50-english.pdf,7.0,46,50,2019
340,2019-12-07,0.0,586.0,3832.0,vol_46_no_51-english.pdf,7.0,46,51,2019
341,2019-12-14,0.0,573.0,3658.0,vol_46_no_52-english.pdf,7.0,46,52,2019
342,2019-12-21,0.0,573.0,3463.0,vol_47_no_01-english.pdf,7.0,47,1,2020
343,2019-12-28,0.0,638.0,3053.0,vol_47_no_02-english.pdf,7.0,47,2,2020
344,2020-01-04,0.0,530.0,2732.0,vol_47_no_03-english.pdf,7.0,47,3,2020
345,2020-01-11,0.0,530.0,2932.0,vol_47_no_04-english.pdf,7.0,47,4,2020
346,2020-01-18,0.0,592.0,2730.0,vol_47_no_05-english.pdf,7.0,47,5,2020
347,2020-01-25,0.0,393.0,1986.0,vol_47_no_06-english.pdf,7.0,47,6,2020
348,2020-01-01,0.0,393.0,1673.0,vol_47_no_07-english.pdf,-24.0,47,7,2020
349,2020-02-08,0.0,390.0,1378.0,vol_47_no_08-english.pdf,38.0,47,8,2020
350,2020-02-15,0.0,249.0,996.0,vol_47_no_09-english.pdf,7.0,47,9,2020
351,2020-02-22,0.0,249.0,983.0,vol_47_no_10-english_1.pdf,7.0,47,10,2020
352,2020-02-29,0.0,238.0,632.0,vol_47_no_11-english_1.pdf,7.0,47,11,2020
353,2020-03-07,0.0,202.0,462.0,vol_47_no_12-english_1.pdf,7.0,47,12,2020
354,2020-03-14,0.0,96.0,245.0,vol_47_no_13-english_1.pdf,7.0,47,13,2020
355,2020-03-21,0.0,60.0,127.0,vol_47_no_14-english_1.pdf,7.0,47,14,2020
356,2020-03-28,0.0,67.0,122.0,vol_47_no_15-english_1.pdf,7.0,47,15,2020
357,2020-04-04,0.0,42.0,79.0,vol_47_no_16-english_1.pdf,7.0,47,16,2020
358,2020-04-11,0.0,42.0,85.0,vol_47_no_17-english_1.pdf,7.0,47,17,2020
359,2020-04-18,0.0,50.0,99.0,vol_47_no_18-english_1.pdf,7.0,47,18,2020
360,2020-04-25,0.0,74.0,135.0,vol_47_no_19-english_1.pdf,7.0,47,19,2020
361,2020-05-02,0.0,80.0,164.0,vol_47_no_20-english_1.pdf,7.0,47,20,2020
362,2020-05-09,0.0,80.0,176.0,vol_47_no_21-english_1.pdf,7.0,47,21,2020
363,2020-05-16,0.0,131.0,347.0,vol_47_no_22-english_1.pdf,7.0,47,22,2020
364,2020-05-23,0.0,67.0,411.0,vol_47_no_23-english_1.pdf,7.0,47,23,2020
365,2020-05-30,0.0,67.0,416.0,vol_47_no_24-english_1.pdf,7.0,47,24,2020
366,2020-06-06,0.0,117.0,472.0,vol_47_no_25-english_1.pdf,7.0,47,25,2020
367,2020-06-13,0.0,162.0,580.0,vol_47_no_26-english_1.pdf,7.0,47,26,2020
368,2020-06-20,0.0,117.0,543.0,vol_47_no_27-english_1.pdf,7.0,47,27,2020
369,2020-06-27,0.0,115.0,500.0,vol_47_no_28-english_1.pdf,7.0,47,28,2020
370,2020-07-04,0.0,115.0,401.0,vol_47_no_29-english_1.pdf,7.0,47,29,2020
371,2020-07-11,0.0,163.0,433.0,vol_47_no_30-english_1.pdf,7.0,47,30,2020
372,2020-07-18,0.0,101.0,262.0,vol_47_no_31-english_1.pdf,7.0,47,31,2020
373,2020-07-25,0.0,125.0,412.0,vol_47_no_32-english_1.pdf,7.0,47,32,2020
374,2020-08-01,0.0,87.0,328.0,vol_47_no_33-english_1.pdf,7.0,47,33,2020
375,2020-08-08,0.0,91.0,396.0,vol_47_no_34-english_1.pdf,7.0,47,34,2020
376,2020-08-15,0.0,88.0,369.0,vol_47_no_35-english_1.pdf,7.0,47,35,2020
377,2020-08-22,0.0,88.0,351.0,vol_47_no_36-english_2.pdf,7.0,47,36,2020
378,2020-08-29,0.0,70.0,273.0,vol_47_no_37-english_1.pdf,7.0,47,37,2020
379,2020-09-05,0.0,74.0,309.0,vol_47_no_38-english_1.pdf,7.0,47,38,2020
380,2020-09-11,0.0,70.0,259.0,vol_47_no_39-english_1.pdf,6.0,47,39,2020
381,2020-09-19,0.0,87.0,268.0,vol_47_no_40-english_1.pdf,8.0,47,40,2020
382,2020-09-26,0.0,74.0,189.0,vol_47_no_41-english.pdf,7.0,47,41,2020
383,2020-10-03,0.0,74.0,239.0,vol_47_no_42-english.pdf,7.0,47,42,2020
384,2020-10-10,0.0,69.0,229.0,vol_47_no_43-english.pdf,7.0,47,43,2020
385,2020-10-17,0.0,59.0,190.0,vol_47_no_44-english_1.pdf,7.0,47,44,2020
386,2020-10-24,0.0,41.0,124.0,vol_47_no_45-english_1.pdf,7.0,47,45,2020
387,2020-10-31,0.0,59.0,187.0,vol_47_no_46-english_1.pdf,7.0,47,46,2020
388,2020-11-07,0.0,41.0,145.0,vol_47_no_47-english_1.pdf,7.0,47,47,2020
389,2020-11-14,0.0,56.0,171.0,vol_47_no_48-english_1.pdf,7.0,47,48,2020
390,2020-12-21,0.0,79.0,238.0,vol_47_no_49-english.pdf,37.0,47,49,2020
391,2020-11-28,0.0,79.0,231.0,vol_47_no_50-english.pdf,-23.0,47,50,2020
392,2020-12-05,0.0,72.0,293.0,vol_47_no_51-english.pdf,7.0,47,51,2020
393,2020-12-12,0.0,80.0,385.0,vol_47_no_52-english.pdf,7.0,47,52,2020
394,2020-12-19,0.0,90.0,396.0,vol_48_no_01-english.pdf,7.0,48,1,2021
395,2020-12-26,0.0,6450.0,7165.0,vol_48_no_02-english_1.pdf,7.0,48,2,2021
396,2021-01-02,0.0,80.0,414.0,vol_48_no_03-english_2.pdf,7.0,48,3,2021
397,2021-01-09,0.0,72.0,311.0,vol_48_no_04-english_1.pdf,7.0,48,4,2021
398,2021-01-16,0.0,59.0,413.0,vol_48_no_05-english_2.pdf,7.0,48,5,2021
399,2021-01-23,0.0,59.0,380.0,vol_48_no_06-english.pdf,7.0,48,6,2021
400,2021-01-30,0.0,80.0,400.0,vol_48_no_07-english_2.pdf,7.0,48,7,2021
401,2021-02-06,0.0,140.0,524.0,vol_48_no_08-english_2.pdf,7.0,48,8,2021
402,2021-02-13,0.0,126.0,491.0,vol_48_no_09-english_1.pdf,7.0,48,9,2021
403,2021-02-20,0.0,125.0,342.0,vol_48_no_10-english.pdf,7.0,48,10,2021
404,2021-02-27,0.0,154.0,469.0,vol_48_no_11-english.pdf,7.0,48,11,2021
405,2021-03-06,0.0,144.0,409.0,vol_48_no_12-english.pdf,7.0,48,12,2021
406,2021-03-13,0.0,154.0,468.0,vol_48_no_13-english_1.pdf,7.0,48,13,2021
407,2021-03-20,0.0,134.0,405.0,vol_48_no_14-english_1.pdf,7.0,48,14,2021
408,2021-03-27,0.0,106.0,316.0,vol_48_no_15-english_1.pdf,7.0,48,15,2021
409,2021-04-03,0.0,111.0,375.0,vol_48_no_16-english_1.pdf,7.0,48,16,2021
410,2021-04-10,0.0,106.0,286.0,vol_48_no_17-english_2.pdf,7.0,48,17,2021
411,2021-04-17,0.0,144.0,461.0,vol_48_no_18-english_1.pdf,7.0,48,18,2021
412,2021-04-24,0.0,106.0,340.0,vol_48_no_19-english_2.pdf,7.0,48,19,2021
413,2021-05-01,0.0,92.0,269.0,vol_48_no_20-english.pdf,7.0,48,20,2021
414,2021-05-08,0.0,54.0,165.0,vol_48_no_21-english.pdf,7.0,48,21,2021
415,2021-05-15,0.0,54.0,157.0,vol_48_no_22-english_1.pdf,7.0,48,22,2021
416,2021-05-22,0.0,63.0,118.0,vol_48_no_23-english_3.pdf,7.0,48,23,2021
417,2021-05-29,0.0,89.0,187.0,vol_48_no_24-english_2.pdf,7.0,48,24,2021
418,2021-06-05,0.0,73.0,265.0,vol_48_no_25-english_3.pdf,7.0,48,25,2021
419,2021-06-12,0.0,101.0,340.0,vol_48_no_26-english_3.pdf,7.0,48,26,2021
420,2021-06-19,0.0,166.0,557.0,vol_48_no_27-english.pdf,7.0,48,27,2021
421,2021-06-26,0.0,156.0,595.0,vol_48_no_28-english.pdf,7.0,48,28,2021
422,2021-07-03,0.0,142.0,585.0,vol_48_no_29-english.pdf,7.0,48,29,2021
423,2021-07-10,0.0,112.0,531.0,vol_48_no_30-english.pdf,7.0,48,30,2021
424,2021-07-17,0.0,97.0,233.0,vol_48_no_31-english_1.pdf,7.0,48,31,2021
425,2021-07-24,0.0,97.0,322.0,vol_48_no_32-english_1.pdf,7.0,48,32,2021
426,2021-07-31,0.0,122.0,259.0,vol_48_no_33-english_1.pdf,7.0,48,33,2021
427,2021-08-07,0.0,92.0,231.0,vol_48_no_34-english_1.pdf,7.0,48,34,2021
428,2021-08-14,0.0,67.0,161.0,vol_48_no_35-english.pdf,7.0,48,35,2021
429,2021-08-21,0.0,55.0,128.0,vol_48_no_36-english.pdf,7.0,48,36,2021
430,2021-08-28,0.0,47.0,111.0,vol_48_no_37-english.pdf,7.0,48,37,2021
431,2021-09-04,0.0,67.0,162.0,vol_48_no_38-english.pdf,7.0,48,38,2021
432,2021-09-11,0.0,79.0,203.0,vol_48_no_39-english.pdf,7.0,48,39,2021
433,2021-09-18,0.0,90.0,214.0,vol_48_no_40-english.pdf,7.0,48,40,2021
434,2021-10-02,114.0,116.0,189.0,vol_48_no_42-english.pdf,14.0,48,42,2021
435,2021-10-02,0.0,128.0,269.0,vol_48_no_42-english.pdf,0.0,48,42,2021
436,2021-10-16,0.0,79.0,241.0,vol_48_no_44-english.pdf,14.0,48,44,2021
437,2021-10-23,0.0,152.0,521.0,vol_48_no_45-english.pdf,7.0,48,45,2021
438,2021-10-30,0.0,79.0,260.0,vol_48_no_46-english.pdf,7.0,48,46,2021
439,2021-11-06,0.0,94.0,310.0,vol_48_no_47-english.pdf,7.0,48,47,2021
440,2021-11-13,0.0,94.0,362.0,vol_48_no_48-english.pdf,7.0,48,48,2021
441,2021-11-20,0.0,160.0,442.0,vol_48_no_49-english.pdf,7.0,48,49,2021
442,2021-11-27,0.0,322.0,1009.0,vol_48_no_50-english.pdf,7.0,48,50,2021
443,2021-12-04,0.0,246.0,626.0,vol_48_no_51-english.pdf,7.0,48,51,2021
444,2021-12-11,0.0,0.0,761.0,vol_48_no_52-english.pdf,7.0,48,52,2021
445,2021-12-11,0.0,0.0,761.0,vol_48_no_52-english.pdf,0.0,48,52,2021
446,2021-12-25,0.0,1.0,762.0,vol_49_no_01-english.pdf,14.0,49,1,2022
447,2022-01-01,0.0,390.0,683.0,vol_49_no_02-english_2.pdf,7.0,49,2,2022
448,2022-01-08,0.0,257.0,793.0,vol_49_no_03-english_2.pdf,7.0,49,3,2022
449,2022-01-15,0.0,270.0,771.0,vol_49_no_04-english_1.pdf,7.0,49,4,2022
450,2022-01-22,0.0,262.0,719.0,vol_49_no_05-english_1.pdf,7.0,49,5,2022
451,2022-01-29,0.0,247.0,727.0,vol_49_no_06-english.pdf,7.0,49,6,2022
452,2022-02-12,0.0,242.0,496.0,vol_49_no_08-english_2.pdf,14.0,49,8,2022
453,2022-02-19,0.0,208.0,544.0,vol_49_no_09-english.pdf,7.0,49,9,2022
454,2022-02-26,0.0,182.0,515.0,vol_49_no_10-english.pdf,7.0,49,10,2022
455,2022-03-05,0.0,182.0,577.0,vol_49_no_11-english.pdf,7.0,49,11,2022
456,2022-03-12,0.0,187.0,547.0,vol_49_no_12-english.pdf,7.0,49,12,2022
457,2022-03-19,0.0,150.0,512.0,vol_49_no_13-english.pdf,7.0,49,13,2022
458,2022-03-26,0.0,150.0,458.0,vol_49_no_14-english.pdf,7.0,49,14,2022
